!qaz1qaz
!qaz2wsx
!qazxsw2
#xxxpass
$andmann
$tatyana09$
$uk@bly@t
$uperman
%%passwo
%e2%82%ac
(unverified
********
*********
****face
****you2
..byvulwjjrqg
..lzkihcswipo
..qlvvcvdeero
..xrlqiyeopco
.adgjmptw
0.0.0.000
0.0.0.050
00000000
000000000
0000000000
00000000000
000000000000
000000000000000
00000000000000000000
0000000000a
0000000000d
0000000000o
00000000a
00000000q
00000001
00000007
00000008
00000011
00000012
00000069
000000qq
0000011111
000001234
00001111
00001234
00001742
00001976
00001982
00002000
00004444
00006666
00007777
00008475
00008888
00009870
00009999
0000aaaa
0000zzzz
00010001
000111000
000111222
00011202
00044370
00055000
00069147
00070007
000777fff
000777fffa
000821440
00096462
000999888
000wichh
000xxx000
001002003
00110011
00112233
0011223344
00113434
00114477
00119922
00120012
00130013
0014569326m
00170017
00190019
00197400
00199300
00212100vova
00220022
00230023
00250025
00250025abc
002543200254
00260700
00336900
003hacke
00478963
00560056
0057elis
005maggie
00620062
00690069
00700000
00700070
00700700
007007007
007008009
00710071
00770077
007chpowe
007dante
007james
00948230
00980098
00990099
00998877
0099887766
00bs1875
00d31044
00hacker
00knock0
00oooo00
00rdtsau4leyzunckj121dwm
00sieben
01001011
01010101
0101010101
01010202
01011900
01011901
01011909
01011910
01011911
01011912
01011913
01011917
01011920
01011923
01011930
01011940
01011941
01011942
01011944
01011945
01011946
01011947
01011948
01011949
01011950
01011951
01011952
01011953
01011954
01011954m
01011955
01011956
01011957
01011958
01011959
01011960
01011961
01011961n
01011962
01011963
01011964
01011965
01011966
01011967
01011968
01011969
01011970
01011971
01011971n
01011972
01011973
01011974
01011975
01011976
01011976m
01011977
01011978
01011979
01011979n
01011980
01011980n
01011981
01011981m
01011981n
01011982
01011983
01011984
01011984m
01011985
01011985m
01011986
01011986n
01011987
01011987n
01011988
01011988n
01011989
01011990
01011990m
01011990n
01011991
01011991m
01011991n
01011992
01011993
01011993j
01011994
01011995
01011995i
01011996
01011997
01011998
01011999
01012000
01012001
01012002
01012003
01012004
01012005
01012006
01012007
01012008
01012009
01012010
01012011
01012012
01013441
01020102
010203010203
01020304
010203040
0102030405
01020304050
010203040506
010203040506070809
0102030405da
01020304a
01020345
010203asd
01021900
01021910
01021946
01021947
01021949
01021950
01021951
01021952
01021953
01021954
01021955
01021956
01021957
01021958
01021959
01021960
01021961
01021962
01021963
01021964
01021965
01021966
01021967
01021968
01021969
01021970
01021971
01021972
01021972n
01021973
01021974
01021975
01021976
01021977
01021978
01021979
01021980
01021981
01021982
01021983
01021984
01021984m
01021985
01021986
01021987
01021988
01021989
01021990
01021991
01021992
01021993
01021994
01021995
01021996
01021997
01021998
01021999
01022000
01022001
01022002
01022004
01022005
01022006
01022007
01022008
01022009
01022010
01022011
01030103
01031900
01031948
01031949
01031950
01031951
01031952
01031953
01031954
01031955
01031956
01031957
01031958
01031959
01031960
01031961
01031962
01031963
01031964
01031965
01031966
01031967
01031968
01031969
01031970
01031971
01031972
01031973
01031974
01031975
01031976
01031977
01031978
01031979
01031980
01031980n
01031981
01031982
01031983
01031984
01031985
01031986
01031987
01031988
01031989
01031990
01031991
01031992
01031993
01031994
01031995
01031996
01031997
01031998
01031999
01032000
01032001
01032002
01032003
01032004
01032005
01032006
01032007
01032008
01032009
01032010
01032011
01040104
01041900
01041910
01041946
01041947
01041948
01041949
01041950
01041951
01041952
01041953
01041954
01041955
01041956
01041957
01041958
01041959
01041960
01041961
01041962
01041963
01041964
01041965
01041966
01041967
01041968
01041969
01041970
01041971
01041972
01041973
01041974
01041975
01041976
01041977
01041978
01041979
01041980
01041981
01041981n
01041982
01041983
01041984
01041985
01041986
01041987
01041988
01041989
01041989m
01041990
01041991
01041992
01041993
01041994
01041995
01041996
01041997
01041998
01041999
01042000
01042001
01042002
01042003
01042004
01042005
01042006
01042007
01042008
01042009
01042010
01042011
01050105
01051943
01051945
01051946
01051947
01051948
01051949
01051950
01051951
01051952
01051953
01051954
01051955
01051956
01051957
01051958
01051959
01051959n
01051960
01051961
01051962
01051963
01051964
01051965
01051966
01051966m
01051967
01051968
01051969
01051970
01051971
01051972
01051973
01051974
01051975
01051976
01051977
01051978
01051979
01051980
01051981
01051982
01051983
01051984
01051985
01051986
01051987
01051988
01051989
01051990
01051991
01051992
01051993
01051994
01051995
01051996
01051997
01051998
01051999
01052000
01052001
01052002
01052003
01052004
01052005
01052006
01052007
01052008
01052009
01052010
01052011
01057373
01060106
01061942
01061951
01061952
01061953
01061954
01061955
01061956
01061957
01061958
01061959
01061960
01061961
01061962
01061963
01061964
01061965
01061966
01061967
01061968
01061969
01061970
01061971
01061972
01061973
01061974
01061975
01061976
01061977
01061978
01061979
01061980
01061981
01061982
01061983
01061984
01061985
01061986
01061987
01061988
01061989
01061990
01061991
01061991z
01061992
01061993
01061994
01061995
01061996
01061997
01061998
01061999
01062000
01062001
01062002
01062003
01062004
01062005
01062006
01062007
01062010
01062011
01070107
01071900
01071947
01071948
01071949
01071950
01071951
01071952
01071953
01071954
01071955
01071956
01071957
01071958
01071959
01071960
01071961
01071962
01071963
01071964
01071965
01071966
01071967
01071968
01071968m
01071969
01071970
01071971
01071972
01071973
01071974
01071975
01071976
01071977
01071978
01071979
01071980
01071981
01071982
01071983
01071984
01071985
01071986
01071987
01071988
01071989
01071990
01071991
01071992
01071993
01071994
01071995
01071996
01071997
01071998
01071999
01072000
01072001
01072002
01072003
01072005
01072006
01072007
01072008
01072009
01072010
01072011
01080108
01081946
01081949
01081950
01081951
01081952
01081953
01081954
01081955
01081956
01081957
01081958
01081959
01081960
01081961
01081962
01081963
01081964
01081965
01081966
01081967
01081968
01081969
01081970
01081971
01081972
01081973
01081974
01081975
01081976
01081977
01081978
01081979
01081980
01081981
01081982
01081983
01081984
01081985
01081986
01081987
01081988
01081988m
01081989
01081990
01081991
01081992
01081993
01081994
01081995
01081996
01081997
01081998
01081999
01082000
01082001
01082002
01082003
01082004
01082006
01082007
01082008
01082009
01082010
01082011
010823dfcz
01090109
01091900
01091910
01091939
01091945
01091946
01091948
01091949
01091950
01091951
01091952
01091953
01091954
01091955
01091956
01091957
01091958
01091959
01091960
01091961
01091962
01091963
01091964
01091965
01091966
01091967
01091968
01091969
01091970
01091971
01091972
01091973
01091974
01091975
01091976
01091977
01091978
01091979
01091980
01091981
01091982
01091983
01091984
01091985
01091986
01091987
01091988
01091988n
01091989
01091990
01091990n
01091991
01091992
01091993
01091994
01091995
01091996
01091997
01091998
01091999
01092000
01092001
01092002
01092003
01092004
01092005
01092006
01092007
01092008
01092009
01092010
01092011
01100110
01101900
01101945
01101949
01101950
01101951
01101952
01101953
01101954
01101955
01101956
01101957
01101958
01101959
01101960
01101961
01101962
01101963
01101964
01101965
01101966
01101967
01101968
01101969
01101970
01101971
01101972
01101973
01101974
01101975
01101976
01101977
01101978
01101979
01101980
01101981
01101982
01101983
01101984
01101985
01101986
01101987
01101988
01101989
01101990
01101991
01101992
01101992n
01101993
01101994
01101995
01101996
01101997
01101998
01101999
01102000
01102001
01102002
01102003
01102004
01102005
01102007
01102008
01102010
01102011
01111900
01111946
01111948
01111949
01111950
01111952
01111953
01111954
01111955
01111956
01111957
01111958
01111959
01111960
01111961
01111962
01111963
01111964
01111965
01111966
01111967
01111968
01111969
01111970
01111971
01111972
01111973
01111974
01111975
01111976
01111977
01111978
01111979
01111980
01111981
01111982
01111983
01111984
01111985
01111986
01111987
01111988
01111989
01111990
01111991
01111992
01111993
01111994
01111995
01111996
01111997
01111998
01111999
01112000
01112001
01112002
01112003
01112004
01112005
01112006
01112007
01112008
01112009
01112010
01112011
01120112
01121900
01121910
01121946
01121947
01121949
01121950
01121951
01121952
01121954
01121955
01121956
01121957
01121958
01121959
01121960
01121961
01121962
01121963
01121964
01121965
01121966
01121967
01121968
01121969
01121970
01121971
01121972
01121973
01121974
01121975
01121976
01121977
01121978
01121979
01121980
01121981
01121982
01121983
01121984
01121985
01121986
01121987
01121988
01121989
01121990
01121991
01121992
01121993
01121994
01121995
01121995d
01121996
01121997
01121998
01121999
01122000
01122001
01122002
01122003
01122004
01122005
01122006
01122007
01122009
01122010
01122011
011235813
01123581321
01129008
01130113
01150115
01160116
01161997
01169385
01170117
01200120
01210121
01220122
01220507
01230123
01233210
01234567
012345678
0123456789
01234567890
012345678910
0123456789a
0123456789q
0123456789z
0123456a
0123654789
0123698745
01240124
01250125
01280128
01281983
01281987
01281989
012880bs
01290129
01300130
01310131
01380138
013cpfza
01410000
01410141
01430143
01440144
01448699
01450184
01470147
01470258
014702580369
0147258369
01477410
01478520
0147852369
01478963
014789632
0147896325
0147896325you
01530153
01540154
01550155
015536822v
01560156
01630082
01680168
01740174
01870187
01928374
0192837465
01973500
01ferbie
01ranger
01sharon
01t09j2004
01telemike01
01zach01
02011947
02011948
02011949
02011950
02011951
02011952
02011953
02011954
02011955
02011956
02011957
02011958
02011959
02011960
02011961
02011962
02011963
02011964
02011965
02011966
02011967
02011968
02011969
02011970
02011971
02011972
02011973
02011974
02011975
02011976
02011977
02011978
02011979
02011980
02011981
02011982
02011983
02011984
02011985
02011986
02011987
02011988
02011989
02011990
02011991
02011992
02011993
02011994
02011995
02011996
02011997
02011998
02011999
02012000
02012001
02012002
02012003
02012004
02012005
02012006
02012008
02012009
02012010
02012011
02020202
02021900
02021910
02021945
02021947
02021949
02021950
02021951
02021952
02021953
02021954
02021955
02021956
02021957
02021958
02021959
02021960
02021961
02021962
02021963
02021964
02021965
02021966
02021967
02021968
02021969
02021970
02021971
02021972
02021973
02021974
02021975
02021976
02021977
02021978
02021979
02021980
02021981
02021982
02021983
02021984
02021985
02021986
02021987
02021988
02021989
02021990
02021991
02021991n
02021992
02021993
02021994
02021995
02021996
02021997
02021998
02021999
02022000
02022001
02022002
02022003
02022004
02022005
02022006
02022007
02022008
02022009
02022010
02022011
02030203
02030405
02031946
02031947
02031948
02031949
02031950
02031952
02031953
02031954
02031955
02031956
02031957
02031958
02031959
02031960
02031961
02031962
02031963
02031964
02031965
02031966
02031967
02031968
02031969
02031970
02031971
02031972
02031973
02031974
02031975
02031976
02031977
02031978
02031979
02031980
02031981
02031982
02031983
02031984
02031985
02031986
02031987
02031988
02031989
02031990
02031991
02031992
02031993
02031994
02031995
02031996
02031997
02031998
02031999
02032000
02032001
02032002
02032003
02032004
02032005
02032006
02032007
02032008
02032009
02032010
02032011
02040204
02040608
02041950
02041951
02041952
02041953
02041954
02041955
02041956
02041957
02041958
02041959
02041960
02041961
02041962
02041963
02041964
02041965
02041966
02041967
02041968
02041969
02041970
02041971
02041972
02041973
02041974
02041975
02041976
02041977
02041978
02041979
02041980
02041981
02041982
02041983
02041983ua
02041984
02041985
02041986
02041987
02041988
02041989
02041990
02041991
02041992
02041993
02041994
02041995
02041996
02041997
02041998
02041999
02042000
02042001
02042002
02042004
02042005
02042006
02042007
02042008
02042009
02042010
02042011
02050205
02050303s
02051949
02051950
02051952
02051953
02051954
02051955
02051956
02051957
02051958
02051959
02051960
02051961
02051962
02051963
02051964
02051965
02051966
02051967
02051968
02051969
02051970
02051971
02051972
02051973
02051974
02051975
02051976
02051977
02051978
02051979
02051980
02051981
02051982
02051983
02051984
02051985
02051986
02051987
02051988
02051989
02051990
02051991
02051992
02051993
02051994
02051995
02051996
02051997
02051998
02051999
02052000
02052001
02052002
02052003
02052005
02052006
02052007
02052008
02052010
02061195
02061948
02061951
02061953
02061954
02061955
02061956
02061957
02061958
02061959
02061960
02061961
02061962
02061963
02061964
02061965
02061966
02061967
02061968
02061969
02061970
02061971
02061972
02061973
02061974
02061975
02061976
02061977
02061978
02061979
02061980
02061981
02061982
02061983
02061984
02061985
02061986
02061987
02061988
02061989
02061990
02061991
02061992
02061993
02061994
02061995
02061996
02061997
02061998
02061999
02062000
02062001
02062002
02062003
02062005
02062006
02062007
02062008
02062009
02062010
02070207
02071947
02071951
02071952
02071953
02071954
02071955
02071956
02071958
02071959
02071960
02071961
02071962
02071963
02071964
02071965
02071966
02071967
02071968
02071969
02071970
02071971
02071972
02071973
02071974
02071975
02071976
02071977
02071978
02071979
02071980
02071981
02071982
02071983
02071984
02071985
02071986
02071987
02071988
02071989
02071990
02071991
02071992
02071993
02071994
02071995
02071996
02071997
02071998
02071999
02072000
02072001
02072003
02072005
02072007
02072008
02072009
02072010
02080208
02081930
02081946
02081948
02081949
02081951
02081952
02081953
02081954
02081955
02081956
02081957
02081958
02081959
02081960
02081961
02081962
02081963
02081964
02081965
02081966
02081967
02081968
02081969
02081970
02081971
02081972
02081973
02081974
02081975
02081976
02081977
02081978
02081979
02081980
02081981
02081982
02081983
02081984
02081985
02081986
02081987
02081988
02081989
02081990
02081991
02081992
02081993
02081994
02081995
02081996
02081997
02081998
02081999
02082000
02082001
02082002
02082003
02082004
02082005
02082008
02091947
02091948
02091950
02091951
02091952
02091953
02091954
02091955
02091956
02091957
02091958
02091959
02091960
02091961
02091962
02091963
02091964
02091965
02091966
02091967
02091968
02091969
02091970
02091971
02091972
02091973
02091974
02091975
02091976
02091977
02091978
02091979
02091980
02091981
02091982
02091983
02091984
02091985
02091986
02091987
02091988
02091989
02091990
02091991
02091992
02091993
02091994
02091995
02091996
02091997
02091998
02091999
02092000
02092002
02092003
02092004
02092005
02092006
02100210
02101947
02101949
02101950
02101951
02101952
02101953
02101954
02101955
02101956
02101957
02101958
02101959
02101960
02101961
02101962
02101963
02101964
02101965
02101966
02101967
02101968
02101969
02101970
02101971
02101972
02101973
02101974
02101975
02101976
02101977
02101978
02101979
02101980
02101981
02101982
02101983
02101984
02101985
02101986
02101987
02101988
02101989
02101989n
02101990
02101991
02101992
02101993
02101994
02101995
02101996
02101997
02101998
02101999
02102000
02102001
02102002
02102003
02102004
02102008
02102010
02106502
02110211
02111946
02111947
02111950
02111951
02111952
02111953
02111954
02111955
02111956
02111957
02111958
02111959
02111960
02111961
02111962
02111963
02111964
02111965
02111966
02111967
02111968
02111969
02111970
02111971
02111972
02111973
02111974
02111975
02111976
02111977
02111978
02111979
02111980
02111981
02111982
02111983
02111984
02111985
02111986
02111987
02111988
02111989
02111990
02111991
02111992
02111993
02111994
02111995
02111996
02111997
02111998
02111999
02112000
02112001
02112002
02112006
02112007
02112008
02112010
021170bn
02120212
02121947
02121950
02121951
02121952
02121953
02121954
02121955
02121956
02121957
02121958
02121959
02121960
02121961
02121962
02121963
02121964
02121965
02121966
02121967
02121968
02121969
02121970
02121971
02121972
02121973
02121973n
02121974
02121975
02121976
02121977
02121978
02121979
02121980
02121981
02121982
02121983
02121984
02121985
02121986
02121987
02121988
02121989
02121990
02121991
02121992
02121993
02121994
02121995
02121996
02121997
02121998
02121999
02122000
02122001
02122002
02122003
02122004
02122005
02122006
02122009
02130213
02140214
02143006
02150579
021654922r
02171978
02180218
02190822
02201974
02210221
02240224
02250225
02251966
022541boda
02261943
02280228
02310231
023134511
023138512
02390239
02420242
02430243
02460246
02510370
02551670
02580258
025802588520
02587410
02588520
02600260
02650265
02840284
02868901
02920292
02987654321
02harley
02toad21
03010301
03011947
03011948
03011949
03011950
03011951
03011952
03011954
03011955
03011956
03011957
03011958
03011959
03011960
03011961
03011962
03011963
03011964
03011965
03011966
03011967
03011968
03011969
03011970
03011971
03011972
03011973
03011974
03011975
03011976
03011977
03011978
03011979
03011980
03011981
03011982
03011983
03011984
03011985
03011986
03011987
03011988
03011989
03011990
03011991
03011992
03011993
03011994
03011995
03011996
03011997
03011998
03011999
03012000
03012001
03012002
03012003
03012008
03012010
03012011
030166ase90
030169dennis
03020302
03021949
03021950
03021952
03021953
03021954
03021955
03021956
03021957
03021958
03021959
03021960
03021961
03021962
03021963
03021964
03021965
03021966
03021967
03021968
03021969
03021970
03021971
03021972
03021973
03021974
03021975
03021976
03021977
03021978
03021979
03021980
03021981
03021982
03021983
03021983m
03021984
03021985
03021986
03021987
03021988
03021989
03021990
03021991
03021992
03021993
03021994
03021995
03021996
03021997
03021998
03021999
03022000
03022001
03022002
03022003
03022004
03022005
03022006
03022007
03022008
03022009
03022010
03022011
03030303
03031900
03031946
03031949
03031950
03031951
03031952
03031953
03031954
03031955
03031956
03031957
03031958
03031959
03031960
03031961
03031962
03031963
03031964
03031965
03031966
03031967
03031968
03031969
03031970
03031971
03031972
03031973
03031974
03031975
03031976
03031977
03031978
03031979
03031980
03031981
03031982
03031983
03031984
03031985
03031986
03031987
03031988
03031988m
03031989
03031990
03031991
03031992
03031993
03031993m
03031994
03031995
03031996
03031997
03031998
03031999
03032000
03032001
03032002
03032003
03032004
03032005
03032006
03032007
03032008
03032009
03032010
03032011
030394ann
03040304
03041948
03041949
03041950
03041951
03041953
03041954
03041955
03041956
03041957
03041958
03041959
03041960
03041961
03041962
03041963
03041964
03041965
03041966
03041967
03041968
03041969
03041970
03041971
03041972
03041973
03041974
03041975
03041976
03041977
03041978
03041979
03041980
03041981
03041982
03041983
03041984
03041985
03041986
03041987
03041988
03041989
03041990
03041991
03041992
03041993
03041994
03041995
03041996
03041997
03041998
03041999
03042000
03042001
03042002
03042003
03042004
03042005
03042006
03042007
03042008
03042009
03042010
03047822
03050305
03051950
03051951
03051952
03051953
03051954
03051955
03051956
03051957
03051958
03051959
03051960
03051961
03051962
03051963
03051964
03051965
03051966
03051967
03051968
03051969
03051970
03051971
03051972
03051973
03051974
03051975
03051976
03051977
03051978
03051979
03051980
03051981
03051982
03051983
03051984
03051985
03051986
03051987
03051988
03051989
03051990
03051991
03051992
03051993
03051994
03051995
03051995az
03051996
03051997
03051998
03051999
03052000
03052001
03052002
03052003
03052004
03052005
03052006
03052007
03052008
03052009
03052010
03056114
03060306
03061949
03061950
03061954
03061955
03061956
03061957
03061958
03061959
03061960
03061961
03061962
03061963
03061964
03061965
03061966
03061967
03061968
03061969
03061970
03061971
03061972
03061973
03061974
03061975
03061976
03061977
03061978
03061979
03061980
03061981
03061982
03061983
03061984
03061985
03061986
03061987
03061988
03061989
03061989m
03061990
03061991
03061992
03061993
03061994
03061995
03061996
03061997
03061998
03061999
03062000
03062001
03062002
03062003
03062004
03062005
03062006
03062007
03062008
03062009
03062010
03062011
03070307
03071947
03071951
03071952
03071953
03071954
03071955
03071956
03071957
03071958
03071959
03071960
03071961
03071962
03071963
03071964
03071965
03071966
03071967
03071968
03071969
03071970
03071971
03071972
03071973
03071974
03071975
03071976
03071977
03071978
03071979
03071980
03071981
03071982
03071983
03071984
03071985
03071986
03071987
03071987m
03071988
03071989
03071990
03071991
03071992
03071993
03071994
03071995
03071996
03071997
03071998
03071999
03072000
03072001
03072002
03072005
03072008
03072010
03080308
03081946
03081949
03081950
03081951
03081953
03081954
03081955
03081956
03081957
03081958
03081959
03081960
03081961
03081962
03081963
03081964
03081965
03081966
03081967
03081968
03081969
03081970
03081971
03081972
03081973
03081974
03081975
03081976
03081977
03081978
03081979
03081980
03081981
03081982
03081983
03081984
03081985
03081985n
03081986
03081987
03081988
03081989
03081990
03081991
03081992
03081993
03081994
03081995
03081996
03081997
03081998
03081999
03082000
03082001
03082002
03082006
03082007
03091946
03091948
03091950
03091951
03091952
03091953
03091954
03091955
03091956
03091957
03091958
03091959
03091960
03091961
03091962
03091963
03091964
03091965
03091966
03091967
03091968
03091969
03091970
03091971
03091972
03091973
03091974
03091975
03091976
03091977
03091978
03091979
03091980
03091981
03091982
03091983
03091984
03091985
03091986
03091987
03091988
03091988m
03091989
03091990
03091991
03091992
03091993
03091994
03091995
03091996
03091997
03091998
03091999
03092000
03092001
03092002
03092003
03092004
03092005
03092006
03092007
03092008
03092009
03092010
03100310
03101942
03101950
03101951
03101952
03101953
03101954
03101955
03101956
03101957
03101958
03101959
03101960
03101961
03101962
03101963
03101964
03101965
03101966
03101967
03101968
03101969
03101970
03101971
03101972
03101973
03101974
03101975
03101976
03101977
03101978
03101979
03101980
03101981
03101982
03101983
03101984
03101985
03101986
03101987
03101988
03101989
03101990
03101991
03101992
03101993
03101994
03101995
03101996
03101997
03101998
03101999
03102000
03102001
03102002
03102003
03102004
03102005
03102006
03102007
03102008
031060220793
03110311
03110823
03111948
03111951
03111952
03111953
03111954
03111955
03111956
03111957
03111958
03111959
03111960
03111961
03111962
03111963
03111964
03111965
03111966
03111967
03111968
03111969
03111970
03111971
03111972
03111973
03111974
03111975
03111976
03111977
03111978
03111979
03111980
03111981
03111982
03111983
03111984
03111985
03111986
03111987
03111988
03111989
03111990
03111991
03111992
03111993
03111994
03111995
03111996
03111997
03111998
03111999
03112000
03112001
03112005
03112006
03112007
03112008
03120312
03121944
03121950
03121952
03121953
03121954
03121955
03121956
03121957
03121958
03121959
03121960
03121961
03121962
03121963
03121964
03121965
03121966
03121967
03121968
03121969
03121970
03121971
03121972
03121973
03121974
03121975
03121976
03121977
03121978
03121979
03121980
03121981
03121982
03121983
03121984
03121985
03121986
03121987
03121988
03121989
03121990
03121991
03121992
03121993
03121994
03121995
03121996
03121997
03121998
03121999
03122000
03122001
03122002
03122004
03122005
03122006
03122007
03130313
03140314
03141516
03160316
03180318
03191975
03210321
03224821016
03230812
03231962
03250325
03270327
03300330
033028pw
0330xx3s
0331011ad
03330333
03410341
03434111340
03440344
03570357
03580358
03590359
03600360
03615720
0363199505
03650365
03690369
0384pro2
03jan195
03ma17ri
04010401
04011949
04011950
04011951
04011952
04011954
04011955
04011956
04011957
04011959
04011960
04011961
04011962
04011963
04011964
04011965
04011966
04011967
04011968
04011969
04011970
04011971
04011972
04011973
04011974
04011975
04011976
04011977
04011978
04011979
04011980
04011981
04011982
04011983
04011984
04011985
04011986
04011987
04011988
04011989
04011990
04011991
04011992
04011993
04011994
04011995
04011996
04011997
04011998
04011999
04012000
04012001
04012002
04012003
04012005
04012006
04012008
04012010
04020402
04021950
04021951
04021952
04021953
04021954
04021955
04021956
04021957
04021958
04021959
04021960
04021961
04021962
04021963
04021964
04021965
04021966
04021967
04021968
04021969
04021970
04021971
04021972
04021973
04021974
04021975
04021976
04021977
04021978
04021979
04021980
04021981
04021982
04021983
04021984
04021985
04021986
04021987
04021988
04021989
04021990
04021991
04021992
04021993
04021994
04021995
04021996
04021997
04021998
04021999
04022000
04022001
04022002
04022003
04022004
04022007
04022008
04022009
04022010
04030201
04031949
04031950
04031951
04031953
04031954
04031955
04031956
04031957
04031958
04031959
04031960
04031961
04031962
04031963
04031964
04031965
04031966
04031967
04031968
04031969
04031970
04031971
04031972
04031973
04031974
04031975
04031976
04031977
04031978
04031979
04031980
04031981
04031982
04031983
04031984
04031985
04031986
04031987
04031988
04031989
04031990
04031991
04031992
04031993
04031994
04031995
04031996
04031997
04031998
04031999
04032000
04032001
04032002
04032003
04032004
04032005
04032006
04032007
04032008
04032009
04032010
04032011
04040404
04041900
04041946
04041947
04041949
04041950
04041951
04041952
04041953
04041954
04041955
04041956
04041957
04041958
04041959
04041960
04041961
04041962
04041963
04041964
04041965
04041966
04041967
04041968
04041969
04041970
04041971
04041972
04041973
04041974
04041975
04041976
04041977
04041978
04041979
04041980
04041981
04041982
04041983
04041984
04041985
04041986
04041987
04041988
04041989
04041990
04041991
04041992
04041993
04041994
04041994n
04041995
04041996
04041997
04041998
04041999
04042000
04042001
04042002
04042003
04042004
04042005
04042006
04042007
04042008
04042009
04042010
04048011
040492ab
04050405
04051900
04051948
04051949
04051951
04051952
04051953
04051954
04051955
04051956
04051957
04051958
04051959
04051960
04051961
04051962
04051963
04051964
04051965
04051966
04051967
04051968
04051969
04051970
04051971
04051972
04051973
04051974
04051975
04051976
04051977
04051978
04051979
04051980
04051981
04051982
04051983
04051984
04051985
04051986
04051987
04051988
04051989
04051990
04051990m
04051991
04051992
04051993
04051994
04051995
04051996
04051997
04051998
04051999
04052000
04052001
04052002
04052003
04052004
04052005
04052006
04052007
04052008
04052009
04052011
04061948
04061949
04061950
04061951
04061952
04061953
04061954
04061956
04061957
04061958
04061959
04061960
04061961
04061962
04061963
04061963maryan
04061964
04061965
04061966
04061967
04061968
04061969
04061970
04061971
04061972
04061973
04061974
04061975
04061976
04061977
04061978
04061979
04061980
04061981
04061982
04061983
04061984
04061985
04061986
04061987
04061988
04061989
04061990
04061991
04061992
04061993
04061994
04061995
04061995m
04061996
04061997
04061998
04061999
04062001
04062003
04062004
04062005
04062006
04062007
04062010
04070407
04071950
04071951
04071952
04071955
04071956
04071957
04071958
04071959
04071960
04071961
04071962
04071963
04071965
04071966
04071967
04071968
04071969
04071970
04071971
04071972
04071973
04071974
04071975
04071976
04071977
04071978
04071979
04071980
04071981
04071982
04071983
04071984
04071985
04071986
04071987
04071988
04071989
04071990
04071991
04071992
04071993
04071994
04071995
04071996
04071997
04071998
04071999
04072000
04072001
04072002
04072003
04072005
04072006
04072007
04072008
04080408
04081951
04081952
04081954
04081955
04081956
04081957
04081958
04081959
04081960
04081961
04081962
04081963
04081964
04081965
04081966
04081967
04081968
04081969
04081970
04081971
04081972
04081973
04081974
04081975
04081976
04081977
04081978
04081979
04081980
04081981
04081982
04081983
04081984
04081985
04081986
04081987
04081988
04081989
04081990
04081991
04081992
04081993
04081994
04081995
04081996
04081997
04081998
04081999
04082000
04082001
04082003
04082004
04082006
04082007
04082008
04082010
04091948
04091950
04091952
04091953
04091954
04091955
04091956
04091957
04091958
04091959
04091960
04091961
04091962
04091963
04091964
04091965
04091966
04091967
04091968
04091969
04091970
04091971
04091972
04091973
04091974
04091975
04091976
04091977
04091978
04091979
04091980
04091981
04091982
04091983
04091984
04091985
04091986
04091987
04091988
04091989
04091990
04091991
04091992
04091993
04091994
04091995
04091996
04091997
04091998
04091999
04092000
04092001
04092002
04092004
04100410
04101949
04101950
04101951
04101953
04101954
04101955
04101956
04101957
04101958
04101959
04101960
04101961
04101962
04101963
04101964
04101965
04101966
04101967
04101968
04101969
04101970
04101971
04101972
04101973
04101974
04101975
04101976
04101977
04101978
04101979
04101980
04101981
04101982
04101983
04101984
04101985
04101986
04101987
04101988
04101989
04101990
04101991
04101992
04101993
04101994
04101995
04101996
04101997
04101998
04101999
04102000
04102001
04102002
04102003
04110411
04111943
04111947
04111949
04111951
04111953
04111954
04111955
04111956
04111957
04111958
04111959
04111960
04111961
04111962
04111963
04111964
04111965
04111966
04111967
04111968
04111969
04111970
04111971
04111972
04111973
04111974
04111975
04111976
04111977
04111978
04111979
04111980
04111981
04111982
04111983
04111984
04111985
04111986
04111987
04111988
04111989
04111990
04111991
04111992
04111993
04111994
04111995
04111996
04111997
04111998
04111999
04112000
04112001
04112002
04112003
04112005
04112006
0411vlad
04120412
04121946
04121949
04121951
04121952
04121953
04121954
04121955
04121956
04121958
04121959
04121960
04121961
04121962
04121963
04121964
04121965
04121966
04121967
04121968
04121969
04121970
04121971
04121972
04121973
04121974
04121975
04121976
04121977
04121978
04121979
04121980
04121981
04121982
04121983
04121984
04121985
04121986
04121987
04121988
04121989
04121990
04121991
04121992
04121993
04121994
04121995
04121996
04121997
04121998
04121999
04122000
04122001
04122002
04122003
04122006
04122007
04122009
04130413
04140414
04181955
04190419
04200420
04210421
04221976
04230423
04231972
04260426
04261963
04261980
04300340z
04300430
04301981
04322340
04325956
04330433
04340434
04398004616
04401bro
04460446
04510451
04560456
04690469
048jhn42
04920492
0495845368
04975756
04accord
04yvette
05010501
05011945
05011947
05011948
05011949
05011950
05011952
05011953
05011954
05011955
05011956
05011957
05011958
05011959
05011960
05011961
05011962
05011963
05011964
05011965
05011966
05011967
05011968
05011969
05011970
05011971
05011972
05011973
05011974
05011975
05011976
05011977
05011978
05011979
05011980
05011981
05011982
05011983
05011984
05011985
05011986
05011987
05011988
05011989
05011990
05011991
05011992
05011993
05011994
05011995
05011996
05011997
05011998
05011999
05012000
05012001
05012002
05012003
05012004
05012005
05012006
05012008
05020502
05021947
05021948
05021949
05021950
05021951
05021952
05021953
05021954
05021955
05021956
05021957
05021958
05021959
05021960
05021961
05021962
05021963
05021964
05021965
05021966
05021967
05021968
05021969
05021970
05021971
05021972
05021973
05021974
05021975
05021976
05021977
05021978
05021979
05021980
05021981
05021982
05021983
05021984
05021985
0502198531
05021986
05021987
05021988
05021989
05021990
05021991
05021991inna
05021992
05021993
05021994
05021995
05021996
05021997
05021998
05021999
05022000
05022001
05022002
05022003
05022004
05022006
05022007
05022008
05022009
05022010
05030503
05031949
05031950
05031952
05031953
05031954
05031955
05031956
05031957
05031958
05031959
05031960
05031961
05031962
05031963
05031964
05031965
05031966
05031967
05031968
05031969
05031970
05031971
05031972
05031973
05031974
05031975
05031976
05031977
05031978
05031979
05031980
05031981
05031982
05031983
05031984
05031985
05031986
05031987
05031988
05031989
05031990
05031991
05031992
05031993
05031994
05031995
05031996
05031997
05031998
05031999
05032000
05032001
05032002
05032004
05032005
05032006
05032007
05032008
05032009
05032010
050412053
05041900
05041941
05041950
05041951
05041952
05041953
05041954
05041955
05041956
05041957
05041958
05041959
05041960
05041961
05041962
05041963
05041964
05041965
05041966
05041967
05041968
05041969
05041970
05041971
05041972
05041973
05041974
05041975
05041976
05041977
05041978
05041979
05041980
05041981
05041982
05041983
05041984
05041985
05041986
05041987
05041988
05041989
05041990
05041991
05041992
05041993
05041994
05041995
05041996
05041997
05041998
05041999
05042000
05042001
05042002
05042004
05042005
05042006
05042007
05042008
05042009
05042010
05050505
05051910
05051948
05051951
05051952
05051953
05051954
05051955
05051956
05051957
05051958
05051959
05051960
05051961
05051962
05051963
05051964
05051965
05051966
05051967
05051968
05051969
05051970
05051971
05051972
05051973
05051974
05051975
05051976
05051977
05051978
05051979
05051980
05051981
05051982
05051983
05051984
05051985
05051986
05051987
05051988
05051989
05051990
05051991
05051992
05051993
05051994
05051994m
05051995
05051996
05051997
05051998
05051999
05052000
05052001
05052002
05052003
05052004
05052005
05052006
05052007
05052008
05052009
05052010
05052960303
05060506
050605rostik
0506070809
05061950
05061951
05061953
05061954
05061955
05061956
05061957
05061958
05061959
05061960
05061961
05061962
05061963
05061964
05061965
05061966
05061967
05061968
05061969
05061970
05061971
05061972
05061973
05061974
05061975
05061976
05061977
05061978
05061979
05061980
05061981
05061982
05061983
05061984
05061985
05061986
05061986m
05061987
05061988
05061989
05061990
05061991
05061992
05061993
05061994
05061995
05061996
05061997
05061998
05061999
05062000
05062001
05062002
05062003
05062004
05062005
05062006
05062007
05062008
05062009
05062011
05070507
05071946
05071949
05071950
05071951
05071952
05071954
05071955
05071956
05071957
05071958
05071959
05071960
05071961
05071962
05071963
05071964
05071965
05071966
05071967
05071968
05071969
05071970
05071971
05071972
05071973
05071974
05071975
05071976
05071977
05071978
05071979
05071980
05071981
05071982
05071983
05071984
05071985
05071986
05071987
05071988
05071989
05071990
05071991
05071992
05071993
05071993zxc
05071994
05071995
05071996
05071997
05071998
05071999
05072000
05072001
05072002
05072003
05072004
05072005
05072008
05072009
05072010
05072092
0507729787
05080508
05081947
05081949
05081950
05081951
05081952
05081953
05081954
05081955
05081956
05081957
05081958
05081959
05081960
05081961
05081962
05081963
05081964
05081965
05081966
05081967
05081968
05081969
05081970
05081971
05081972
05081973
05081974
05081975
05081976
05081977
05081978
05081979
05081980
05081981
0508198113
05081982
05081983
05081984
05081985
05081986
05081987
05081988
05081989
05081990
05081991
05081992
05081993
05081994
05081995
05081996
05081997
05081998
05081999
05082000
05082001
05082003
05082004
05082006
05082007
05082011
050894ab
05090509
05091946
05091947
05091948
05091952
05091953
05091954
05091955
05091956
05091957
05091958
05091959
05091960
05091961
05091962
05091963
05091964
05091965
05091966
05091967
05091968
05091969
05091970
05091971
05091972
05091973
05091974
05091975
05091976
05091977
05091978
05091979
05091980
05091981
05091982
05091983
05091984
05091985
05091986
05091987
05091988
05091989
05091990
05091991
05091992
05091993
05091994
05091995
05091996
05091997
05091998
05091999
05092000
05092001
05092002
05092003
05092004
05092005
05092006
05092008
0509228983
05100510
05101943
05101947
05101948
05101951
05101953
05101954
05101955
05101956
05101957
05101958
05101959
05101960
05101961
05101962
05101963
05101964
05101965
05101966
05101968
05101969
05101970
05101971
05101972
05101973
05101974
05101975
05101976
05101977
05101978
05101979
05101980
05101981
05101982
05101983
05101984
05101985
05101986
05101987
05101988
05101989
05101990
05101991
05101991az
05101991m
05101992
05101993
05101994
05101995
05101996
05101997
05101998
05101999
05102000
05102001
05102002
05102005
05102006
05102007
05102008
05110802
05111941
05111944
05111946
05111947
05111948
05111951
05111952
05111953
05111954
05111955
05111956
05111957
05111958
05111959
05111960
05111961
05111962
05111963
05111964
05111965
05111966
05111967
05111968
05111969
05111970
05111971
05111972
05111973
05111974
05111975
05111976
05111977
05111978
05111979
05111980
05111981
05111982
05111982n
05111983
05111984
05111985
05111986
05111987
05111988
05111989
05111990
05111991
05111992
05111993
05111994
05111995
05111996
05111997
05111998
05111999
05112000
05112001
05112002
05112003
05112006
05112007
05112009
05120512
05120821
05121949
05121950
05121951
05121952
05121953
05121954
05121955
05121956
05121957
05121958
05121959
05121960
05121961
05121962
05121963
05121964
05121965
05121966
05121967
05121968
05121969
05121970
05121971
05121972
05121973
05121974
05121975
05121976
05121977
05121978
05121979
05121980
05121981
05121982
05121983
05121984
05121985
05121986
05121987
05121988
05121989
05121990
05121991
05121992
05121993
05121994
05121995
05121996
05121997
05121998
05121999
05122000
05122001
05122002
05122003
05122006
05130513
05131979
05140514
05141200
05150515
05170517
05180518
05210521
05230523
05250525
05260526
0526390960
05280528
052822020
0528325452mr
0528sull
05302722
05310531
05350535
0535vlad
05364335845
05370537
053aruspra350
0542102742
0542312345
0547275964
0547334159
05500550
0551144kolya
05530553
055818135
05710571
05740574
0576558904
057yeja1zpc3ljx8ci
05870587
05876485
05904853
05dagestan05
05nina31
06011900
06011947
06011949
06011950
06011951
06011952
06011953
06011954
06011955
06011956
06011957
06011958
06011959
06011960
06011961
06011962
06011963
06011964
06011965
06011966
06011967
06011968
06011969
06011970
06011971
06011972
06011973
06011974
06011975
06011976
06011977
06011978
06011979
06011980
06011981
06011982
06011983
06011984
06011985
06011986
06011987
06011988
06011989
06011990
06011990n
06011991
06011992
06011993
06011994
06011995
06011996
06011997
06011998
06011999
06012000
06012001
06012002
06012003
06012011
06021945
06021949
06021950
06021951
06021952
06021953
06021954
06021955
06021956
06021957
06021958
06021959
06021960
06021961
06021962
06021963
06021964
06021965
06021966
06021967
06021968
06021969
06021970
06021971
06021972
06021973
06021974
06021975
06021976
06021977
06021978
06021979
06021980
06021981
06021982
06021983
06021984
06021985
06021986
06021987
06021988
06021989
06021990
06021991
06021992
06021993
06021994
06021995
06021996
06021997
06021998
06021999
06022000
06022001
06022002
06022003
06022004
06022006
06022009
06023467
06028006tata
06031939
06031947
06031949
06031952
06031953
06031955
06031956
06031957
06031958
06031959
06031960
06031961
06031962
06031963
06031964
06031965
06031966
06031967
06031968
06031969
06031970
06031971
06031972
06031973
06031974
06031975
06031976
06031977
06031978
06031979
06031980
06031981
06031982
06031983
06031984
06031985
06031986
06031987
06031988
06031989
06031990
06031991
06031992
06031993
06031994
06031995
06031996
06031997
06031998
06031999
06032000
06032001
06032002
06032003
06032006
06032007
06032011
06041949
06041952
06041953
06041954
06041955
06041956
06041957
06041958
06041959
06041960
06041961
06041962
06041963
06041964
06041965
06041966
06041967
06041968
06041969
06041970
06041971
06041972
06041973
06041974
06041975
06041976
06041977
06041978
06041979
06041979n
06041980
06041981
06041982
06041983
06041984
06041985
06041986
06041987
06041988
06041989
06041990
06041991
06041992
06041993
06041994
06041995
06041996
06041997
06041998
06041999
06042000
06042001
06042002
06042003
06042006
06042007
06042008
06042010
06050605
06051948
06051949
06051950
06051951
06051952
06051953
06051954
06051955
06051956
06051957
06051958
06051959
06051960
06051961
06051962
06051963
06051964
06051965
06051966
06051967
06051968
06051969
06051970
06051971
06051972
06051973
06051974
06051975
06051976
06051977
06051978
06051979
06051980
06051981
06051982
06051983
06051984
06051985
06051986
06051987
06051988
06051989
06051990
06051991
06051992
06051993
06051994
06051995
06051996
06051997
06051998
06051999
06052000
06052001
06052003
06052005
06052006
06052008
06052009
06060606
06061944
06061948
06061949
06061950
06061951
06061952
06061953
06061954
06061955
06061956
06061957
06061958
06061959
06061960
06061960m
06061961
06061962
06061963
06061964
06061965
06061966
06061967
06061968
06061969
06061970
06061971
06061972
06061973
06061974
06061975
06061976
06061977
06061978
06061979
06061980
06061981
06061982
06061983
06061984
06061985
06061986
06061987
06061987n
06061988
06061989
06061990
06061991
06061992
06061993
06061994
06061995
06061996
06061997
06061998
06061999
06062000
06062001
06062002
06062003
06062004
06062005
06062006
06062007
06062008
06062009
06070809
06071900
06071949
06071951
06071952
06071953
06071954
06071955
06071956
06071957
06071958
06071959
06071960
06071961
06071962
06071963
06071964
06071965
06071966
06071967
06071968
06071969
06071970
06071971
06071972
06071973
06071974
06071975
06071976
06071977
06071978
06071979
06071980
06071981
06071982
06071983
06071984
06071985
06071986
06071987
06071987a
06071988
06071989
06071990
06071991
06071992
06071993
06071994
06071995
06071996
06071997
06071998
06071999
06072000
06072001
06072002
06072004
0607937a
06081947
06081948
06081951
06081952
06081953
06081954
06081955
06081956
06081957
06081958
06081959
06081960
06081961
06081962
06081963
06081964
06081965
06081966
06081967
06081968
06081969
06081970
06081971
06081972
06081973
06081974
06081975
06081976
06081977
06081978
06081979
06081980
06081981
06081982
06081982h@d!
06081983
06081984
06081985
06081986
06081987
06081988
06081989
06081990
06081991
06081992
06081993
06081994
06081995
06081996
06081997
06081998
06081999
06082000
06082001
06082002
06082003
06082004
06082005
06082007
06082008
06091945
06091946
06091949
06091950
06091952
06091953
06091955
06091956
06091957
06091958
06091959
06091960
06091961
06091962
06091963
06091964
06091965
06091966
06091967
06091968
06091969
06091970
06091971
06091972
06091973
06091974
06091975
06091976
06091977
06091978
06091979
06091980
06091981
06091982
06091983
06091984
06091985
06091986
06091987
06091988
06091989
06091990
06091991
06091992
06091993
06091994
06091995
06091996
06091997
06091998
06091999
06092000
06092001
06092002
06092007
06100610
06101947
06101948
06101949
06101951
06101953
06101954
06101955
06101956
06101957
06101958
06101959
06101960
06101961
06101962
06101963
06101964
06101965
06101966
06101967
06101968
06101969
06101970
06101971
06101972
06101973
06101974
06101975
06101976
06101977
06101978
06101979
06101980
06101981
06101982
06101983
06101984
06101985
06101986
06101987
06101988
06101989
06101990
06101991
06101992
06101993
06101994
06101995
06101996
06101997
06101998
06101999
06102000
06102001
06102002
06102007
06102008
06110611
06111950
06111952
06111953
06111954
06111955
06111956
06111957
06111958
06111959
06111960
06111961
06111962
06111963
06111964
06111965
06111966
06111967
06111968
06111969
06111970
06111971
06111972
06111973
06111974
06111975
06111976
06111977
06111978
06111979
06111980
06111981
06111982
06111983
06111984
06111985
06111986
06111987
06111988
06111989
06111990
06111991
06111992
06111993
06111994
06111995
06111996
06111997
06111998
06111999
06112000
06112001
06112002
06112003
06112004
06112006
06112007
06112009
06120612
06121946
06121949
06121950
06121951
06121952
06121953
06121954
06121955
06121957
06121958
06121959
06121960
06121961
06121962
06121963
06121964
06121965
06121966
06121967
06121968
06121969
06121970
06121971
06121972
06121973
06121974
06121975
06121976
06121977
06121978
06121979
06121980
06121981
06121982
06121983
06121984
06121985
06121986
06121987
06121988
06121989
06121990
06121991
06121992
06121993
06121994
06121995
06121996
06121997
06121998
06121999
06122000
06122001
06122002
06122003
06131998
06160616
06171969
06201968
06225511
06225930
0624poud
06251106
06260626
06300630
0632835141
063dyjuy
065895952
06600660
06611660
06660666
06680668
066hacke
067409180
067409181
06790679
0685817823
06860686
06890689
069118721456
069213124
069272815
069352250
069430931
06degree
07010701
07011953
07011954
07011955
07011956
07011957
07011958
07011959
07011960
07011961
07011962
07011963
07011964
07011965
07011966
07011967
07011968
07011969
07011970
07011971
07011972
07011973
07011974
07011975
07011976
07011977
07011978
07011979
07011980
07011981
07011982
07011983
07011983m
07011984
07011985
07011986
07011987
07011988
07011989
07011990
07011991
07011992
07011993
07011994
07011995
07011996
07011997
07011998
07011999
07012000
07012001
07012002
07012004
07012006
07012008
07012009
07012010
07012011
070210aa
07021947
07021950
07021951
07021952
07021953
07021954
07021955
07021956
07021957
07021958
07021959
07021960
07021961
07021962
07021963
07021964
07021965
07021966
07021967
07021968
07021969
07021970
07021971
07021972
07021973
07021974
07021975
07021976
07021977
07021978
07021979
07021980
07021981
07021982
07021983
07021984
07021985
07021986
07021987
07021988
07021989
07021990
07021991
07021992
07021993
07021994
07021995
07021996
07021997
07021998
07021999
07022000
07022001
07022002
07022003
07022005
07022006
070289070289
07031948
07031949
07031950
07031951
07031952
07031953
07031954
07031955
07031956
07031957
07031958
07031959
07031960
07031961
07031962
07031963
07031964
07031964n
07031965
07031966
07031967
07031968
07031969
07031970
07031971
07031972
07031973
07031974
07031975
07031976
07031977
07031978
07031979
07031980
07031981
07031982
07031983
07031984
07031985
07031986
07031987
07031988
07031989
07031990
07031991
07031992
07031993
07031994
07031995
07031996
07031997
07031998
07031999
07032000
07032001
07032002
07032003
07032004
07032006
07032008
07032011
07040704
07041949
07041951
07041952
07041953
07041954
07041955
07041956
07041957
07041958
07041959
07041960
07041961
07041962
07041963
07041964
07041965
07041966
07041967
07041968
07041969
07041970
07041971
07041972
07041973
07041974
07041975
07041976
07041977
07041978
07041979
07041980
07041981
07041982
07041983
07041984
07041985
07041986
07041987
07041988
07041989
07041990
07041991
07041992
07041993
07041994
07041995
07041996
07041997
07041998
07041999
07042000
07042001
07042002
07042004
07042005
07042007
07042009
07042011
07050705
07051900
07051946
07051949
07051950
07051952
07051954
07051955
07051956
07051957
07051958
07051959
07051960
07051961
07051962
07051963
07051964
07051965
07051966
07051967
07051968
07051969
07051970
07051971
07051972
07051973
07051974
07051975
07051976
07051977
07051978
07051979
07051980
07051981
07051981m
07051982
07051983
07051984
07051985
07051986
07051987
07051988
07051989
07051990
07051991
07051992
07051993
07051994
07051995
07051996
07051997
07051998
07051999
07052000
07052001
07052002
07052003
07052004
07052005
07052008
07052010
07060706
07061945
07061949
07061950
07061951
07061952
07061953
07061954
07061955
07061956
07061957
07061958
07061959
07061960
07061961
07061962
07061963
07061964
07061965
07061966
07061967
07061968
07061969
07061970
07061971
07061972
07061973
07061974
07061975
07061976
07061977
07061978
07061979
07061980
07061981
07061982
07061983
07061984
07061985
07061986
07061987
07061988
07061989
07061990
07061991
07061992
07061993
07061994
07061995
07061996
07061997
07061998
07061999
07062000
07062001
07062002
07062004
07062005
07062006
07062008
07062009
07062011
07070707
07071949
07071950
07071951
07071952
07071953
07071954
07071955
07071956
07071957
07071958
07071959
07071960
07071961
07071962
07071963
07071964
07071965
07071966
07071967
07071968
07071969
07071970
07071970m
07071971
07071972
07071973
07071974
07071975
07071976
07071977
07071978
07071979
07071980
07071981
07071982
07071983
07071984
07071985
07071986
07071987
07071988
07071989
07071990
07071991
07071992
07071993
07071994
07071995
07071996
07071997
07071998
07071999
07072000
07072001
07072002
07072003
07072004
07072007
07072008
07072009
07072010
070793monolit
07080708
07081947
07081948
07081949
07081952
07081953
07081954
07081955
07081956
07081958
07081959
07081960
07081961
07081962
07081963
07081964
07081965
07081966
07081967
07081968
07081969
07081970
07081971
07081972
07081973
07081974
07081975
07081976
07081977
07081978
07081979
07081980
07081981
07081982
07081983
07081984
07081985
07081986
07081987
07081988
07081989
07081990
07081991
07081992
07081993
07081994
07081995
07081996
07081997
07081998
07081999
07082000
07082001
07082002
07082003
07082004
07082005
07082006
07091949
07091950
07091952
07091954
07091955
07091956
07091957
07091958
07091959
07091960
07091961
07091962
07091963
07091964
07091965
07091966
07091967
07091968
07091969
07091970
07091971
07091972
07091973
07091974
07091975
07091976
07091977
07091978
07091979
07091980
07091981
07091981m
07091982
07091983
07091984
07091985
07091986
07091987
07091988
07091989
07091990
07091991
07091992
07091993
07091994
07091995
07091996
07091997
07091998
07091999
07092000
07092001
07092002
07092003
07092004
07092005
07092007
07092008
07101948
07101949
07101950
07101954
07101956
07101957
07101958
07101959
07101960
07101961
07101962
07101963
07101964
07101965
07101966
07101967
07101968
07101969
07101970
07101971
07101972
07101973
07101974
07101975
07101976
07101977
07101978
07101979
07101980
07101981
07101982
07101983
07101984
07101985
07101986
07101986n
07101987
07101988
07101989
07101989m
07101990
07101991
07101992
07101993
07101994
07101995
07101996
07101997
07101998
07101999
07102000
07102002
07102003
07102004
07102005
07102006
07102011
071097mama
07110711
07111917
07111943
07111946
07111948
07111949
07111950
07111951
07111953
07111954
07111955
07111956
07111957
07111958
07111959
07111960
07111961
07111962
07111963
07111964
07111965
07111966
07111967
07111968
07111969
07111970
07111971
07111972
07111973
07111974
07111975
07111976
07111977
07111978
07111979
07111980
07111981
07111982
07111983
07111984
07111985
07111986
07111987
07111988
07111989
07111990
07111991
07111992
07111993
07111994
07111995
07111996
07111997
07111998
07111999
07112000
07112001
07112003
07112004
07112008
07121938
07121950
07121951
07121952
07121953
07121954
07121955
07121956
07121957
07121958
07121959
07121960
07121961
07121962
07121963
07121964
07121965
07121966
07121967
07121968
07121969
07121970
07121971
07121972
07121973
07121974
07121975
07121976
07121977
07121978
07121979
07121980
07121981
07121982
07121983
07121984
07121985
07121986
07121987
07121988
07121989
07121990
07121991
07121992
07121993
07121994
07121995
07121996
07121997
07121998
07121999
07122000
07122001
07122005
07122006
07122009
07150715
07151954
07191971
07210721
07220722
07221967
07230723
072332ed
07271976
07292000
07470747
07610761
0773417k
07734kujo
077547596a
07770777
07831505
07860786
07910791
07930562
07931505
07thlion
08010801
08011900
08011944
08011947
08011949
08011950
08011951
08011954
08011955
08011956
08011957
08011958
08011959
08011960
08011961
08011962
08011963
08011964
08011965
08011966
08011967
08011968
08011969
08011970
08011971
08011972
08011973
08011974
08011975
08011976
08011977
08011978
08011979
08011980
08011981
08011982
08011983
08011984
08011985
08011986
08011987
08011988
08011989
08011990
08011991
08011992
08011993
08011994
08011995
08011996
08011997
08011998
08011999
08012000
08012001
08012002
08012005
08012006
08012007
08012008
08012009
08020802
08021948
08021949
08021950
08021951
08021952
08021954
08021955
08021956
08021957
08021958
08021959
08021960
08021961
08021962
08021963
08021964
08021965
08021966
08021967
08021968
08021969
08021970
08021971
08021972
08021973
08021974
08021975
08021976
08021977
08021978
08021979
08021980
08021981
08021982
08021983
08021984
08021985
08021986
08021987
08021988
08021989
08021990
08021991
08021992
08021993
08021994
08021995
08021996
08021997
08021998
08021999
08022000
08022001
08022002
08022007
08030803
08031900
08031945
08031947
08031948
08031949
08031950
08031951
08031952
08031953
08031954
08031955
08031956
08031957
08031958
08031959
08031960
08031961
08031962
08031963
08031964
08031965
08031966
08031967
08031968
08031969
08031970
08031971
08031972
08031973
08031974
08031975
08031976
08031977
08031978
08031979
08031980
08031981
08031982
08031983
08031984
08031985
08031986
08031987
08031988
08031989
08031990
08031991
08031992
08031993
08031994
08031995
08031996
08031997
08031998
08031999
08032000
08032001
08032002
08032003
08032004
08032008
08032009
08032010
08032011
08041947
08041948
08041949
08041950
08041952
08041953
08041955
08041956
08041957
08041958
08041959
08041960
08041961
08041962
08041963
08041964
08041965
08041966
08041967
08041968
08041969
08041970
08041971
08041972
08041973
08041974
08041975
08041976
08041977
08041978
08041979
08041980
08041981
08041982
08041983
08041984
08041985
08041986
08041987
08041988
08041989
08041990
08041991
08041992
08041993
08041994
08041995
08041996
08041997
08041998
08041999
08042000
08042001
08042002
08042003
08042007
08042008
08051947
08051950
08051953
08051954
08051955
08051956
08051957
08051958
08051959
08051960
08051961
08051962
08051963
08051964
08051965
08051966
08051967
08051968
08051969
08051970
08051971
08051972
08051973
08051974
08051975
08051976
08051977
08051978
08051979
08051980
08051981
08051982
08051983
08051984
08051985
08051986
08051987
08051988
08051989
08051990
08051991
08051992
08051993
08051994
08051995
08051996
08051997
08051998
08051999
08052000
08052001
08052002
08052004
08052005
08052007
08060806
08061947
08061950
08061951
08061952
08061955
08061956
08061957
08061958
08061959
08061960
08061961
08061962
08061963
08061964
08061965
08061966
08061967
08061968
08061969
08061970
08061971
08061972
08061973
08061974
08061975
08061976
08061977
08061978
08061979
08061980
08061981
08061982
08061983
08061984
08061985
08061986
08061987
08061988
08061989
08061990
08061991
08061992
08061993
08061994
08061995
08061996
08061997
08061998
08061999
08062000
08062001
08062002
08062003
08062004
08062005
08062006
08062009
08062010
08070807
08071900
08071950
08071951
08071953
08071954
08071955
08071956
08071957
08071958
08071959
08071960
08071961
08071962
08071963
08071964
08071965
08071966
08071967
08071968
08071969
08071970
08071971
08071972
08071973
08071974
08071975
08071976
08071977
08071978
08071979
08071980
08071981
08071982
08071983
08071984
08071985
08071986
08071987
08071988
08071989
08071990
08071991
08071992
08071993
08071994
08071995
08071996
08071997
08071998
08071999
08072000
08072001
08072002
08072004
08072005
08072007
08080808
08081946
08081948
08081949
08081951
08081953
08081954
08081955
08081956
08081957
08081958
08081959
08081960
08081961
08081962
08081963
08081964
08081965
08081966
08081967
08081968
08081969
08081970
08081971
08081972
08081973
08081974
08081975
08081976
08081977
08081978
08081979
08081980
08081981
08081982
08081983
08081984
08081985
08081986
08081987
08081988
08081989
08081990
08081991
08081992
08081993
08081994
08081995
08081996
08081997
08081998
08081999
08082000
08082001
08082002
08082003
08082004
08082006
08082008
08082009
08090809
08091948
08091949
08091951
08091952
08091954
08091955
08091956
08091957
08091958
08091959
08091960
08091961
08091962
08091963
08091964
08091965
08091966
08091967
08091968
08091969
08091970
08091971
08091972
08091973
08091974
08091975
08091976
08091977
08091978
08091979
08091980
08091981
08091982
08091983
08091984
08091985
08091986
08091987
08091988
08091989
08091990
08091991
08091992
08091993
08091994
08091995
08091996
08091997
08091998
08091999
08092000
08092001
08092002
08092005
08092006
08092007
08092010
08101947
08101949
08101952
08101955
08101955n
08101956
08101957
08101958
08101959
08101960
08101961
08101962
08101963
08101964
08101965
08101966
08101967
08101968
08101969
08101970
08101971
08101972
08101973
08101974
08101975
08101976
08101977
08101978
08101979
08101980
08101981
08101982
08101983
08101984
08101985
08101986
08101987
08101988
08101989
08101990
08101990w
08101991
08101992
08101993
08101994
08101995
08101996
08101997
08101998
08101999
08102000
08102001
08102002
08102003
08102005
08102008
08110811
08111947
08111948
08111953
08111954
08111956
08111957
08111958
08111959
08111960
08111961
08111962
08111963
08111964
08111965
08111966
08111967
08111968
08111969
08111970
08111971
08111972
08111973
08111974
08111975
08111976
08111977
08111978
08111979
08111980
08111981
08111982
08111983
08111984
08111985
08111986
08111987
08111988
08111989
08111990
08111991
08111992
08111993
08111994
08111995
08111996
08111997
08111998
08111999
08112000
08112001
08112005
08112006
08120812
08121948
08121950
08121951
08121954
08121955
08121956
08121957
08121958
08121959
08121960
08121961
08121962
08121963
08121964
08121965
08121966
08121967
08121968
08121969
08121970
08121971
08121972
08121973
08121974
08121975
08121976
08121977
08121978
08121979
08121980
08121981
08121982
08121983
08121984
08121985
08121986
08121987
08121988
08121989
08121990
08121991
08121991ccc
08121992
08121993
08121994
08121995
08121996
08121997
08121998
08121999
08122000
08122001
08122002
08122004
08122006
08130813
08150815
08154711
0815code
08161981
08184783
08190819
08200820
08210821
08220822
08221982
08222280
08230823
08231981
08250825
08290829
08310298
08310831
08351892
08500850
08520852
08520852a
08522580
085881416
085tzzqi
08650865
08692312
0877095159
08800880
08820882
08900890
0890777q
08910891
09001286772
09001634
090078601
09010901
09011949
09011950
09011951
09011952
09011953
09011954
09011955
09011956
09011957
09011958
09011959
09011960
09011961
09011962
09011963
09011964
09011965
09011966
09011967
09011968
09011969
09011970
09011971
09011972
09011973
09011974
09011975
09011976
09011977
09011978
09011979
09011980
09011981
09011982
09011983
09011984
09011985
09011986
09011987
09011988
09011989
09011990
09011991
09011992
09011993
09011994
09011995
09011996
09011997
09011998
09011999
09012000
09012001
09012002
09012003
09012004
09012005
09012006
09012007
09012008
09021947
09021949
09021950
09021951
09021952
09021953
09021954
09021955
09021956
09021957
09021958
09021959
09021960
09021961
09021962
09021963
09021964
09021965
09021966
09021967
09021968
09021969
09021970
09021971
09021972
09021973
09021974
09021975
09021976
09021977
09021978
09021979
09021980
09021981
09021982
09021983
09021984
09021985
09021986
09021987
09021988
09021989
09021990
09021991
09021992
09021993
09021994
09021995
09021996
09021997
09021998
09021999
09022000
09022001
09022002
09022004
09022005
09022009
09030719
09031945
09031947
09031950
09031951
09031952
09031953
09031954
09031955
09031956
09031957
09031958
09031959
09031960
09031961
09031962
09031963
09031964
09031965
09031966
09031967
09031968
09031969
09031970
09031971
09031972
09031973
09031974
09031975
09031976
09031977
09031978
09031979
09031980
09031981
09031982
09031982n
09031983
09031984
09031985
09031986
09031987
09031988
09031989
09031990
09031991
09031992
09031993
09031994
09031995
09031996
09031997
09031998
09031999
09032000
09032001
09032002
09032004
09032006
09032009
09032011
09035170147
09041953
09041954
09041955
09041956
09041957
09041958
09041959
09041960
09041961
09041962
09041963
09041964
09041965
09041966
09041967
09041968
09041969
09041970
09041971
09041972
09041973
09041974
09041975
09041976
09041977
09041978
09041979
09041980
09041981
09041982
09041983
09041984
09041985
09041986
09041987
09041988
09041989
09041990
09041991
09041992
09041993
09041994
09041995
09041996
09041997
09041998
09041999
09042000
09042001
09042002
09042003
09042004
09042007
0904fran
09050905
09051941
09051945
09051946
09051949
09051950
09051951
09051952
09051953
09051954
09051955
09051956
09051957
09051958
09051959
09051960
09051961
09051962
09051963
09051964
09051965
09051966
09051967
09051968
09051969
09051970
09051971
09051972
09051973
09051974
09051975
09051976
09051977
09051978
09051979
09051980
09051981
09051982
09051983
09051984
09051985
09051986
09051987
09051988
09051989
09051990
09051991
09051992
09051992m
09051993
09051994
09051995
09051996
09051997
09051998
09051999
09052000
09052001
09052002
09052003
09052004
09052005
09052007
09052009
09052010
09052011
09061948
09061949
09061950
09061951
09061952
09061953
09061954
09061955
09061956
09061957
09061958
09061959
09061960
09061961
09061962
09061963
09061964
09061965
09061966
09061967
09061968
09061969
09061970
09061971
09061972
09061973
09061974
09061975
09061976
09061977
09061978
09061978n
09061979
09061980
09061981
09061982
09061983
09061984
09061985
09061986
09061987
09061988
09061989
09061990
09061991
09061992
09061993
09061994
09061995
09061996
09061997
09061998
09061999
09062000
09062001
09062002
09062005
09062006
09062007
09062010
09062011
09070907
09071900
09071945
09071949
09071951
09071953
09071954
09071955
09071956
09071957
09071958
09071959
09071960
09071961
09071962
09071963
09071964
09071965
09071966
09071967
09071968
09071969
09071970
09071971
09071972
09071973
09071974
09071975
09071976
09071977
09071978
09071979
09071980
09071981
09071982
09071983
09071984
09071985
09071986
09071987
09071988
09071989
09071990
09071991
09071992
09071993
09071994
09071995
09071996
09071997
09071998
09071999
09072000
09072001
09072002
09072003
09072004
09072006
09080706
0908070605
090807060504030201
090808qwe
09080908
09081900
09081946
09081948
09081951
09081952
09081954
09081955
09081956
09081957
09081958
09081959
09081960
09081961
09081962
09081963
09081964
09081965
09081966
09081967
09081968
09081969
09081970
09081971
09081972
09081973
09081974
09081975
09081976
09081977
09081978
09081979
09081980
09081981
09081982
09081983
09081984
09081985
09081986
09081987
09081988
09081989
09081990
09081991
09081992
09081993
09081994
09081995
09081996
09081997
09081998
09081999
09082000
09082001
09082002
09082006
09090909
09091944
09091951
09091953
09091954
09091955
09091956
09091957
09091958
09091959
09091960
09091961
09091962
09091963
09091964
09091965
09091966
09091967
09091968
09091969
09091970
09091971
09091972
09091973
09091974
09091975
09091976
09091977
09091978
09091979
09091980
09091980n
09091981
09091982
09091983
09091984
09091985
09091986
09091987
09091988
09091989
09091989m
09091990
09091991
09091992
09091993
09091994
09091995
09091996
09091997
09091998
09091999
09092000
09092001
09092002
09092003
09092004
09092005
09092006
09092007
09092008
09092009
09092009sophie
09092010
09100910
09101946
09101947
09101950
09101952
09101953
09101954
09101955
09101956
09101957
09101959
09101960
09101961
09101962
09101963
09101964
09101965
09101966
09101967
09101968
09101969
09101970
09101971
09101972
09101973
09101974
09101975
09101976
09101977
09101978
09101979
09101980
09101981
09101982
09101983
09101984
09101985
09101986
09101987
09101988
09101989
09101990
09101991
09101992
09101993
09101994
09101995
09101996
09101997
09101998
09101999
09102000
09102001
09102002
09102003
09102004
09102005
09102010
09110911
09111900
09111951
09111952
09111954
09111955
09111956
09111957
09111958
09111959
09111960
09111961
09111962
09111963
09111964
09111965
09111966
09111967
09111968
09111969
09111970
09111971
09111972
09111973
09111974
09111975
09111976
09111977
09111978
09111979
09111980
09111981
09111982
09111983
09111984
09111985
09111986
09111987
09111988
09111989
09111990
09111991
09111992
09111993
09111994
09111995
09111996
09111997
09111998
09111999
09112000
09112001
09112002
09112006
09112007
09112010
09112011
09120912
09120912z
09121948
09121950
09121951
09121952
09121953
09121954
09121955
09121957
09121958
09121959
09121960
09121961
09121962
09121963
09121964
09121965
09121966
09121967
09121968
09121969
09121970
09121971
09121972
09121973
09121974
09121975
09121976
09121977
09121978
09121979
09121980
09121981
09121982
09121983
09121984
09121985
09121986
09121987
09121988
09121989
09121990
09121991
09121992
09121993
09121994
09121995
09121996
09121997
09121998
09121999
09122000
09122001
09122002
09122005
09122009
09122010
09140914
09141974
0918273645
09190919
09210921
09220922
09240924
09241959
09260926
09270927
09271978
09310931
0935496111
09470947
095711727
09620962
0973076363
0977006273
09809809
098098098
09810981
09870987
09871234
0987612345
09876543
098765432
0987654321
09876543210
09876543211234567890
0987654321a
0987654321q
0987654321qaz
0987654321qw
0987654321z
0987654a
0987667890
09877890
0987poiu
0989161740
09900990
0990526994
09910991
099453784sem
09950995
0995359291
09e07030
09januar
09uthf09
0blivi0n
0cdh0v99ue
0e23984c
0k1o2v3a4l5e6v7
0l8kchek
0n4p5vj5
0nc3ptin
0o0o0o0o
0o9i8u7y
0o9i8u7y6t
0okm9ijn
0okm9ijnb
0okmnji9
0p9o8i7u
0p9o8i7u6y
0p9o8i7u6y5t
0panacea
0penguin
0plkmmklop
0raziel0
0sister0
0thabe11
0verl0rd
0wnzp0rn
0xfhs03269
10000000
100000000
1000000000
10000001
10000007
10001000
10002000
1000prwk
1000xthntq
10010010
100100100
10011001
10011900
10011941
10011946
10011948
10011949
10011950
10011951
10011952
10011953
10011954
10011955
10011956
10011957
10011958
10011959
10011960
10011961
10011962
10011963
10011964
10011965
10011966
10011967
10011968
10011969
10011970
10011971
10011972
10011973
10011974
10011975
10011976
10011977
10011978
10011979
10011980
10011981
10011982
10011983
10011984
10011985
10011986
10011986m
10011987
10011988
10011989
10011990
10011991
10011992
10011993
10011994
10011995
10011996
10011997
10011998
10011999
10012000
10012001
10012002
10012003
10012004
10012005
10012006
10012008
10012009
10012011
10015322
1001main
1001r474
10020030
100200300
10021002
10021947
10021949
10021950
10021951
10021952
10021953
10021954
10021955
10021956
10021957
10021958
10021959
10021960
10021961
10021962
10021963
10021964
10021965
10021966
10021967
10021968
10021969
10021970
10021971
10021972
10021973
10021974
10021975
10021976
10021977
10021978
10021979
10021980
10021981
10021982
10021983
10021984
10021985
10021986
10021987
10021988
10021989
10021990
10021991
10021991m
10021992
10021993
10021994
10021995
10021996
10021997
10021998
10021999
10022000
10022001
10022002
10022003
10022004
10022005
10022006
10022007
10022008
10022009
10022010
10028891
10031003
10031940
10031945
10031949
10031950
10031951
10031953
10031954
10031955
10031956
10031957
10031958
10031959
10031960
10031961
10031962
10031963
10031964
10031965
10031966
10031967
10031968
10031969
10031970
10031971
10031972
10031973
10031974
10031975
10031976
10031977
10031978
10031979
10031980
10031981
10031982
10031983
10031984
10031985
10031986
10031987
10031988
10031989
10031990
10031991
10031992
10031992m
10031993
10031994
10031995
10031996
10031997
10031998
10031999
10032000
10032001
10032003
10032004
10032005
10032007
10032010
10040818
10041004
10041949
10041950
10041951
10041952
10041953
10041954
10041955
10041956
10041957
10041958
10041959
10041960
10041961
10041962
10041963
10041964
10041965
10041966
10041967
10041968
10041969
10041970
10041971
10041972
10041973
10041974
10041975
10041976
10041977
10041978
10041979
10041980
10041981
10041982
10041983
10041984
10041985
10041986
10041987
10041987m
10041988
10041989
10041990
10041991
10041992
10041993
10041994
10041995
10041996
10041997
10041998
10041999
10042000
10042001
10042002
10042003
10042004
10042005
10042006
10042007
10042008
10042010
100490100490
100500zz
10051005
10051945
10051947
10051950
10051951
10051952
10051954
10051955
10051956
10051957
10051958
10051959
10051960
10051961
10051962
10051963
10051964
10051965
10051966
10051967
10051968
10051969
10051970
10051971
10051972
10051973
10051974
10051975
10051976
10051977
10051978
10051979
10051980
10051981
10051982
10051983
10051984
10051985
10051986
10051987
10051988
10051989
10051990
10051991
10051992
10051993
10051994
10051995
10051996
10051997
10051998
10051999
10052000
10052001
10052002
10052006
10052007
10052008
10052010
10058100
10061006
10061946
10061948
10061949
10061951
10061952
10061953
10061954
10061955
10061956
10061957
10061958
10061959
10061960
10061961
10061962
10061963
10061964
10061965
10061966
10061967
10061968
10061969
10061970
10061971
10061972
10061973
10061974
10061975
10061976
10061977
10061978
10061979
10061980
10061981
10061982
10061983
10061984
10061985
10061986
10061987
10061988
10061989
10061990
10061991
10061992
10061993
10061994
10061995
10061996
10061997
10061998
10061999
10062000
10062001
10062002
10062003
10062004
10062005
10062006
10062008
10062010
10071007
10071208
1007134311
10071947
10071949
10071950
10071951
10071953
10071954
10071955
10071956
10071957
10071958
10071959
10071960
10071961
10071962
10071963
10071964
10071965
10071966
10071967
10071968
10071969
10071970
10071971
10071972
10071973
10071974
10071975
10071976
10071977
10071978
10071979
10071980
10071981
10071982
10071983
10071984
10071985
10071986
10071987
10071988
10071989
10071990
10071991
10071992
10071993
10071994
10071995
10071996
10071997
10071998
10071999
10072000
10072001
10072002
10072003
10072004
10072005
10072006
10072008
10072009
10072010
10077819
10081008
10081948
10081950
10081951
10081952
10081953
10081954
10081955
10081956
10081957
10081958
10081959
10081960
10081961
10081962
10081963
10081964
10081965
10081966
10081967
10081968
10081969
10081970
10081971
10081972
10081973
10081974
10081975
10081976
10081977
10081978
10081979
10081980
10081981
10081982
10081983
10081984
10081985
10081986
10081987
10081988
10081989
10081990
10081991
10081992
10081993
10081994
10081995
10081996
10081997
10081998
10081999
10082000
10082001
10082002
10082003
10082004
10082005
10082006
10082007
10082008
10082010
100894olol
10091009
10091945
10091948
10091949
10091951
10091952
10091953
10091954
10091955
10091956
10091957
10091958
10091959
10091960
10091961
10091962
10091963
10091964
10091965
10091966
10091967
10091968
10091969
10091970
10091971
10091972
10091973
10091974
10091975
10091976
10091977
10091978
10091979
10091980
10091981
10091982
10091983
10091984
10091985
10091986
10091987
10091988
10091989
10091990
10091991
10091992
10091993
10091994
10091995
10091996
10091997
10091998
10091999
10092000
10092001
10092002
10092003
10092004
10092005
10092008
10092009
10092010
100baset
100fleet
100grand
100percent
100proof
100years
1010011010
10101010
1010101010
10101010ll
10101010m
10101010q
101010aa
10101900
10101910
10101942
10101947
10101949
10101950
10101952
10101953
10101954
10101955
10101956
10101957
10101958
10101959
10101960
10101961
10101962
10101963
10101964
10101965
10101966
10101967
10101968
10101969
10101970
10101971
10101972
10101973
10101974
10101975
10101976
10101977
10101978
10101979
10101980
10101980n
10101981
10101982
10101983
10101983m
10101984
10101984m
10101985
10101986
10101987
10101988
10101989
10101990
10101990n
10101991
10101992
10101993
10101994
10101995
10101996
10101997
10101998
10101999
10102000
10102001
10102002
10102003
10102005
10102006
10102007
10102008
10102009
10102010
10102011
10102020
101054yy
1010810108
1010wins
101101101
101102103
10110999
10111011
10111213
1011121314
10111946
10111947
10111948
10111949
10111950
10111951
10111953
10111954
10111955
10111956
10111957
10111958
10111959
10111960
10111961
10111962
10111963
10111964
10111964hw
10111965
10111966
10111967
10111968
10111969
10111970
10111971
10111972
10111973
10111974
10111975
10111976
10111977
10111978
10111979
10111980
10111980m
10111981
10111982
10111983
10111984
10111985
10111986
10111987
10111988
10111989
10111989m
10111990
10111991
10111992
10111993
10111994
10111995
10111996
10111997
10111998
10111999
10112000
10112001
10112002
10112003
10112004
10112006
10112007
10112008
10112009
10112010
10112011
10113519
10118813
10120203
10121012
10121416
10121948
10121949
10121950
10121952
10121953
10121954
10121955
10121956
10121957
10121958
10121959
10121960
10121961
10121962
10121963
10121964
10121965
10121966
10121967
10121968
10121969
10121970
10121971
10121972
10121973
10121974
10121975
10121976
10121977
10121978
10121979
10121980
10121981
10121982
10121983
10121984
10121985
10121986
10121987
10121988
10121989
10121990
10121991
10121991n
10121992
10121993
10121994
10121995
10121996
10121997
10121998
10121999
10122000
10122001
10122002
10122005
10122006
10122007
10122009
10123456
101291demon
10131013
10138101
10141014
10141977
10151015
10152417
1015985273
10161016
10161977
10171017
10181018
10181979
10191019
10196861
101proof
10201020
10201978
10203010
10203010203
102030102030
102030123
10203040
102030405
1020304050
10203040506
102030405060
10203040506070
102030405060708090
1020304050a
10203040a
10203045
10204050
102040la
102102102
10210303
10211021
10211967
10212000
102127ma
10221022
10221033
10221981
10221982
10224477
10231023
1023kiku
10241024
10242048
102451234
10251025
10251971
10259kes
1025jive
10261009
10261026
10271027
10271967
10271998
10276650
10279473
10281028
10281242
102832144
10290970
10291029
10293847
102938475
1029384756
1029384756a
1029384756k
1029384756q
10293847qp
10295090
10297034
10299399
1029klit
10301030
103076437
103103103
10311031
1031990a
10321032
10323827
10331033
10351035
10361036
10381038
10401040
10411041
10421042
10441044
10442711
10451045
10461046
10481048
10491049
10501050
10511051
10551055
10561056
10564887976
10571057
10581058
10591059
106106106
10611061
10617906
10631063
10641064
10651065
10661066
10665027
10691069
106sport
10711071
10731073
10731170
10741074
10751075
10761076
10801080
10802000
108108108
10821082
10841084
10867ofmc
10871087
10891089
10901090
109109109
1091eman
10921092
1092387456
10929474v
10981098
10987654
10987654321
109876543210
10991099
10actros02
10atdhfkz
10b48c803
10fghtkz
10gman25
10horses
10incher
10inches
10kaylor
10light1
10million
10qpalzm
10soccer
10toeson
10xby49k
10ytuhbnzn
11001001
11001100
11002299
110022993388
110110110
11011101
11011900
11011911
11011951
11011953
11011954
11011955
11011956
11011957
11011958
11011959
11011960
11011961
11011962
11011963
11011964
11011965
11011966
11011967
11011968
11011969
11011970
11011971
11011972
11011973
11011974
11011975
11011976
11011977
11011978
11011979
11011980
11011981
11011982
11011983
11011984
11011985
11011986
11011987
11011988
11011989
11011990
11011991
11011992
11011993
11011994
11011995
11011996
11011997
11011998
11011999
11012000
11012001
11012002
11012003
11012004
11012005
11012006
11012007
11012008
11012009
11012010
11012011
11012566
11021102
11021947
11021951
11021952
11021953
11021954
11021955
11021956
11021957
11021958
11021959
11021960
11021961
11021962
11021963
11021964
11021965
11021966
11021967
11021968
11021969
11021970
11021971
11021972
11021973
11021974
11021975
11021976
11021977
11021978
11021979
11021980
11021981
11021982
11021983
11021984
11021985
11021986
11021987
11021987n
11021988
11021989
11021990
11021991
11021992
11021993
11021994
11021995
11021996
11021997
11021998
11021999
11022000
11022001
11022002
11022003
11022004
11022007
11022009
11022010
110297zz
1102dave
11030571
11031103
11031947
11031950
11031953
11031954
11031955
11031956
11031957
11031958
11031959
11031960
11031961
11031962
11031963
11031964
11031965
11031966
11031967
11031968
11031969
11031970
11031971
11031972
11031973
11031974
11031975
11031976
11031977
11031978
11031979
11031980
11031981
11031982
11031983
11031984
11031985
11031986
11031987
11031987m
11031988
11031989
11031990
11031991
11031991xd
11031992
11031993
11031994
11031995
11031995m
11031996
11031997
11031998
11031999
11032000
11032001
11032001a
11032002
11032003
11032004
11032005
11032006
11032007
11032009
11034642
11041104
11041946
11041947
11041951
11041952
11041953
11041954
11041955
11041956
11041957
11041958
11041959
11041960
11041961
11041962
11041963
11041963n
11041964
11041965
11041966
11041967
11041968
11041969
11041970
11041971
11041972
11041973
11041974
11041975
11041976
11041977
11041978
11041979
11041980
11041981
11041982
11041983
11041984
11041985
11041986
11041987
11041988
11041989
11041990
11041991
11041992
11041993
11041993m
11041994
11041995
11041996
11041997
11041998
11041999
11042000
11042001
11042002
11042003
11042004
11042007
11042008
11042009
11042011
11051105
11051948
11051950
11051952
11051953
11051954
11051955
11051956
11051957
11051958
11051959
11051960
11051961
11051962
11051963
11051964
11051965
11051966
11051967
11051968
11051969
11051970
11051971
11051972
11051973
11051974
11051975
11051976
11051977
11051978
11051979
11051980
11051981
11051982
11051983
11051984
11051985
11051986
11051987
11051988
11051989
11051990
11051991
11051992
11051993
11051993n
11051994
11051995
11051996
11051997
11051998
11051999
11052000
11052001
11052003
11052004
11052005
11052007
11052008
11061106
11061946
11061948
11061950
11061951
11061953
11061954
11061956
11061957
11061958
11061959
11061960
11061961
11061962
11061963
11061964
11061965
11061966
11061967
11061968
11061969
11061970
11061971
11061972
11061973
11061974
11061975
11061976
11061977
11061978
11061979
11061980
11061981
11061982
11061983
11061984
11061985
11061986
11061987
11061988
11061989
11061990
11061991
11061992
11061993
11061993a
11061994
11061995
11061996
11061997
11061998
11061999
11062000
11062001
11062002
11062003
11062005
11062009
11062010
11071107
11071948
11071949
11071950
11071951
11071952
11071953
11071954
11071955
11071956
11071957
11071958
11071959
11071960
11071961
11071962
11071963
11071964
11071965
11071966
11071967
11071968
11071969
11071970
11071971
11071972
11071973
11071974
11071975
11071976
11071977
11071978
11071979
11071980
11071981
11071981n
11071982
11071983
11071984
11071985
11071986
11071987
11071988
11071989
11071990
11071991
11071992
11071993
11071994
11071995
11071996
11071997
11071998
11071999
11072000
11072001
11072002
11072003
11072004
11072005
11072006
11072007
11072008
11081108
11081947
11081948
11081949
11081951
11081952
11081953
11081954
11081955
11081956
11081957
11081958
11081959
11081960
11081961
11081962
11081963
11081964
11081965
11081966
11081967
11081968
11081969
11081970
11081971
11081972
11081973
11081974
11081975
11081976
11081977
11081978
11081979
11081980
11081981
11081982
11081983
11081984
11081985
11081986
11081987
11081988
11081989
11081989n
11081990
11081991
11081992
11081993
11081994
11081995
11081996
11081997
11081998
11081999
11082000
11082001
11082002
11082003
11082004
11082005
11082006
11082007
11082008
11082009
11091109
11091949
11091950
11091952
11091953
11091955
11091956
11091957
11091958
11091959
11091960
11091961
11091962
11091963
11091964
11091965
11091966
11091967
11091968
11091969
11091970
11091971
11091972
11091973
11091974
11091975
11091976
11091977
11091978
11091979
11091980
11091981
11091981m
11091982
11091983
11091984
11091985
11091986
11091987
11091988
11091989
11091990
11091991
11091992
11091993
11091994
11091995
11091996
11091997
11091998
11091999
11092000
11092001
11092002
11092003
11092004
11092005
11092007
11092008
11092009
11092010
111000111
11101110
11101775
11101950
11101952
11101954
11101955
11101956
11101957
11101958
11101959
11101960
11101961
11101962
11101963
11101964
11101965
11101966
11101967
11101968
11101969
11101970
11101971
11101972
11101973
11101974
11101975
11101976
11101977
11101978
11101979
11101980
11101981
11101982
11101983
11101984
11101985
11101986
11101987
11101988
11101989
11101990
11101991
11101992
11101993
11101994
11101995
11101996
11101997
11101998
11101999
11102000
11102001
11102004
11102007
11102008
11102009
1110sher
11110000
11110000vn
1111100000
11111110
11111111
111111111
1111111111
11111111111
111111111111
1111111111111
11111111111111
111111111111111
1111111111111111
11111111111111111111
11111111112
1111111111a
1111111111m
1111111111q
1111111111zz
1111111112
111111111a
111111111q
111111112
11111111a
11111111q
11111112
11111118
1111111a
1111111m
1111111o
1111111q
1111111r
1111111s
1111111w
1111111z
11111122
11111199
111111aa
111111aaa
111111qaz
111111qq
111111slim
111111zz
111112000
1111122222
11111234
1111155555
11111900
11111911
11111948
11111949
11111950
11111951
11111952
11111955
11111956
11111957
11111958
11111959
11111960
11111961
11111962
11111963
11111964
11111965
11111966
11111967
11111968
11111969
11111970
11111971
11111972
11111973
11111974
11111975
11111976
11111977
11111978
11111979
11111980
11111981
11111982
11111983
11111984
11111985
11111986
11111987
11111988
11111989
11111990
11111991
11111992
11111993
11111994
11111995
11111996
11111997
11111998
11111999
11111aaaaa
11111qaz
11111qqqqq
11112000
11112001
11112002
11112003
11112005
11112006
11112007
11112008
11112009
11112011
11112222
111122223333
11112222a
11113333
11114444
11115555
11116666
11117777
11118888
11119999
1111a1111
1111aaaa
1111mini
1111qqqq
11121112
11121314
1112131415
11121946
11121949
11121952
11121953
11121954
11121955
11121956
11121957
11121958
11121959
11121960
11121961
11121962
11121963
11121964
11121965
11121966
11121967
11121968
11121969
11121970
11121971
11121972
11121973
11121974
11121975
11121976
11121977
11121978
11121979
11121980
11121981
11121982
11121983
11121984
11121985
11121986
11121987
11121988
11121989
11121990
11121991
11121992
11121993
11121994
11121995
11121996
11121997
11121998
11121999
11122000
11122001
11122002
11122005
11122006
11122007
111222111
11122233
111222333
111222333000
111222333444
111222333444555
111222333a
111222333q
111291ma
1112golf
11131113
111333222a
111333555
11141114
111444777
11151115
111555999
11161116
11171117
11178485
111areej
111gawrik
111luzer
111qqq111
111qqqaaa
111sanya
111zzzzz
11200124
11201120
11211121
112112112
11211970
11221122
1122112211
11221133
11221212
11221968
11221980
11221983
11223300
11223311
112233123
11223344
112233445
1122334455
112233445566
11223344556677
112233445566778899
11223344556677889900
1122334455a
1122334455er
1122334455q
1122334455qq
11223344a
11223344e
11223344q
11223344qwe
11223344s
11223345
11223355
11223366
112233aa
112233fa
112233qq
112233qw
112233qwe
112233ss
112233zz
11224433
1122qqww
11231123
11231980
11231983
11231994
11233455
11234456
11234567
1123456789
11235812
11235813
112358132
1123581321
112358132134
1123581321a
1123581321neko
112399bb
11241124
11251125
11251422
11251983
11252000
11259375
11261126
11271127
11271978
112789446
11281128
11291129
11291937
11291973
112state
11301130
11301983
11311131
11321132
11322838
11323189
11331133
11332244
11334455
11335577
1133557799
11336699
11337799
11339977
11341134
11351135
11361136
11381138
11391139
11411141
11421142
11431143
11432006
11441144
11447788
1144popp
11454522
11461146
11471147
11501150
11521152
11534488
11541154
11551155
11561156
11581158
115a602x
11621162
11651165
11661166
11677611
11691169
11701170
11711171
11711bbl
11731173
11741174
11751175
11761176
11771177
1177ddff
11791179
11801180
11811181
11821182
11831183
11841184
11849ira
11851185
11861186
11871187
11881188
11891189
118a105b
11901190
11921192
11924704
11951195
11969696
11971197
1197910233
11991199
11992288
11996688
11997722
11997733
11997788
11998822
11998844
11998866
11999922
11999977
11aa22bb
11anna09
11c645df
11cib22ru33geg
11eleven
11fduecnf
11fghtkz
11ithink
11klim11
11nba336
11q22q33q
11q22w33e
11qq11qq
11qq22ww
11qq22ww33ee
11qqaazz
11qwer55
11thhour
11vlad11
11za22xs
11zaza11
11zydfhz
11zz22xx
12001200
12011201
12011941
12011946
12011947
12011949
12011950
12011951
12011952
12011954
12011955
12011956
12011957
12011958
12011959
12011960
12011961
12011962
12011963
12011964
12011965
12011966
12011967
12011968
12011969
12011970
12011971
12011972
12011973
12011974
12011975
12011976
12011977
12011978
12011979
12011980
12011981
12011982
12011983
12011984
12011985
12011986
12011987
12011988
12011989
12011990
12011991
12011992
12011993
12011994
12011995
12011996
12011997
12011998
12011999
12012000
12012001
12012002
12012003
12012004
12012005
12012006
12012009
12012010
12012011
12012011q
120120120
12015879
12021202
12021338
12021948
12021950
12021951
12021952
12021954
12021955
12021956
12021957
12021958
12021959
12021960
12021961
12021962
12021963
12021964
12021965
12021966
12021967
12021968
12021969
12021970
12021971
12021972
12021973
12021974
12021975
12021976
12021977
12021978
12021979
12021980
12021981
12021982
12021983
12021984
12021985
12021986
12021987
12021988
12021989
12021989m
12021990
12021991
12021992
12021993
12021994
12021995
12021996
12021997
12021998
12021999
12022000
12022001
12022002
12022006
12022007
12022008
12022009
12022010
12031203
12031947
12031949
12031950
12031951
12031952
12031954
12031955
12031956
12031957
12031958
12031959
12031960
12031961
12031962
12031963
12031964
12031965
12031966
12031967
12031968
12031969
12031970
12031971
12031972
12031972m
12031973
12031974
12031975
12031976
12031977
12031978
12031979
12031980
12031981
12031982
12031983
12031984
12031985
12031986
12031987
12031988
12031989
12031990
12031991
12031992
12031993
12031994
12031995
12031996
12031997
12031998
12031999
12032000
12032001
12032002
12032003
12032004
12032005
12032006
12035900
12040000
12041204
12041900
12041940
12041949
12041952
12041953
12041954
12041955
12041956
12041957
12041958
12041959
12041960
12041961
12041962
12041963
12041964
12041965
12041966
12041967
12041968
12041969
12041970
12041971
12041972
12041973
12041974
12041975
12041976
12041977
12041978
12041979
12041980
12041981
12041982
12041983
12041984
12041984m
12041985
12041985n
12041986
12041987
12041988
12041989
12041990
12041991
12041992
12041992m
12041993
12041994
12041995
12041996
12041997
12041998
12041999
12042000
12042001
12042002
12042003
12042004
12042006
12042007
12042008
12042011
12051205
12051946
12051947
12051948
12051949
12051950
12051952
12051953
12051954
12051955
12051956
12051957
12051958
12051959
12051960
12051961
12051962
12051963
12051964
12051965
12051966
12051967
12051968
12051969
12051970
12051971
12051972
12051973
12051974
12051975
12051976
12051977
12051978
12051979
12051980
12051981
12051982
12051983
12051984
12051985
12051986
12051987
12051988
12051989
12051990
12051991
12051992
12051993
12051993mm
12051994
12051995
12051996
12051997
12051998
12051999
12052000
12052001
12052003
12052004
12052006
12052008
120549jrw
12061206
12061947
12061952
12061953
12061954
12061955
12061956
12061957
12061958
12061959
12061960
12061961
12061962
12061963
12061964
12061965
12061966
12061967
12061968
12061969
12061970
12061971
12061972
12061973
12061974
12061975
12061976
12061977
12061978
12061979
12061980
12061981
12061981m
12061982
12061983
12061984
12061985
12061986
12061987
12061988
12061989
12061990
12061991
12061992
12061993
12061994
12061995
12061996
12061997
12061998
12061999
12062000
12062001
12062002
12062003
12062004
12062005
12062009
12062010
12071207
12071941
12071946
12071947
12071949
12071950
12071951
12071952
12071953
12071954
12071955
12071956
12071957
12071958
12071959
12071960
12071961
12071962
12071963
12071964
12071965
12071966
12071967
12071968
12071969
12071970
12071971
12071972
12071973
12071974
12071975
12071976
12071977
12071978
12071979
12071980
12071981
12071982
12071983
12071984
12071985
12071986
12071987
12071988
12071989
12071990
12071991
12071992
12071993
12071994
12071995
120719959
12071996
12071997
12071998
12071999
12072000
12072001
12072002
12072003
12072004
12072007
12072008
12072009
12072010
12081208
12081923
12081948
12081949
12081950
12081951
12081952
12081953
12081954
12081955
12081956
12081957
12081958
12081959
12081960
12081961
12081962
12081963
12081964
12081965
12081966
12081967
12081968
12081969
12081970
12081971
12081972
12081973
12081974
12081975
12081976
12081977
12081978
12081979
12081980
12081981
12081982
12081983
12081984
12081985
12081986
12081987
12081988
12081989
12081990
12081991
12081992
12081993
12081994
12081995
12081996
12081997
12081998
12081999
12082000
12082001
12082002
12082003
12082004
12082005
12082006
12082008
12082009
12091122a
12091209
12091946
12091949
12091951
12091952
12091953
12091954
12091955
12091956
12091957
12091958
12091959
12091960
12091961
12091962
12091963
12091964
12091965
12091966
12091967
12091968
12091969
12091970
12091971
12091972
12091973
12091974
12091975
12091976
12091977
12091978
12091979
12091980
12091981
12091982
12091983
12091984
12091985
12091986
12091987
12091988
12091989
12091990
12091991
12091992
12091993
12091994
12091995
12091996
12091997
12091998
12091999
12092000
12092001
12092003
12092004
12092005
12092006
12092007
12092008
12092010
12093487
1209348756
12098208
12098621
120997lo
12101210
12101492
12101948
12101950
12101951
12101952
12101953
12101954
12101955
12101956
12101957
12101958
12101959
12101960
12101961
12101962
12101963
12101964
12101965
12101966
12101967
12101968
12101969
12101970
12101971
12101972
12101973
12101974
12101975
12101976
12101977
12101978
12101979
12101980
12101981
12101982
12101983
12101984
12101985
12101986
12101987
12101988
12101989
12101990
12101991
12101992
12101993
12101994
12101995
12101996
12101997
12101997d
12101998
12101999
12102000
12102001
12102002
12102003
12102004
12102005
12102006
12102007
12102010
12111211
1211123a
12111900
12111948
12111951
12111952
12111954
12111955
12111956
12111957
12111958
12111959
12111960
12111961
12111962
12111963
12111964
12111965
12111966
12111967
12111968
12111969
12111970
12111971
12111972
12111973
12111974
12111975
12111976
12111977
12111978
12111979
12111980
12111981
12111982
12111982n
12111983
12111984
12111985
12111986
12111987
12111988
12111989
12111990
12111991
12111992
12111992n
12111993
12111994
12111995
12111996
12111997
12111998
12111999
12112000
12112001
12112002
12112003
12112004
12112005
12112008
12112010
121121121
121191no
12120020
12121200
12121212
121212121
1212121212
121212121212
12121212a
12121233
12121234
1212123a
121212asa
121212qw
12121313
12121330
12121912
12121947
12121948
12121949
12121950
12121952
12121954
12121955
12121956
12121957
12121958
12121959
12121960
12121961
12121962
12121963
12121964
12121965
12121966
12121967
12121968
12121969
12121970
12121971
12121972
12121973
12121974
12121975
12121976
12121977
12121978
12121979
12121980
12121981
12121982
12121983
12121984
12121985
12121985m
12121986
12121986m
12121987
12121988
12121989
12121990
12121991
12121992
12121993
12121994
12121995
12121996
12121997
12121998
12121999
12122000
12122001
12122002
12122003
12122004
12122005
12122006
12122007
12122008
12122009
12122010
12122011
12122012
12122121
12122323
1212312121
121231234
12123312
12123434
12123456
12124545
1212qwqw
12131114
12131213
12131415
121314151
1213141516
121314151617
1213141516171819
12131415a
12131415q
12131415w
12137890a
12141214
12141618
12151215
12152000
12155447
12161216
12171217
12171990
12181218
12181972
12191219
12191990
121980ya
1219adzc
12201220
12201989
12202010
12205728
12211221
12211221a
12211970
12211990
12212112
12212139
12213443
12214221
122170aaa
12221222
12221916
12221981
12231223
12233221
12233322
12233344
1223334444
122333444455555
12233445
1223344556
1223505sayana
122366xx
12241224
12241980
12241981
12241983
12241992
12243648
12249194
12251225
12261226
12271227
12271988
12281228
12285300
12291229
12300123
12301230
12301230q
12301949
123045607890
123098123
1230984567
1230984756
123098567
123098qwe
12310504
123111321
12311231
12311994
12312123
123123.a
12312300
12312311
12312312
123123123
1231231231
12312312312
123123123123
123123123123123
1231231234
123123123a
123123123aa
123123123e
123123123q
123123123qwe
123123123z
12312325
12312332
123123321
123123321321
12312344
12312345
123123456
123123456456
123123789
123123aa
123123aaa
123123ab
123123as
123123asd
123123az
123123bf
123123di
123123qq
123123qw
123123qwe
123123qweqwe
123123qwerty
123123zzz
123128265
123132123
123147369
12321232
123212321
1232323q
12323434
123234345
123234345456
12324354
123258789
12331233
12332100
12332103
12332111
12332112
123321123
12332112332
123321123321
123321123456
123321123a
123321123q
12332144
12332145
123321456
123321456654
12332177
123321aa
123321ab
123321abc
123321am
123321as
123321asd
123321az
123321max
123321qaz
123321qq
123321qqq
123321qw
123321qwe
123321qweewq
123321qwer
123321qwerty
123321rex
123321ss
123321www
123321zx
123321zxc
12332313
12334567
12340000
12340987
1234098756
12341059
12341110
12341231
1234123121
12341234
123412341234
123412345
12341234a
12341234d
12341234q
12341234qw
12341234z
123415263
12341qaz
12342000
1234321a
1234321q
12343412
12343421
12344321
12344321a
12344321az
12344321q
12344321qaz
12344321v
12344321w
12344321z
12345000
1234509876
12345123
123451234
1234512345
123451234512345
1234512i
12345135
123452000
123452345
12345321
123453423
12345432
123454321
123454321a
123454321q
12345543
123455432
1234554321
1234554321a
1234554321d
1234554321q
1234554321s
1234554321vfrcbv
1234554321z
12345555
12345567
12345600
1234560987
12345610
12345611
12345612
123456123
1234561234
12345612345
123456123456
1234561999
1234562000
12345632
123456321
12345645
123456456
12345654
123456543
12345654321
12345654321q
12345654321z
12345655
12345656
12345665
123456654
1234566543
12345665432
123456654321
123456654321a
12345666
12345669
1234566t
12345670
12345671
1234567123
12345671234567
12345672
12345672000
12345675
12345676
123456765
1234567654321
12345677
12345677654321
123456777
12345678
12345678.
123456780
1234567809
123456781
12345678123
1234567812345678
123456782000
123456787
123456787654321
123456788
1234567887
1234567887654321
123456789
123456789!
123456789*
123456789-
123456789.
1234567890
1234567890-
1234567890--
12345678900
123456789000
12345678900987654321
12345678901
123456789012
1234567890123
123456789012345
1234567890123456789
12345678901234567890
12345678902
12345678909
123456789098
1234567890987654321
1234567890a
1234567890abc
1234567890anton
1234567890as
1234567890asd
1234567890b
1234567890c
1234567890d
1234567890e
1234567890f
1234567890g
1234567890h
1234567890i
1234567890k
1234567890l
1234567890m
1234567890n
1234567890o
1234567890p
1234567890q
1234567890qaz
1234567890qq
1234567890qqq
1234567890qw
1234567890qwe
1234567890qweasd
1234567890qwer
1234567890qwerty
1234567890qwertyuiop
1234567890s
1234567890t
1234567890v
1234567890w
1234567890z
1234567890zzz
1234567891
12345678910
123456789101
1234567891011
123456789101112
12345678910a
12345678910n
12345678910q
12345678910z
12345678912
123456789123
1234567891234
12345678912345
123456789123456
123456789123456789
1234567892000
123456789321
1234567895
1234567898
123456789852
12345678987
12345678987654321
1234567899
12345678998
123456789987
1234567899876543
123456789987654321
12345678999
123456789_
123456789a
123456789aa
123456789aaa
123456789ab
123456789abc
123456789abcd
123456789alex
123456789as
123456789asd
123456789asdf
123456789az
123456789azat
123456789b
123456789c
123456789cfif
123456789d
123456789da
123456789den
123456789dfgh
123456789dima
123456789e
123456789f
123456789g
123456789h
123456789hola
123456789i
123456789ira
123456789ivan
123456789j
123456789k
123456789kk
123456789l
123456789lena
123456789lol
123456789love
123456789lox
123456789m
123456789ma
123456789max
123456789mm
123456789my
123456789n
123456789na
123456789o
123456789p
123456789po
123456789q
123456789qaz
123456789qazwsx
123456789qq
123456789qqq
123456789qw
123456789qwe
123456789qwer
123456789qwerty
123456789qwertyu
123456789qwertyuiop
123456789r
123456789rfnz
123456789roma
123456789rr
123456789ru
123456789s
123456789sasha
123456789ss
123456789t
123456789tun
123456789u
123456789v
123456789vika
123456789w
123456789x
123456789xxx
123456789y
123456789yfcnz
123456789z
123456789zaq
123456789zx
123456789zxc
123456789zxcv
123456789zxcvb
123456789zxcvbnm
123456789zz
12345678_
12345678a
12345678abcdef
12345678b
12345678c
12345678d
12345678f
12345678g
12345678h
12345678i
12345678k
12345678l
12345678m
12345678n
12345678o
12345678p
12345678q
12345678qq
12345678qw
12345678qwe
12345678qwertyu
12345678qwertyui
12345678r
12345678s
12345678t
12345678u
12345678v
12345678w
12345678z
12345679
123456790
123456798
123456799
1234567_
1234567a
1234567aa
1234567aaa
1234567as
1234567b
1234567c
1234567d
1234567e
1234567f
1234567g
1234567i
1234567j
1234567k
1234567l
1234567m
1234567n
1234567o
1234567p
1234567q
1234567qaz
1234567qq
1234567qqq
1234567qw
1234567qwe
1234567qwer
1234567qwerty
1234567qwertyu
1234567r
1234567s
1234567t
1234567u
1234567v
1234567w
1234567x
1234567y
1234567z
12345685
12345687
12345689
123456890
1234568z
12345690
12345698
123456987
123456987a
12345699
1234569q
123456aa
123456aaa
123456ab
123456abc
123456abcd
123456abcdef
123456ad
123456al
123456anna
123456as
123456asa
123456asd
123456asdf
123456asdfgh
123456az
123456bb
123456cfif
123456da
123456dd
123456den
123456df
123456dima
123456er
123456gg
123456gu
123456hh
123456igor
123456ira
123456ivan
123456jkz
123456jr
123456kat
123456kk
123456kl
123456ll
123456lol
123456love
123456lox
123456ma
123456mama
123456mn
123456na
123456oe
123456ok
123456oleg
123456op
123456pp
123456qa
123456qaz
123456qq
123456qqq
123456qqqq
123456qw
123456qwe
123456qwer
123456qwert
123456qwerty
123456re
123456rf
123456roma
123456rrr
123456ru
123456sd
123456ser
123456sk
123456ss
123456sss
123456st
123456sv
123456tg
123456tt
123456ty
123456ua
123456vfrc
123456vova
123456wer
123456www
123456xx
123456xxx
123456ytrewq
123456zaq
123456zx
123456zxc
123456zxcvbn
123456zz
123456zzz
12345789
123457890
123457abc
12345987
123459876
1234598765
12345a12345
12345aaa
12345abc
12345abcd
12345abcde
12345alex
12345anna
12345asd
12345asdf
12345asdfg
12345bob
12345cat
12345cfif
12345cyka
12345das
12345den
12345dima
12345fff
12345fhn
12345ira
12345ktyf
12345liza
12345love
12345lox
12345maks
12345mama
12345q12345
12345qaz
12345qazwsx
12345qazwsxedc
12345qqq
12345qwe
12345qwer
12345qwert
12345qwert7
12345qwertasdfg
12345qwerty
12345rbhz
12345rewq
12345roma
12345rtf
12345sasha
12345serg
12345six
12345slb
12345sos
12345tgb
12345trewq
12345vbh
12345vbif
12345vika
12345vlad
12345vova
12345vvv
12345vzp
12345wer
12345www
12345yfcnz
12345zaq
12345zxc
12345zxcv
12345zxcvb
12345zzz
12346789
12347777
12347890
12348765
12348878
12349876
123498765
1234aaaa
1234abcd
1234alex
1234anna
1234asdf
1234bcad
1234djdf
1234f4321
1234fdsa
1234five
1234four
1234fuck
1234jose
1234k1234
1234kekc
1234lera
1234love
1234maks
1234nata
1234oleg
1234pass
1234poiu
1234q1234
1234q4321
1234qazwsx
1234qazx
1234qw1234qw
1234qweasz
1234qwer
1234qwer1234
1234qwerasd
1234qwerasdf
1234qwerasdfzxcv
1234qwert
1234qwerty
1234r4321
1234rewq
1234rfnz
1234rmvb
1234rtyu
1234test
1234vfvf
1234xxxx
1234zxcv
1234zzzz
12351235
12351235m
12355321
12356789
12356790
12357895
123578951
12358008
12358132
123581321
12358132134
12361236
12362514
12365410
12365412
123654123
12365478
123654789
1236547890
123654789a
123654789fgt
123654789q
123654789qaz
123654789qwe
123654789z
123654789zx
123654987
123654aa
123654as
123654qw
123654qwe
12369852
123698521
123698547
1236987005
12369874
123698741
12369874123
12369874123c
123698745
1236987456
123698745a
123698745m
123698745q
12369874q
12369874qq
1236987a
1236987q
1236987z
1236996321
12371237
12378900
123789123
123789147
123789258
12378945
123789456
1237894560
123789456q
123789654
123789852
123789987321
12381238
1238kzkz
12391239
123987123
12398745
123987456
12398755q
123987654
123987asd
123987qw
123a123a
123a456a
123a456b
123a456b789c
123aa321
123aaa123
123abc12
123abc123
123abc123abc
123abc321
123abc45
123abc456
123abcdef
123admin
123admin3
123alex123
123alina
123anton
123as123
123asd12
123asd123
123asd456
123asdfg
123asdzxc
123azat654
123bfg123bfg
123blk123
123boots1
123byron
123cbybqrbn
123ccc123
123computer
123dd123
123den123
123denis123
123dima123
123dolchie098
123elena
123ewq123
123ewqasd
123ewqasdcxz
123funny
123geniys321
123ghbdtn
123happy
123hello
123hfjdk147
123india
123joker
123joker777
123kevin
123kill166
123lol123
123masha
123mudar
123naruto
123nastya
123password
123php45
123pkt123
123pussy
123q123q
123q123w
123q456w
123qaz123
123qaz123qaz
123qaz456wsx
123qazwsx
123qazwsxedc
123qazxsw
123qq123
123qqq123
123qw123
123qw456
123qw456as
123qwaszx
123qwe098
123qwe12
123qwe123
123qwe123qwe
123qwe123qwe123
123qwe321
123qwe321ewq
123qwe45
123qwe456
123qwe456asd
123qwe456rty
123qwe4r
123qweas
123qweasd
123qweasdzx
123qweasdzxc
123qweasdzxc123
123qweasdzxcv
123qweqwe
123qwer123
123qwert
123qwerty
123qwerty123
123qwerty456
123qwertyuiop
123qwezxc
123reconect312
123roman
123samba
123sammy
123sas4758
123sasha
123smoke
123solei
123soleil
123stein
123stella
123tanya
123to123
123up456
123vfhbyf
123vfubcnhfkm
123vv123
123vvv123
123war456rus
123water
123www123
123x123x
123yfcnz
123z123z
123zx123
123zxc123
123zxc123zxc
123zxc456
123zxcvb
123zxcvbn
123zxcvbnm
12401240
12411241
124124124
12414566
12421106
12421242
12431243
12435687
1243568790
12439524
12441244
1244rmla
12451245
12456789
12457800
12457812
12457836
124578369
12457878
12457890
12457896
124578963
1245789630
12457896321
124578963a
12457898
124578986532
12461246
12471247
12481248
12481632
1248163264
1249052s
12491249
124jjwll
12501250
125125125
1251gd28
12521252
12531253
1253912539
12541254
125478963
12561256
12565084
12569987
125712571257d
12581258
12588521a
12591259
12601196
12601260
12611261
12621262
126427525
12651265
12661266
12671267
12681268
12691269
126965sb
12703575
12721272
12729886
1272sonofa
12741274
12751275
12758698
12761276
12771277
12781278
12787109
12791279
12811281
128177383
12820821
12821282
128256512
1283aaaa
12841284
12851285
12871287
12881288
12891289
12900921
12901290
12903478
12941294
12971297
12981298
129834765
1298612986
12991299
12a12a12a
12ab34cd
12andriy14
12aplpk7
12as12as
12as34df
12cnekmtd
12dima12
12dragon
12e3e456
12fduecnf
12fghtkz
12incher
12inches
12ital3y
12ledd86
12locked
12master
12meeka34
12monkey
12monkeys
12ozmouse
12q12q12q
12q34w56e
12qw12as
12qw12qw
12qw34er
12qw34er56ty
12qwas12
12qwasyx
12qwaszx
12qwaszx34erdfcv
12qwer34
12qwerty
12r12r12r
12s3t4p55
12sambo10
12short2
12stones
12string
12taxi34
12thorde
12travel
12tribes
12vtczwtd
12w31w111
12w34r56y
12winter
12wq12wq
12wqasxz
12wrench
12zx34cv
12zxcvbn
12zz34xx
13000742
13001300
13011301
13011950
13011951
13011952
13011953
13011954
13011955
13011956
13011957
13011958
13011959
13011960
13011961
13011962
13011963
13011964
13011965
13011966
13011967
13011968
13011969
13011970
13011971
13011972
13011973
13011974
13011975
13011976
13011977
13011978
13011979
13011980
13011981
13011982
13011982m
13011983
13011984
13011985
13011986
13011987
13011988
13011989
13011990
13011991
13011992
13011993
13011994
13011995
13011996
13011997
13011998
13011999
13012000
13012001
13012002
13012004
13012005
13012006
13012007
13012010
13019513
13021100
13021302
13021948
13021949
13021953
13021954
13021955
13021956
13021957
13021958
13021959
13021960
13021961
13021962
13021963
13021964
13021965
13021966
13021967
13021968
13021969
13021970
13021971
13021972
13021973
13021974
13021975
13021976
13021977
13021978
13021979
13021980
13021981
13021982
13021983
13021984
13021985
13021986
13021987
13021988
13021989
13021990
13021991
13021992
13021993
13021994
13021995
13021996
13021997
13021998
13021999
13022000
13022001
13022002
13022003
13022004
13022006
13022007
13022009
1302alex1994
13031303
13031948
13031950
13031951
13031952
13031953
13031954
13031955
13031956
13031957
13031958
13031959
13031960
13031961
13031962
13031963
13031964
13031965
13031966
13031967
13031968
13031969
13031970
13031971
13031972
13031973
13031974
13031975
13031976
13031977
13031978
13031979
13031980
13031981
13031982
13031983
13031984
13031985
13031986
13031986h
13031987
13031988
13031989
13031990
13031991
13031992
13031993
13031994
13031995
13031996
13031997
13031998
13031999
13032000
13032001
13032002
13032003
13032006
13032008
13032010
13041304
13041946
13041947
13041949
13041950
13041951
13041952
13041954
13041955
13041956
13041957
13041958
13041959
13041960
13041961
13041962
13041963
13041964
13041965
13041966
13041967
13041968
13041969
13041970
13041971
13041972
13041973
13041974
13041975
13041976
13041977
13041978
13041979
13041979g
13041980
13041981
13041982
13041983
13041984
13041984m
13041985
13041985m
13041986
13041987
13041988
13041989
13041990
13041990m
13041991
13041992
13041993
13041994
13041995
13041996
13041997
13041998
13041999
13042000
13042001
13042004
13042005
13042007
13042009
13042010
13051305
13051947
13051949
13051951
13051952
13051953
13051954
13051955
13051956
13051957
13051958
13051959
13051960
13051961
13051962
13051963
13051964
13051965
13051966
13051967
13051968
13051969
13051970
13051971
13051972
13051973
13051974
13051975
13051976
13051977
13051978
13051979
13051980
13051981
13051982
13051983
13051984
13051985
13051986
13051987
13051988
13051989
13051990
13051991
13051992
13051993
13051994
13051995
13051996
13051997
13051998
13051999
13052000
13052001
13052002
13052003
13052004
13052006
13052009
13052010
13061306
13061945
13061949
13061951
13061952
13061954
13061955
13061957
13061958
13061959
13061960
13061961
13061962
13061963
13061964
13061965
13061966
13061967
13061968
13061969
13061970
13061971
13061972
13061973
13061974
13061975
13061976
13061977
13061978
13061979
13061980
13061981
13061982
13061983
13061984
13061985
13061986
13061987
13061988
13061989
13061990
13061990q
13061991
13061992
13061993
13061994
13061995
13061996
13061997
13061998
13061999
13062000
13062001
13062002
13062003
13062004
13062006
13062007
13071307
13071945
13071946
13071947
13071949
13071952
13071953
13071954
13071955
13071956
13071957
13071958
13071959
13071960
13071961
13071962
13071963
13071964
13071965
13071966
13071967
13071968
13071969
13071970
13071971
13071972
13071973
13071974
13071975
13071976
13071977
13071978
13071979
13071980
13071981
13071982
13071983
13071984
13071985
13071986
13071987
13071988
13071989
13071990
13071991
13071992
13071993
13071994
13071995
13071996
13071997
13071998
13071999
13072000
13072001
13072002
13072003
13072006
13072007
13081308
13081488
13081946
13081948
13081949
13081950
13081951
13081952
13081953
13081955
13081956
13081957
13081958
13081959
13081960
13081961
13081962
13081963
13081964
13081965
13081966
13081967
13081968
13081969
13081970
13081971
13081972
13081973
13081974
13081975
13081976
13081977
13081978
13081979
13081980
13081981
13081982
13081983
13081984
13081985
13081986
13081987
13081988
13081989
13081990
13081991
13081992
13081993
13081994
13081995
13081996
13081997
13081998
13081999
13082000
13082001
13082002
13082003
13082004
13082006
13082007
13082010
13082412860
13091309
13091949
13091951
13091953
13091954
13091955
13091956
13091957
13091958
13091959
13091960
13091961
13091962
13091963
13091964
13091965
13091966
13091967
13091968
13091969
13091970
13091971
13091972
13091973
13091974
13091975
13091976
13091977
13091978
13091979
13091980
13091981
13091982
13091983
13091984
13091985
13091986
13091987
13091988
13091989
13091990
13091991
13091992
13091993
13091994
13091995
13091996
13091997
13091998
13091999
13092000
13092001
13092002
13092003
13092005
13092006
13092007
13092008
13092010
130976asd
1309892170
13101310
13101946
13101948
13101954
13101955
13101956
13101957
13101958
13101959
13101960
13101961
13101962
13101963
13101964
13101965
13101966
13101967
13101968
13101969
13101970
13101971
13101972
13101973
13101974
13101975
13101976
13101977
13101978
13101979
13101980
13101981
13101982
13101983
13101984
13101985
13101986
13101987
13101988
13101989
13101990
13101991
13101992
13101993
13101994
13101995
13101996
13101997
13101998
13101999
13102000
13102001
13102003
13102004
13102005
13102006
13102007
13102008
13111311
13111948
13111952
13111953
13111954
13111955
13111956
13111957
13111958
13111959
13111960
13111961
13111962
13111963
13111964
13111965
13111966
13111967
13111968
13111969
13111970
13111971
13111972
13111973
13111974
13111975
13111976
13111977
13111978
13111979
13111980
13111981
13111982
13111983
13111984
13111985
13111986
13111987
13111988
13111989
13111990
13111991
13111992
13111993
13111994
13111995
13111996
13111997
13111998
13111999
13112000
13112001
13112002
13112003
13112005
13112006
13112007
13112008
13112009
131131131
13121110
13121312
13121949
13121950
13121951
13121952
13121953
13121954
13121955
13121956
13121957
13121958
13121959
13121960
13121961
13121962
13121963
13121964
13121965
13121966
13121967
13121968
13121969
13121970
13121971
13121972
13121973
13121974
13121975
13121976
13121977
13121978
13121979
13121980
13121981
13121982
13121983
13121984
13121984m
13121985
13121986
13121987
13121988
13121989
13121990
13121991
13121992
13121993
13121994
13121995
13121996
13121997
13121998
13121999
13122000
13122001
13122003
13122006
13122007
13122008
13122010
13125615
13131313
1313131313
131313131313
13131322
13131369
13132424
13133131
13141314
13141516
13151315
13151719
13154700
13161316
13171317
13181318
13191319
13201320
13211321
132132132
13221322
13231323
13241324
13243546
132435465
1324354657
13243546576879
1324354657687980
13245678
132456789
13245768
132457689
13246578
1324657809
13246579
132465798
1324657980
13246587
13251325
132536gt-r
13261326
13271327
13281328
13291329
132forever
13301330
1330brun
13311331
133133133
13321332
13324124
13341334
13355779
13361336
13371337
13377331
1337crew
1337hax0
1337ness
13381338
13391339
133andre
13401340
13411341
13421342
13431343
13441344
13451345
13456789
134567890
13461346
1346789d
13467900
13467913
134679258
134679285
13467955
1346795q
13467982
134679825
13467985
134679852
1346798520
13471347
13481348
13491349
1349biff
134kzbip
134thill
13501350
13501505
13510000
13511351
135135ab
13514321
13521352
135246789
13531353
13541354
135481gu
13551355
13561356
13571113
13571357
13572468
1357642a
13576479
13577531
13578642a
13579000
1357902468
1357908642
1357908642q
135791113
1357911q
13579123
13579135
135791357
1357913579
13579246
135792468
1357924680
135792468q
135797531
135798462
135798642
1357986420
135798642q
1357997531
13579asd
13579qetu
13579qetuo
13579qwe
1357qetu
13581358
13591359
13601360
13611361
136149ant
13621362
13631363
1364795bl
13651365
1365295o
136611gt
13661366
1366613666
1366613gromf
13671367
13681088
13691369
13691528
13699631
13701370
13711371
13721372
13725198
13731373
13741374
137465331
1374653317652
13751375
13761376
13771377
137728806
13781378
13791379
13792468
13792846
1379513795
13798246
13799731
13801380
13821382
13831383
13851385
13861386
13869301
13871387
13881388
13887706
13891389
138slayer
13901390
13908ill
13941394
13951395
1395tier
13971231
13971397
13972684
13974268
139742685
13981398
13dragon
13fduecnf
13ghosts
13holz13
13magi57
13porosat
13qwerty
13rhfcyjlfh
13silk83
13sundin
13targuy
13tiger4
14001400
14011401
14011946
14011947
14011952
14011953
14011954
14011955
14011957
14011958
14011959
14011960
14011961
14011962
14011963
14011964
14011965
14011966
14011967
14011968
14011969
14011970
14011971
14011972
14011973
14011974
14011975
14011976
14011977
14011978
14011979
14011980
14011981
14011982
14011983
14011984
14011985
14011986
14011987
14011988
14011989
14011990
14011991
14011992
14011993
14011994
14011994n
14011995
14011996
14011997
14011998
14011999
14012000
14012001
14012002
14012003
14012004
14012005
14012006
14012009
14021402
14021948
14021949
14021950
14021952
14021953
14021954
14021955
14021956
14021957
14021958
14021959
14021960
14021961
14021962
14021963
14021964
14021965
14021966
14021967
14021968
14021969
14021970
14021971
14021972
14021973
14021974
14021975
14021976
14021977
14021978
14021979
14021980
14021981
14021982
14021983
14021984
14021985
14021986
14021987
14021988
14021989
14021990
14021991
14021992
14021992004urban
14021993
14021994
14021995
14021996
14021997
14021998
14021999
14022000
14022001
14022002
14022003
14022006
14022007
14022008
14022009
14022011
14022310
14031403
14031947
14031949
14031950
14031951
14031953
14031954
14031955
14031956
14031957
14031958
14031959
14031960
14031961
14031962
14031963
14031964
14031965
14031966
14031967
14031968
14031969
14031970
14031971
14031972
14031973
14031974
14031975
14031976
14031977
14031978
14031979
14031980
14031981
14031982
14031983
14031984
14031985
14031986
14031987
14031988
14031988m
14031989
14031990
14031991
14031992
14031993
14031994
14031995
14031996
14031997
14031998
14031999
14032000
14032001
14032002
14032003
14032005
14032007
14032010
14032011
14041404
14041948
14041949
14041950
14041951
14041952
14041954
14041955
14041956
14041957
14041957n
14041958
14041959
14041960
14041961
14041962
14041963
14041964
14041965
14041966
14041967
14041968
1404196841
14041969
14041970
14041971
14041972
14041973
14041974
14041975
14041976
14041977
14041978
14041979
14041980
14041981
14041982
14041983
14041984
14041985
14041986
14041987
14041988
14041989
14041990
14041990m
14041991
14041992
14041992m
14041993
14041994
14041994m
14041995
14041996
14041997
14041998
14041999
14042000
14042001
14042002
14042003
14042004
14042005
14042006
14042007
14042008
14051405
14051900
14051950
14051951
14051952
14051953
14051954
14051955
14051956
14051957
14051958
14051959
14051960
14051961
14051962
14051963
14051964
14051965
14051966
14051967
14051968
14051969
14051970
14051971
14051972
14051973
14051974
14051975
14051976
14051977
14051978
14051979
14051980
14051981
14051982
14051983
14051984
14051985
14051986
14051987
14051987m
14051988
14051989
14051990
14051991
14051992
14051993
14051993j
14051994
14051995
14051996
14051997
14051997sergey
14051998
14051999
14052000
14052001
14052002
14052003
14052004
14052005
14052007
14052008
14052009
14052010
1405932009
14061406
14061945
14061950
14061951
14061953
14061954
14061955
14061957
14061958
14061959
14061960
14061961
14061962
14061963
14061964
14061965
14061966
14061967
14061968
14061969
14061970
14061971
14061972
14061973
14061974
14061975
14061976
14061977
14061978
14061979
14061980
14061981
14061982
14061983
14061984
14061985
14061986
14061987
14061988
14061989
14061990
14061991
14061992
14061993
14061994
14061995
14061995m
14061996
14061997
14061998
14061999
14062000
14062001
14062002
14062003
14062004
14062005
14062006
14062008
14071407
14071789
14071949
14071950
14071951
14071952
14071953
14071954
14071955
14071956
14071957
14071958
14071959
14071960
14071961
14071962
14071963
14071964
14071965
14071966
14071967
14071968
14071969
14071970
14071971
14071972
14071973
14071974
14071975
14071976
14071977
14071978
14071979
14071980
14071981
14071982
14071983
14071984
14071985
14071986
14071987
14071988
14071989
14071990
14071991
14071992
14071993
14071994
14071995
14071996
14071997
14071998
14071999
14072000
14072001
14072002
14072003
14072004
14072005
14072006
14072007
14072008
14081408
14081946
14081949
14081950
14081951
14081953
14081954
14081955
14081956
14081957
14081958
14081959
14081960
14081961
14081962
14081963
14081964
14081965
14081966
14081967
14081968
14081969
14081970
14081971
14081972
14081973
14081974
14081975
14081976
14081977
14081978
14081979
14081980
14081981
14081982
14081983
14081984
14081985
14081986
14081987
14081988
14081989
14081990
14081991
14081992
14081993
14081994
14081995
14081996
14081997
14081998
14081999
14082000
14082001
14082002
14082003
14082005
14082006
14082007
14082008
14085913z
14091900
14091946
14091948
14091950
14091951
14091952
14091953
14091954
14091955
14091956
14091957
14091958
14091959
14091960
14091961
14091962
14091963
14091964
14091965
14091966
14091967
14091968
14091969
14091970
14091971
14091972
14091973
14091974
14091975
14091976
14091977
14091978
14091979
14091980
14091981
14091982
14091983
14091984
14091985
14091986
14091987
14091988
14091989
14091990
14091991
14091992
14091993
14091993n
14091994
14091995
14091996
14091997
14091998
14091999
14092000
14092001
14092002
14092003
14092004
14092007
14092009
14101410
14101943
14101946
14101948
14101950
14101951
14101952
14101953
14101954
14101955
14101956
14101957
14101958
14101959
14101960
14101961
14101962
14101963
14101964
14101965
14101966
14101967
14101968
14101969
14101970
14101971
14101972
14101973
14101974
14101975
14101976
14101977
14101978
14101979
14101980
14101981
14101982
14101983
14101984
14101985
14101986
14101987
14101988
14101989
14101990
14101991
14101992
14101993
14101994
14101995
14101996
14101997
14101998
14101999
14102000
14102001
14102002
14102003
14102006
14102008
141094lyuba
1410mcdx
14111411
14111900
14111946
14111947
14111949
14111950
14111952
14111954
14111955
14111956
14111957
14111958
14111959
14111960
14111961
14111962
14111963
14111964
14111965
14111966
14111967
14111968
14111969
14111970
14111971
14111972
14111973
14111974
14111975
14111976
14111977
14111978
14111979
14111980
14111980n
14111981
14111982
14111983
14111984
14111984m
14111985
14111986
14111987
14111988
14111989
14111990
14111990n
14111991
14111992
14111993
14111994
14111995
14111996
14111997
14111998
14111999
14112000
14112001
14112002
14112005
14112006
14112007
14112008
14118103
14121412
14121948
14121950
14121951
14121952
14121953
14121954
14121955
14121956
14121957
14121958
14121959
14121960
14121961
14121962
14121963
14121964
14121965
14121966
14121967
14121968
14121969
14121970
14121971
14121972
14121973
14121974
14121975
14121976
14121977
14121978
14121979
14121980
14121981
14121982
14121983
14121984
14121985
14121986
14121987
14121988
14121989
14121990
14121991
14121992
14121993
14121994
14121995
14121995vlad
14121996
14121997
14121998
14121999
14122000
14122001
14122002
14122005
14122007
14122008
14122009
14131211
14131212
141312190296q
14131413
14141414
14142135
14151415
14151617
14159265
14161416
14171417
14181418
14183945
14201420
14211421
14215469
14221422
14231423
14235867
14241424
14251425
1425360g
14253647
142536475869
14253678
142536789
142536abc
14261426
14271427
142753869
14291429
14301430
14311431
143137jmn
14314314
143143143
14321432
14331433
14341434
143445254
14351435
14361071
14361436
14371437
14381438
143iloveyou
143klbd2
14401440
14411441
14421442
14431443
14461545
14471447
14491449
14501450
14511281
14511451
14521452
14523678
1452368910q
14523698
145236987
14531453
1453mcal
14541454
14551455
14561456
1456978523
14571457
14581458
14589632
14591459
14601892
14621462
14631463
14661466
14691469
14701470
14711471
1471214712qwe
147123159
14714714
147147147
147159123
14721472
1472580369
14725836
147258369
1472583690
147258369147258369
147258369a
147258369m
147258369q
147258369z
147258963
147369258
147369852
14741474
14751475
14763950
14781478
14785236
147852369
1478523690
14785236987
147852369a
147852369q
147852369z
147852963
147852gogozen
147852zes
14789630
1478963025
14789632
147896321
1478963215
147896321d
147896325
1478963250
1478963258
147896325a
14789635
1478963as
1478963qaz
147896523
14791479
14796325
147963258
147qwer741
14801480
14811481
14821482
14841484
14881488
148814881488
14881488wpcc
14888814
1488ss1488
148axe5312
1491157935
14921492
1492blue
14938685
14961496
14971497
14991499
14atdhfkz
14b0rn85
14bestlist
14blighcrt
14eiuee88
14grange
14larrym
14maggio
14maxmud
14mejlrd
14passr578
14ross14
14september
14slava0797
14soccer
14vbqk9p
14zydfhz
15001500
15002863
1500370sss
15011501
15011949
15011950
15011951
15011952
15011954
15011955
15011956
15011957
15011958
15011959
15011960
15011961
15011962
15011963
15011964
15011965
15011966
15011967
15011968
15011969
15011970
15011971
15011972
15011973
15011974
15011975
15011976
15011977
15011978
15011979
15011980
15011981
15011982
15011983
15011984
15011985
15011986
15011987
15011988
15011989
15011990
15011991
15011992
15011993
15011994
15011995
15011996
15011997
15011998
15011999
15012000
15012001
15012003
15012004
15012005
15012006
15012007
15012008
15012010
150150150
15021502
15021949
15021950
15021951
15021952
15021953
15021954
15021955
15021956
15021957
15021958
15021959
15021960
15021961
15021962
15021963
15021964
15021965
15021966
15021967
15021968
15021969
15021970
15021971
15021972
1502197202
15021973
15021974
15021975
15021976
15021977
15021978
15021979
15021980
15021981
15021982
15021983
15021984
15021985
15021986
15021987
15021988
15021989
15021990
15021991
15021992
15021993
15021994
15021995
15021996
15021997
15021998
15021999
15022000
15022001
15022002
15022008
15022009
15022010
15022011
150272gb
15031503
15031946
15031949
15031951
15031952
15031954
15031955
15031956
15031957
15031958
15031959
15031960
15031961
15031962
15031963
15031964
15031965
15031966
15031967
15031968
15031969
15031970
15031971
15031972
15031973
15031974
15031975
15031976
15031977
15031978
15031979
15031980
15031981
15031982
15031983
15031984
15031985
15031986
15031987
15031987m
15031988
15031989
15031990
15031991
15031992
15031993
15031994
15031995
15031996
15031997
15031998
15031999
15032000
15032001
15032002
15032003
15032004
15032005
15032006
15032007
15032008
15032009
15032010
1503900qwas
15041504
15041946
15041949
15041951
15041952
15041953
15041954
15041955
15041956
15041957
15041958
15041959
15041960
15041961
15041962
15041963
15041964
15041965
15041966
15041967
15041968
15041969
15041970
15041971
15041972
15041973
15041974
15041975
15041976
15041977
15041978
15041979
15041980
15041981
15041982
15041983
15041984
15041985
15041986
15041987
15041988
15041989
15041990
15041991
15041992
15041993
15041994
15041995
15041996
15041997
15041998
15041999
15042000
15042001
15042002
15042003
15042005
15042007
15042010
15051505
15051939
15051945
15051946
15051947
15051949
15051950
15051951
15051952
15051954
15051955
15051956
15051957
15051958
15051959
15051960
15051961
15051962
15051963
15051964
15051965
15051966
15051967
15051968
15051969
15051970
15051971
15051972
15051973
15051974
15051975
15051976
15051977
15051978
15051979
15051980
15051981
15051982
15051983
15051984
15051985
15051986
15051987
15051988
15051989
15051990
15051990n
15051991
15051992
15051993
15051994
15051995
15051996
15051997
15051998
15051999
15052000
15052001
15052002
15052004
15052005
15052006
15052007
15052008
15052009
15057350
15061506
15061947
15061949
15061950
15061952
15061953
15061954
15061955
15061956
15061957
15061958
15061959
15061960
15061961
15061962
15061963
15061964
15061965
15061966
15061967
15061968
15061969
15061970
15061971
15061972
15061973
15061974
15061975
15061976
15061977
15061978
15061979
15061980
15061981
15061982
15061983
15061984
15061985
15061986
15061987
15061988
15061989
15061990
15061991
15061992
15061993
15061994
15061995
15061996
15061997
15061998
15061999
15062000
15062001
15062002
15062003
15062005
15062006
15062009
15062010
15062011
15071950
15071952
15071953
15071954
15071955
15071956
15071957
15071958
15071959
15071960
15071961
15071962
15071963
15071964
15071965
15071966
15071967
15071968
15071969
15071970
15071971
15071972
15071973
15071974
15071975
15071976
15071977
15071978
15071979
15071980
15071981
15071982
15071983
15071984
15071985
15071986
15071987
15071988
15071989
15071990
15071991
15071992
15071993
15071994
15071995
15071996
15071997
15071998
15071999
15072000
15072001
15072003
15072004
15072005
15072006
15072008
15072009
15081508
15081947
15081948
15081949
15081950
15081951
15081952
15081953
15081954
15081955
15081956
15081957
15081958
15081959
15081960
15081961
15081962
15081963
15081964
15081965
15081966
15081967
15081968
15081969
15081970
15081971
15081972
15081973
15081974
15081975
15081976
15081977
15081978
15081979
15081980
15081981
15081982
15081983
15081984
15081985
15081986
15081987
15081988
15081989
15081989789
15081990
15081991
15081992
15081993
15081994
15081995
15081996
15081997
15081998
15081999
15082000
15082001
15082002
15082003
15082005
15082006
15082007
15082008
15082009
15082010
15082011
15091509
15091949
15091950
15091951
15091952
15091953
15091954
15091955
15091956
15091957
15091958
15091959
15091960
15091961
15091962
15091963
15091964
15091965
15091966
15091967
15091968
15091969
15091970
15091971
15091972
15091973
15091974
15091975
15091976
15091977
15091978
15091979
15091980
15091981
15091982
15091983
15091984
15091985
15091986
15091987
15091988
15091989
15091990
15091991
15091992
15091993
15091994
15091995
15091996
15091997
15091998
15091999
15092000
15092001
15092002
15092003
15092005
15092006
15092007
15092009
15099051
15101510
15101900
15101946
15101947
15101949
15101950
15101951
15101952
15101953
15101954
15101955
15101956
15101957
15101958
15101959
15101960
15101961
15101962
15101963
15101964
15101965
15101966
15101967
15101968
15101969
15101970
15101971
15101972
15101973
15101974
15101975
15101976
15101977
15101978
15101979
15101980
15101981
15101982
15101983
15101984
15101985
15101986
15101987
15101988
15101989
15101990
15101991
15101992
15101993
15101994
15101995
15101996
15101997
15101998
15101999
15102000
15102001
15102002
15102003
15102004
15102005
15102007
15102008
15102010
15102011
151069mm
15111946
15111947
15111949
15111950
15111951
15111952
15111953
15111954
15111955
15111956
15111957
15111958
15111959
15111960
15111961
15111962
15111963
15111964
15111965
15111966
15111967
15111968
15111969
15111970
15111971
15111972
15111973
15111974
15111975
15111976
15111977
15111978
15111979
15111980
15111981
15111982
15111983
15111984
15111985
15111986
15111987
15111988
15111989
15111989m
15111990
15111991
15111992
15111993
15111994
15111995
15111996
15111997
15111998
15111999
15112000
15112001
15112002
15112003
15112006
15112007
15112008
151200ad
15121512
15121910
15121946
15121950
15121951
15121953
15121954
15121955
15121956
15121957
15121958
15121959
15121960
15121961
15121962
15121963
15121964
15121965
15121966
15121967
15121968
15121969
15121970
15121971
15121972
15121973
15121974
15121975
15121976
15121977
15121978
15121979
15121980
15121981
15121982
15121983
15121984
15121985
15121985n
15121986
15121987
15121988
15121989
15121990
15121991
15121992
15121993
15121994
15121995
15121996
15121997
15121998
15121999
15122000
15122001
15122002
15122003
15122004
15122005
15122006
15122007
15131513
15141312
1514131211
15141514
15150267
15151515
15152535
15161516
15161718
15171517
15175738
15181518
15191519
15198003
151nxjmt
15201520
15211521
152152152
15221522
15231523
152369563
15241524
15243334
15251525
15252526
15253545
1525354555
15253555
15261526
15263748
15271527
15281528
15291529
152geczn
15301530
153153153
15321532
153251992
15331533
1533355ddddd
15341534
15351535
15357595
15357iv8
15361536
153695741
15371537
15381538
15391539
15411541
15421135
15421542
15426378
154263789
15426378a
15426378zil
154322358
154384958d
15451545
15471547
15472466i
15481548
15491549
154ugeiu
15501550
15511551
15519639
155196392
15521552
15531553
15541554
15541632
15551708
15561556
15593557
15600000
15611561
1561560651
15627274
15631563
15641564
15651565
156521767
15671567
15681568
15691569
15701570
15711571
1575143h
15751575
15781578
15791579
15801580
15811581
158158qq
15821582
15858596
15861586
15871587
15877996
15891589
158uefas
15901590
15911591
159159159
159237846
159258357
159263487
15931593
15935700
159357000
159357050505
15935712
159357123
159357159357
1593572468
1593572486
15935725
159357258
159357258456
15935728
1593572846
15935745
159357456
159357456258
15935746
1593574628
1593574682
1593574862
1593578246
15935785
159357852
15935789
159357lik
159357qq
159357zxc
15941594
159456753
159487263
15951595
15961596
15963210
15963214
159632147
1596321q
159632478
159634789
15963574
159635741
15964865
15975300
159753000
15975312
159753123
15975313
15975314
159753147
15975315
159753159
159753159753
15975320
15975321
15975322
1597532486
15975325
159753258
159753258456
1597532684
15975328
1597532846
159753321
15975345
159753456
159753456852
15975346
1597534682
1597534862
15975355
159753654
15975369
159753789
15975382
1597538246
15975385
159753852
159753852456
15975391
159753abc
159753qaz
159753qq
159753qw
159753qwe
159753qwerty
159753zx
15981598
159874123
159874236
15987456
15987530
15987532
159875321
1598753246
15987532q
1598753a
15993210
15995100
159951123
159951159
15995123
15995133
159951357753
15996300
15997357
15a6df_91
15drluve
15fourty
15s0d623
15s9pu03
15stanle
15taylor
16001600
16011601
16011946
16011948
16011949
16011950
16011952
16011953
16011954
16011955
16011956
16011957
16011958
16011959
16011960
16011961
16011962
16011963
16011964
16011965
16011966
16011967
16011968
16011969
16011970
16011971
16011972
16011973
16011974
16011975
16011976
16011977
16011978
16011979
16011980
16011981
16011982
16011983
16011984
16011985
16011986
16011987
16011988
16011989
16011990
16011991
16011992
16011993
16011994
16011995
16011996
16011997
16011998
16011999
16012000
16012001
16012002
16012003
16012004
16012007
16021602
16021951
16021952
16021953
16021954
16021955
16021956
16021957
16021958
16021959
16021960
16021961
16021962
16021963
16021964
16021965
16021966
16021967
16021968
16021969
16021970
16021971
16021972
16021973
16021974
16021975
16021976
16021977
16021978
16021979
16021980
16021981
16021982
16021983
16021984
16021985
16021986
16021987
16021988
16021989
16021989m
16021990
16021991
16021992
16021993
16021994
16021995
16021996
16021997
16021998
16021999
16022000
16022001
16022002
16022003
16022006
16022008
16022010
16022011
16031603
16031900
16031949
16031950
16031951
16031952
16031953
16031955
16031956
16031957
16031958
16031959
16031960
16031961
16031962
16031963
16031964
16031965
16031966
16031967
16031968
16031969
16031970
16031971
16031972
16031973
16031974
16031975
16031976
16031977
16031978
16031979
16031980
16031981
16031982
16031983
16031984
16031985
16031986
16031987
16031988
16031989
16031990
16031991
16031992
16031993
16031994
16031995
16031996
16031997
16031998
16031999
16032000
16032001
16032002
16032003
16032004
16032007
16041604
16041949
16041951
16041952
16041953
16041954
16041955
16041956
16041957
16041958
16041959
16041960
16041961
16041962
16041963
16041964
16041965
16041966
16041967
16041968
16041969
16041970
16041971
16041972
16041973
16041974
16041975
16041976
16041977
16041978
16041979
16041980
16041981
16041982
16041983
16041984
16041985
16041986
16041987
16041988
16041989
16041990
16041991
16041992
16041993
16041994
16041995
16041996
16041997
16041998
16041999
16042000
16042001
16042002
16042003
16042005
16042006
16042007
16042008
16042009
16042010
16051605
16051952
16051953
16051954
16051955
16051956
16051957
16051958
16051959
16051960
16051961
16051962
16051963
16051964
16051965
16051966
16051967
16051968
16051969
16051970
16051971
16051972
16051973
16051974
16051975
16051976
16051977
16051977c
16051978
16051979
16051980
16051981
16051982
16051983
16051984
16051985
16051986
16051987
16051988
16051989
16051989n
16051990
16051990m
16051991
16051992
16051992n
16051993
16051994
16051994n
16051995
16051996
16051997
16051998
16051999
16052000
16052001
16052002
16052003
16052004
16052005
16052006
16052008
16061952
16061954
16061955
16061956
16061957
16061958
16061959
16061960
16061961
16061962
16061963
16061964
16061965
16061966
16061967
16061968
16061969
16061970
16061971
16061972
16061973
16061974
16061975
16061976
16061977
16061978
16061979
16061980
16061981
16061982
16061983
16061984
16061985
16061986
16061987
16061987m
16061988
16061989
16061990
16061991
16061992
16061993
16061994
16061995
16061996
16061997
16061998
16061999
16062000
16062002
16062003
16062004
16062006
16062007
16062009
16062010
16066061
16071607
16071948
16071949
16071951
16071952
16071953
16071955
16071956
16071957
16071958
16071959
16071960
16071961
16071962
16071963
16071964
16071965
16071966
16071967
16071968
16071969
16071970
16071971
16071972
16071973
16071974
16071975
16071976
16071977
16071978
16071979
16071980
16071981
16071982
16071983
16071984
16071985
16071986
16071987
16071988
16071989
16071990
16071991
16071992
16071993
16071994
16071995
16071996
16071997
16071998
16071999
16072000
16072001
16072002
16072003
16072004
16072005
16072007
16072008
16072010
16081608
16081948
16081949
16081950
16081952
16081953
16081954
16081955
16081956
16081957
16081958
16081959
16081960
16081961
16081962
16081963
16081964
16081965
16081966
16081967
16081968
16081969
16081970
16081971
16081972
16081973
16081974
16081975
16081976
16081977
16081978
16081979
16081980
16081981
16081982
16081983
16081984
16081985
16081986
16081987
16081988
16081989
16081990
16081991
16081992
16081993
16081993n
16081994
16081995
16081996
16081997
16081998
16081999
16082000
16082001
16082002
16082005
16082006
16082008
16082010
16091609
16091945
16091947
16091949
16091950
16091951
16091953
16091954
16091955
16091956
16091957
16091958
16091959
16091960
16091961
16091962
16091963
16091964
16091965
16091966
16091967
16091968
16091969
16091970
16091971
16091972
16091973
16091974
16091975
16091976
16091977
16091978
16091979
16091980
16091981
16091982
16091983
16091984
16091985
16091986
16091987
16091988
16091989
16091990
16091991
16091992
16091993
16091994
16091995
16091996
16091997
16091998
16091999
16092000
16092001
16092002
16092003
16092004
16092006
16092007
16092008
160watts
16101948
16101950
16101951
16101952
16101953
16101954
16101955
16101956
16101957
16101958
16101959
16101960
16101961
16101962
16101963
16101964
16101965
16101966
16101967
16101968
16101969
16101970
16101971
16101972
16101973
16101974
16101975
16101976
16101977
16101978
16101979
16101980
16101981
16101982
16101983
16101984
16101985
16101986
16101987
16101988
16101989
16101989j
16101990
16101991
16101992
16101993
16101994
16101995
16101996
16101997
16101998
16101999
16102000
16102001
16102002
16102006
16102007
16102010
16102011
16111611
16111950
16111951
16111952
16111953
16111955
16111956
16111957
16111958
16111959
16111960
16111961
16111962
16111963
16111964
16111965
16111966
16111967
16111968
16111969
16111970
16111971
16111972
16111973
16111974
16111975
16111976
16111977
16111978
16111979
16111980
16111981
16111982
16111983
16111984
16111985
16111986
16111987
16111988
16111989
16111990
16111991
16111992
16111993
16111994
16111995
16111996
16111997
16111998
16111999
16112000
16112001
16112002
16112003
16112007
16119200
16121612
16121946
16121948
16121949
16121950
16121951
16121952
16121953
16121954
16121955
16121956
16121957
16121958
16121959
16121960
16121961
16121962
16121963
16121964
16121965
16121966
16121967
16121968
16121969
16121970
16121971
16121972
16121973
16121974
16121975
16121976
16121977
16121978
16121979
16121980
16121981
16121982
16121983
16121984
16121985
16121986
16121987
16121988
16121989
16121990
16121991
16121992
16121993
16121994
16121994m
16121995
16121996
16121997
16121998
16121999
16122000
16122002
16122004
16122005
16122006
16122007
16122008
16131613
16137055r
16151615
16161616
16171617
16181618
16191619
16199206
16201620
16211621
16221622
1623142323
16241624
16251625
16252829
16261626
16271627
1627384950
16281628
16291629
16311631
16341634
16361280
16401640
16411641
16421642
1642nbgd
16431643
16451645
16461646
16491649
16541654
16561656
16562044
165mailru
16601660
16611661
16621662
16629099
16641664
16654321
16661666
16681668
16701670
16712664
16721672
16729438
16771677
16777216
16781678
16791679
16794300
16851750
168677973
16881688
16901690
1690xmal
16911691
169125bc
16929674
16961696
16981698
16church
17011701
17011947
17011948
17011949
17011950
17011951
17011953
17011954
17011955
17011956
17011957
17011958
17011959
17011960
17011961
17011962
17011963
17011964
17011965
17011966
17011967
17011968
17011969
17011970
17011971
17011972
17011973
17011974
17011975
17011976
17011977
17011978
17011979
17011980
17011981
17011982
17011983
17011984
17011985
17011986
17011987
17011988
17011988n
17011989
17011990
17011991
17011992
17011993
17011994
17011995
17011996
17011997
17011998
17011999
17012000
17012001
17012002
17012003
17012005
17012006
17012007
17012008
17012009
17012010
17021702
17021947
17021948
17021950
17021950h
17021952
17021953
17021954
17021955
17021956
17021957
17021958
17021959
17021960
17021961
17021962
17021963
17021964
17021965
17021966
17021967
17021968
17021969
17021970
17021970n
17021971
17021972
17021973
17021974
17021975
17021976
17021977
17021978
17021979
17021980
17021981
17021982
17021983
17021984
17021985
17021986
17021987
17021988
17021989
17021990
17021991
17021992
17021993
17021994
17021995
17021996
17021997
17021998
17021999
17022000
17022001
17022002
17022004
17022005
17022006
17022008
17022009
17022011
1702alex1991
17031703
17031947
17031949
17031950
17031952
17031953
17031954
17031955
17031956
17031957
17031958
17031959
17031960
17031961
17031962
17031963
17031964
17031965
17031966
17031967
17031968
17031969
17031970
17031971
17031972
17031973
17031974
17031975
17031976
17031977
17031978
17031979
17031980
17031981
17031982
17031983
17031984
17031985
17031986
17031987
17031988
17031989
17031990
17031991
17031992
17031993
17031994
17031995
17031996
17031997
17031998
17031999
17032000
17032001
17032002
17032003
17032004
17032005
17032006
17032007
17032009
17041704
17041900
17041910
17041947
17041953
17041954
17041955
17041956
17041957
17041958
17041959
17041960
17041961
17041962
17041963
17041964
17041965
17041966
17041967
17041968
17041969
17041970
17041971
17041972
17041973
17041974
17041975
17041976
17041977
17041978
17041979
17041980
17041981
17041982
17041983
17041984
17041985
17041986
17041987
17041988
17041989
17041990
17041991
17041992
17041993
17041994
17041995
17041996
17041997
17041998
17041999
17042000
17042001
17042004
17042006
17042008
17042009
17042010
17051705
17051947
17051949
17051950
17051951
17051952
17051954
17051955
17051956
17051957
17051958
17051959
17051960
17051961
17051962
17051963
17051964
17051965
17051966
17051967
17051968
17051969
17051970
17051971
17051972
17051973
17051974
17051975
17051976
17051977
17051978
17051979
17051980
17051981
17051982
17051983
17051984
17051985
17051986
17051987
17051987m
17051988
17051989
17051990
17051991
17051992
17051993
17051994
17051995
17051996
17051997
17051998
17051999
17052000
17052001
17052002
17052003
17052004
17052005
17052006
17052008
17052009
17052010
170599zz
17061706
17061900
17061946
17061947
17061951
17061952
17061953
17061954
17061955
17061956
17061957
17061958
17061959
17061960
17061961
17061962
17061963
17061964
17061965
17061966
17061967
17061968
17061969
17061970
17061971
17061972
17061973
17061974
17061975
17061976
17061977
17061978
17061979
17061980
17061981
17061982
17061983
17061984
17061985
17061986
17061987
17061988
17061989
17061990
17061991
17061992
17061993
17061994
17061995
17061996
17061997
17061998
17061999
17062000
17062001
17062002
17062003
17062005
17062006
17062007
17062008
17062010
17071707
17071900
17071947
17071950
17071953
17071954
17071955
17071956
17071957
17071958
17071959
17071960
17071961
17071962
17071963
17071964
17071965
17071966
17071967
17071968
17071969
17071970
17071971
17071972
17071973
17071974
17071975
17071976
17071977
17071978
17071979
17071980
17071981
17071982
17071983
17071984
17071985
17071986
17071986m
17071987
17071988
17071989
17071990
17071991
17071992
17071993
17071994
17071994a
17071995
17071996
17071997
17071998
17071999
17072000
17072001
17072002
17072003
17072004
17072007
17072009
17072010
17081951
17081954
17081955
17081956
17081957
17081958
17081959
17081960
17081961
17081962
17081963
17081964
17081965
17081966
17081967
17081968
17081969
17081970
17081971
17081972
17081973
17081974
17081975
17081976
17081977
17081977m
17081978
17081979
17081980
17081981
17081982
17081983
17081984
17081985
17081986
17081987
17081988
17081989
17081990
17081991
17081992
17081993
17081994
17081995
17081996
17081997
17081998
17081999
17082000
17082001
17082002
17082004
17082005
17082007
17082008
17082010
17082010a
170855bs
17091709
17091948
17091949
17091952
17091953
17091954
17091955
17091956
17091957
17091958
17091959
17091960
17091961
17091962
17091963
17091964
17091965
17091966
17091967
17091968
17091969
17091970
17091971
17091972
17091973
17091974
17091975
17091976
17091977
17091978
17091979
17091980
17091981
17091982
17091983
17091984
17091985
17091986
17091987
17091988
17091989
17091990
17091991
17091992
17091993
17091993q
17091994
17091995
17091996
17091997
17091998
17091999
17092000
17092001
17092002
17092005
17092007
17092010
17101710
17101900
17101947
17101949
17101953
17101954
17101955
17101956
17101957
17101958
17101959
17101960
17101961
17101962
17101963
17101964
17101965
17101966
17101967
17101968
17101969
17101970
17101971
17101972
17101973
17101974
17101975
17101976
17101977
17101978
17101979
17101979m
17101980
17101981
17101982
17101983
17101984
17101985
17101986
17101987
17101988
17101989
17101990
17101991
17101992
17101992m
17101993
17101993and
17101994
17101995
17101996
17101997
17101998
17101999
17102000
17102001
17102002
17102003
17102005
17102006
17102007
17102008
17111711
17111949
17111951
17111954
17111956
17111957
17111958
17111959
17111960
17111961
17111962
17111963
17111964
17111965
17111966
17111967
17111968
17111969
17111970
17111971
17111972
17111973
17111974
17111975
17111976
17111977
17111978
17111979
17111980
17111981
17111982
17111983
17111984
17111985
17111986
17111987
17111988
17111989
17111990
17111991
17111992
17111993
17111994
17111995
17111996
17111997
17111998
17111999
17112000
17112001
17112002
17112004
17112005
17112006
17112007
17112008
17121712
17121948
17121950
17121951
17121952
17121954
17121955
17121956
17121957
17121958
17121959
17121960
17121961
17121962
17121963
17121964
17121965
17121966
17121967
17121968
17121969
17121970
17121971
17121972
17121973
17121974
17121975
17121976
17121977
17121978
17121979
17121980
17121981
17121982
17121983
17121984
17121985
17121986
17121987
17121988
17121989
17121990
17121991
17121992
17121993
17121994
17121995
17121996
17121997
17121998
17121999
17122000
17122001
17122002
17122003
17122009
17122010
17131713
17141714
17151715
17161716
17171717
1717171717
17171717aa
17181718
17201720
17211721
172158923
17221722
17231723
17241724
17257aaa
17271727
17281728
17283900
17283945
172839456
17283963
172839654
17291729
17308913
17311731
17320508
17321732
17351735
17351812
17371737
17391739
17401740
17421742
17422079
1742223r
174372362579
17451745
17471747
17472952
17501750
17513669
17521752
17531753
17536428
17541754
175701550
17571757
17631763
17641764
17652548
17691769
17711771
17711771s
17739665
17740426
17751775
17761776
17761968
17771777
17811781
17831783
17841784
17842715
17851785
17871787
17891789
17911791
17931793
17932486
179324865
17941794
17951795
17956023
17981798
17991837
17995566
17burwel
17cuq397
17dt12qw
17pubpathuk
17zydfhz
18001800
18011801
18011949
18011950
18011952
18011953
18011954
18011955
18011956
18011957
18011958
18011959
18011960
18011961
18011962
18011963
18011964
18011965
18011966
18011967
18011968
18011969
18011970
18011971
18011972
18011973
18011974
18011975
18011976
18011977
18011978
18011979
18011980
18011981
18011982
18011983
18011984
18011985
18011986
18011987
18011988
18011989
18011990
18011991
18011992
18011993
18011994
18011995
18011996
18011997
18011998
18011999
18012000
18012001
18012002
18012003
18012004
18012005
18012009
18012010
18012011
18021802
18021948
18021949
18021951
18021952
18021953
18021954
18021955
18021956
18021957
18021958
18021959
18021960
18021961
18021962
18021963
18021964
18021965
18021966
18021967
18021968
18021969
18021970
18021971
18021972
18021973
18021974
18021975
18021976
18021977
18021978
18021979
18021980
18021981
18021982
18021983
18021984
18021985
18021986
18021987
18021988
18021989
18021990
18021991
18021992
18021993
18021994
18021995
18021996
18021997
18021998
18021999
18022000
18022001
18022002
18022003
18022004
18022005
18022007
18022009
18022107
18031803
18031946
18031949
18031950
18031951
18031952
18031953
18031954
18031955
18031956
18031957
18031958
18031959
18031960
18031961
18031962
18031963
18031964
18031965
18031966
18031967
18031968
18031969
18031970
18031971
18031972
18031973
18031974
18031975
18031976
18031977
18031978
18031979
18031980
18031981
18031982
18031983
18031984
18031985
18031986
18031987
18031988
18031989
18031990
18031991
18031992
18031993
18031994
18031995
18031996
18031997
18031998
18031999
18032000
18032001
18032003
18032005
18032006
18032008
18032010
18032011
18041804
18041950
18041951
18041952
18041953
18041954
18041955
18041956
18041957
18041958
18041959
18041960
18041961
18041962
18041963
18041964
18041965
18041966
18041967
18041968
18041969
18041970
18041971
18041972
18041973
18041974
18041975
18041976
18041977
18041978
18041979
18041980
18041981
18041982
18041982n
18041983
18041984
18041985
18041986
18041987
18041988
18041989
18041990
18041991
18041992
18041993
18041994
18041995
18041995m
18041996
18041997
18041998
18041999
18042000
18042001
18042003
18042004
18042005
18042006
18042007
18042008
18051805
18051939
18051947
18051948
18051949
18051951
18051952
18051954
18051955
18051956
18051957
18051958
18051959
18051960
18051961
18051962
18051963
18051964
18051965
18051966
18051967
18051968
18051969
18051970
18051971
18051972
18051973
18051974
18051975
18051976
18051977
18051978
18051979
18051980
18051981
18051982
18051983
18051984
18051985
18051986
18051987
18051988
18051989
18051990
18051991
18051992
18051993
18051994
18051995
18051996
18051997
18051998
18051999
18052000
18052001
18052002
18052003
18052005
18052007
18052009
18052010
1805aspirine
18061806
18061947
18061949
18061950
18061951
18061952
18061953
18061954
18061955
18061956
18061957
18061958
18061959
18061960
18061961
18061962
18061963
18061964
18061965
18061966
18061967
18061968
18061969
18061970
18061971
18061972
18061973
18061974
18061975
18061976
18061977
18061978
18061979
18061980
18061981
18061982
18061983
18061984
18061985
18061986
18061987
18061988
18061989
18061990
18061991
18061992
18061993
18061994
18061995
18061996
18061997
18061998
18061999
18062000
18062001
18062002
18062003
18062004
18062005
18062006
18071950
18071954
18071955
18071956
18071957
18071958
18071959
18071960
18071961
18071962
18071963
18071964
18071965
18071966
18071967
18071968
18071969
18071970
18071971
18071972
18071973
18071974
18071975
18071976
18071977
18071978
18071979
18071980
18071981
18071982
18071983
18071984
18071985
18071986
18071987
18071988
18071989
18071990
18071991
18071992
18071993
18071994
18071995
18071996
18071997
18071998
18071999
18072000
18072001
18072002
18072003
18072004
18072005
18072006
18072007
18072008
18072011
18081808
18081945
18081948
18081951
18081953
18081954
18081955
18081956
18081957
18081958
18081959
18081960
18081961
18081962
18081963
18081964
18081965
18081966
18081967
18081968
18081969
18081970
18081971
18081972
18081973
18081974
18081975
18081976
18081977
18081978
18081979
18081980
18081981
18081982
18081983
18081984
18081985
18081986
18081987
18081988
18081988j
18081989
18081990
18081991
18081992
18081993
18081993m
18081994
18081995
18081996
18081997
18081998
18081999
18082000
18082001
18082002
18082003
18082005
18082006
18082007
18082008
18082009
18082010
18091809
18091947
18091948
18091949
18091953
18091954
18091955
18091956
18091957
18091958
18091959
18091960
18091961
18091962
18091963
18091964
18091965
18091966
18091967
18091968
18091969
18091970
18091971
18091972
18091973
18091974
18091975
18091976
18091977
18091978
18091979
18091980
18091981
18091982
18091983
18091984
18091985
18091986
18091987
18091988
18091989
18091990
18091991
18091992
18091993
18091994
18091995
18091996
18091997
18091998
18091999
18092000
18092001
18092002
18092003
18092004
18092005
18092007
18092008
18101810
18101947
18101948
18101949
18101951
18101952
18101953
18101954
18101955
18101956
18101957
18101958
18101959
18101960
18101961
18101962
18101963
18101964
18101965
18101966
18101967
18101968
18101969
18101970
18101971
18101972
18101973
18101974
18101975
18101976
18101977
18101978
18101979
18101980
18101981
18101982
18101983
18101984
18101985
18101986
18101987
18101988
18101988i
18101989
18101990
18101991
18101992
18101993
18101994
18101995
18101996
18101997
18101998
18101999
18102000
18102001
18102002
18102003
18102004
18102005
18102008
18102601
18109316
18111223
18111811
18111946
18111948
18111949
18111950
18111951
18111953
18111954
18111955
18111956
18111957
18111958
18111959
18111960
18111961
18111962
18111963
18111964
18111965
18111966
18111967
18111968
18111969
18111970
18111971
18111972
18111973
18111974
18111975
18111976
18111977
18111978
18111979
18111980
18111981
18111982
18111983
18111984
18111985
18111985m
18111986
18111987
18111988
18111989
18111990
18111991
18111992
18111992m
18111993
18111994
18111995
18111996
18111997
18111998
18111999
18112000
18112001
18112002
18112003
18112004
18112005
18120000
18121812
18121945
18121947
18121948
18121951
18121952
18121953
18121954
18121955
18121956
18121957
18121958
18121959
18121960
18121961
18121962
18121963
18121964
18121965
18121966
18121967
18121968
18121969
18121970
18121971
18121972
18121973
18121974
18121975
18121976
18121977
18121978
18121979
18121980
18121981
18121982
18121983
18121984
18121985
18121986
18121987
18121988
18121989
18121990
18121991
18121992
18121993
18121994
18121995
18121996
18121997
18121998
18121999
18122000
18122001
18122003
18122004
18122006
18122007
18122009
18122010
1812over
18141814
18151815
18151864
18152229
18161816
18181818
18191819
18192021
18201820
18211821
18221822
18231823
18241824
18247077
18251825
18254288
18261826
18271827
18273645
18281828
18291829
182blink
18311831
18341834
18349276
18361836
18381505
18419820
18421842
18431843
18436572
18441844
18451845
18471847
18481848
18521852
1852hlmn
18531853
18541854
18551855
18561313
18561856
18571857
18591859
18601860
18611865
18621862
18631863
18641864
18651865
18691869
186952jd
18701870
18711871
18718718
18720113
18721872
18751875
18765603
18771877
18791879
187funky
18801880
18811881
18811938
18821221
18821882
1882cras
18831883
18851885
18861886
18861958
18881888
18891889
18901890
18911891
1891aerok
18931893
18941894
18991899
18fduecnf
18fghtkz
18inches
18n28n24a
18osaycan12
18thhole
18tomika
18xt382e
19001560
19001900
1900judy
19011901
19011947
19011951
19011952
19011953
19011954
19011955
19011956
19011957
19011958
19011959
19011960
19011961
19011962
19011963
19011964
19011965
19011966
19011967
19011968
19011969
19011970
19011971
19011972
19011973
19011974
19011975
19011976
19011977
19011978
19011979
19011980
19011981
19011982
19011983
19011984
19011985
19011986
19011987
19011988
19011989
19011990
19011990q
19011991
19011992
19011993
19011994
19011995
19011996
19011997
19011998
19011999
19012000
19012001
19012002
19012007
19012008
19012009
19021902
19021947
19021948
19021949
19021951
19021952
19021953
19021954
19021955
19021956
19021957
19021958
19021959
19021960
19021961
19021962
19021963
19021964
19021965
19021966
19021967
19021968
19021969
19021970
19021971
19021972
19021973
19021974
19021975
19021976
19021977
19021978
19021979
19021980
19021981
19021982
19021983
19021984
19021985
19021986
19021987
19021988
19021989
19021990
19021991
19021992
19021993
19021994
19021995
19021996
19021997
19021998
19021999
19022000
19022001
19022002
19022003
19022004
19022005
19022007
19022008
19031903
19031949
19031950
19031951
19031952
19031954
19031955
19031956
19031957
19031958
19031959
19031960
19031961
19031962
19031963
19031964
19031965
19031966
19031967
19031968
19031969
19031970
19031971
19031972
19031973
19031974
19031975
19031976
19031977
19031978
19031979
19031980
19031981
19031982
19031983
19031984
19031985
19031986
19031987
19031988
19031989
19031990
19031991
19031992
19031993
19031994
19031995
19031996
19031997
19031998
19031999
190319ss7
19032000
19032001
19032002
19032003
19032004
19032009
19041904
19041947
19041949
19041950
19041951
19041953
19041954
19041955
19041956
19041957
19041958
19041959
19041960
19041961
19041962
19041963
19041964
19041965
19041966
19041967
19041968
19041969
19041970
19041971
19041972
19041973
19041974
19041975
19041976
19041977
19041978
19041979
19041980
19041981
19041982
19041983
19041984
19041985
19041986
19041987
19041988
19041989
19041990
19041991
19041992
19041993
19041993s
19041994
19041995
19041996
19041997
19041998
19041999
19042000
19042001
19042002
19042003
19042006
19042008
19042010
190490ll
19051905
19051948
19051951
19051952
19051953
19051954
19051955
19051956
19051957
19051958
19051959
19051960
19051961
19051962
19051963
19051964
19051965
19051966
19051967
19051968
19051969
19051970
19051971
19051972
19051973
19051974
19051975
19051976
19051977
19051978
19051979
19051980
19051981
19051982
19051983
19051984
19051984m
19051985
19051986
19051987
19051988
19051989
19051990
19051991
19051992
19051993
19051994
19051995
19051996
19051996m
19051997
19051998
19051999
19052000
19052001
19052003
19052004
19052006
19052007
19052008
19052009
19061900
19061906
19061947
19061949
19061950
19061951
19061952
19061953
19061954
19061955
19061956
19061957
19061958
19061959
19061960
19061961
19061962
19061963
19061964
19061965
19061966
19061967
19061968
19061969
19061970
19061971
19061972
19061973
19061974
19061975
19061976
19061977
19061978
19061979
19061980
19061981
19061982
19061983
19061984
19061985
19061986
19061987
19061988
19061989
19061990
19061991
19061992
19061993
19061994
19061995
19061996
19061997
19061998
19061999
19062000
19062001
19062002
19062003
19062004
19062005
19062006
19062007
19071907
19071945
19071947
19071949
19071950
19071953
19071954
19071955
19071956
19071957
19071958
19071959
19071960
19071961
19071962
19071963
19071964
19071965
19071966
19071967
19071968
19071969
19071970
19071971
19071972
19071973
19071974
19071975
19071976
19071977
19071978
19071979
19071980
19071981
19071982
19071983
19071984
19071985
19071986
19071987
19071988
19071989
19071989m
19071990
19071991
19071992
19071993
19071994
19071995
19071996
19071997
19071998
19071999
19072000
19072001
19072002
19072003
19072005
19072006
19072007
19072008
19072009
1907cubs
19081908
19081949
19081950
19081951
19081952
19081953
19081954
19081955
19081956
19081957
19081958
19081959
19081960
19081961
19081962
19081963
19081964
19081965
19081966
19081967
19081968
19081969
19081970
19081971
19081972
19081973
19081974
19081975
19081976
19081977
19081978
19081979
19081980
19081981
19081982
19081983
19081984
19081984m
19081985
19081986
19081987
19081988
19081989
19081990
19081991
19081992
19081993
19081994
19081995
19081996
19081997
19081998
19081999
19082000
19082000r
19082001
19082003
19082004
19082005
19082006
19082007
19082008
19082010
190866cu
19087101
1908cubs
19091909
19091946
19091949
19091951
19091952
19091953
19091954
19091955
19091956
19091957
19091958
19091959
19091960
19091961
19091962
19091963
19091964
19091965
19091966
19091967
19091968
19091969
19091970
19091971
19091972
19091973
19091974
19091975
19091976
19091977
19091978
19091979
19091980
19091981
19091982
19091983
19091984
19091985
19091986
19091987
19091988
19091989
19091990
19091991
19091992
19091992a
19091993
19091994
19091995
19091996
19091997
19091998
19091999
19092000
19092001
19092002
19092005
19092006
19092007
19092008
19092009
190schol
19100784
19101910
19101949
19101952
19101954
19101955
19101956
19101957
19101958
19101959
19101960
19101961
19101962
19101963
19101964
19101965
19101966
19101967
19101968
19101969
19101970
19101971
19101972
19101973
19101974
19101975
19101976
19101977
19101978
19101979
19101980
19101981
19101982
19101983
19101984
19101985
19101986
19101987
19101988
19101989
19101990
19101991
19101992
19101993
19101994
19101995
19101996
19101997
19101998
19101999
19102000
19102001
19102005
19102006
19102007
19102008
19102010
191084akz
19111911
19111945
19111947
19111950
19111951
19111953
19111954
19111955
19111956
19111957
19111958
19111959
19111960
19111961
19111962
19111963
19111964
19111965
19111966
19111967
19111968
19111969
19111970
19111971
19111972
19111973
19111974
19111975
19111976
19111977
19111978
19111979
19111980
19111981
19111982
19111983
19111984
19111984n
19111985
19111986
19111987
19111988
19111989
19111990
19111991
19111992
19111993
19111994
19111995
19111996
19111997
19111998
19111999
19112000
19112001
19112004
19112005
19112007
19112008
19121912
19121942
19121945
19121946
19121948
19121949
19121951
19121952
19121954
19121955
19121956
19121957
19121958
19121959
19121960
19121960n
19121961
19121962
19121963
19121964
19121965
19121966
19121967
19121968
19121969
19121970
19121971
19121972
19121973
19121974
19121975
19121976
19121977
19121978
19121979
19121980
19121981
19121982
19121983
19121984
19121985
19121986
19121987
19121988
19121989
19121990
19121991
19121992
19121993
19121994
19121995
191219956
19121996
19121997
19121998
19121999
19122000
19122001
19122002
19122003
19122004
19122006
19122007
19122008
19122009
19131913
1913snow
19141914
19141918
19151915
19161916
19171917
19181716
19181918
19191919
19195252
1919qwqwer
19201920
19211921
19216801
19216803
19216811
19216812
19221922
19231923
19241924
19251925
19251961
19261992
192639413058
19271927
1927f907
19281928
192837456
19283746
192837465
1928374650
1928374655
192837465a
192837465q
192837645
19291929
19301930
19321932
19331933
19331945
19341934
19351935
193570356033
19361936
193711101994a
19371937
19371ayj
19372846
193728465
1937286405
19374628
193746285
193746825
193752846
19378246
19378264
19380018
19381938
19381939
19391939
19391945
19401940
19401945
1940ford
19411941
19411945
1941vipa
19421942
19421945
19431943
19441944
19441945
19450509
194513666
19451941
19451945
19455491
19461946
194652570
1946cj2a
19471204z
19471947
19481948
19491001
19491949
19501201
19501950
19502009
1950merc
19511951
19521952
19521954
19531953
19538645
1953london
19541954
19550624
19551955
19551956
19551957
19561956
19561961
1956ford
19571209
19571957
19577591
1957chev
1957chevy
19581958
19581990
1958proman
19590501
19591214
19591959
19591960
19591962
19600208
19601960
19601961
19601982
19601984
19611961
19612005
19620202
19621962
19621990
19622691
1962highfab
19631963
19631964
19631966
19631988
1963lana
19641962
19641964
19641966
19641967
19641968
19641977
19641984
19644691
1964delt
19650865
19651965
19651971
19651988
1965chev
1965chevy
19661966
19661969
19661970
19661989
19666691
1966chev
1966chevy
19670122
19671297
19671967
19671968
19671976
19671987
19671989
19671994
196721qw
19677691
1967yegh
19680411
19681968
19681969
19681972
19682538
19684sheperd
19688691
19690429
19690902
19691969
19691970
19691971
19691972
19691975
19692000
1969518a
19699691
1969bird
1969camaro
19700509
19700791
19701966
19701968
19701970
19701971
19701972
19701973
19701975
19701995
1970chev
1970cuda
19711005
19711791
19711970
19711971
19711972
19711973
19711974
19711975
19711979
19711980
19711992
19711995
19711996
19711999
19712000
19719870
1971cuda
197202bb
19720802
19721972
19721973
19721974
19721975
19721976
19721991
19721992
19721994
19722510
19722791
1972chev
1972nova
19730426
19731973
19731974
19731977
19731981
19731994
19732000
19732008
19732846
19733791
19734628
19734682
197346825
1973468250
19735682q
197359642
19738246
197382465
19741101
19741905
19741970n
19741973
19741974
197419741974
19741975
19741976
19741977
19741978
19741980
19742000
19742005
19744791
19750707
19750708
19751974
19751975
19751976
19751977
19751978
19751980
19751981
19751994
19755791
19757601
19760628
19761976
19761977
19761978
19761979
19761980
19761981
19761995
19761997
19762000
19762001
19762003
19762009
19766791
1976dima
19770601
19771973
19771977
19771977z
19771978
19771979
19771980
19771981
19771982
19771983
19771986
19772000
19772011
19780508
19781009
19781205
19781976
19781978
197819781978
19781979
19781980
19781981
19781982
19781984
19781987
19781997
19782002
19782005
19788791
19790000
19790519
19790526
19790905
19790909
19791112
19791979
19791980
19791981
19791982
19791983
19791984
19791985
19791989
19792000
19792002
19792003
19792005
19799791
1979dani
1979ford
19800812
19800891
19801008
19801109
19801211
19801978
19801980
19801980a
19801981
19801982
19801983
19801984
19801986
19802002
19802004
19802005
19802006
1980jcj5
19810000
19810304
19810506
19811005
19811803
19811974
19811981
19811982
19811983
19811984
19811985
19812004
19812005
19812008
19812009
1981962q
1981gncz
19820225
19820502
19820901
19821003
19821028
19821110
19821212
19821982
198219821982
19821983
19821984
19821985
19821986
19821988
19821993
19822002
19822006
19822007
19822891
1982gonzo
1982jeep
19830208
19830216
19830510
19830511
19830609
19830713
19830803
19830811
19831009
19831026
19831111
19831114
19831130
19831224
19831977
19831983
198319831983
19831984
19831985
19831986
19831987
19831989
19832001
19832002
19832003
19832005
19832009
19832103
19833891
1983olga
19840101
19840102
19840309
19840319
19840604
19840827
19840904
19840913
19841008
19841012
19841025
19841122
19841204
19841979
19841982
19841983
19841984
198419841984
19841985
19841986
19841987
19841988
19841989
19842002
19842004
19842005
19842007
19842008
19844891
19845150
1984johann
19850000
19850101
19850120
19850608
19850902
19851005
19851013
19851211
19851212
19851228
19851911
19851979
19851983
19851984
19851985
19851985p
19851986
19851987
19851988
19851989
19851990
19851991
19852002
19852004
19852005
19852006
19852007
19852008
19852009
19852010
198523066
19852906
19855891
1985bear
19860103
19860108
19860408
19860702
19860901
19861111
19861984
19861986
198619861986
19861987
19861988
19861989
19861990
19862005
19862006
19862008
19862009
19862323
19866891
1986dima
1986irachka
1986mets
19870202
19870208
19870306
19870307
19870507
19870509
19870605
19871002
19871109
19871225
19871807
19871981
19871983
19871984
19871985
19871986
19871987
198719871987
19871988
19871989
19871990
19871991
19871992
19872007
19872008
19872009
19872010
19873012q
19873838r
198765432
19877891
1987alex
1987lena
1987sasha
1987vova
19880108
19880226
19880325
19880502
19880608
19880720
19880803
19881007
19881011
19881207
19881225
19881959
19881985
19881987
19881988
19881988a
19881989
19881990
19881991
19881992
19882006
19882007
19882008
19882010
19882112
19882606
19886320
19888888
19888891
1988lexa
19890203
19890327
19890519
19890607
19890707
19890909
1989101012
19891015
19891111
19891115
19891128
19891212
19891230
19891959
19891987
19891989
198919891989
19891990
19891991
19891992
19891993
19891994
19892008
19892009
19892012
19892202
19892411
19898989
19899891
1989iroc
19900125
19900309
19900409
19900528
19900922
19900991
19901001
19901005
19901026
19901106
19901218
19901990
19901990a
19901991
19901992
19901993
19901995
19902005
19902006
19902007
19902008
19902101
19902907
19903005
19910208
19910303
19910306
19910405
19910406
19910410
19910609
19910710
19910809
19910816
19911016
19911608
19911911
19911991
199119911991
19911991a
19911992
19911993
19911994
19912000
19912001
19912005
19912008
19912009
19912010
19912011
19912702lolik
19912903
19914844
1991anna
1991dima
1991pmoy
19920108
19920202
19920301
19920306
19920404
19920505
19920506
19920602
19920608
19920609
19920824
19920909
19920914
19921002
19921010
19921019
19921127
19921203
19921302
19921991
19921992
199219921992
19921992a
19921992i
19921992q
19921993
19921994
19921995
19921997
19921998
19922001
19922007
19922008
19922009
19922507
19922801
199229350m
19922991
1992vova
19930202
19930305
19930405
19930406s
19930408
19930620
19930702
19930707
19930901w
19930909
19931103
19931106
19931234
19931312
19931993
199319931993
19931993a
19931993d
19931993q
19931994
19931995
19931996
19931997
19932001
19932003
19932004
19932005
19932007
19932008
19932009
19932010
19932304
19932909
19932916
19933320
199334917
19933991
19934834
1993dima
1993m1893
19940209
19940307
19940503
19940706
19940809
19941004
19941005
19941105
19941125
19941201
19941205
19941219
19941414
1994151206
19941610
19941616
19941907
19941970
19941992
19941994
199419941994
19941995
19941996
19942001
19942003
19942003d
1994200414
19942005
19942007
19942008
19942009
19942010
19942010a
19942202
19942511
19942601
19942703
19943003
19944991
19950121q
19950302
19950425
19950505
19950514
19951005
19951109
19951211
19951211as
19951223
19951989
19951995
199519951995
19951996
19951997
19951998
19952003
19952004
19952005
19952006
19952008
19952009
19952009sa
19952010
19952020
19952206v
19952310
19952504
19952511
19955991
1995dima
1995jeep
1995lis1995
1995sasha
1995vlad
19960000
19960203
19960409
19960415
19960606
19960610ilja
19960612
19961010
19961703
19961909
19961996
19961996a
19961997
19961998
19962000
19962002
19962004
19962005
19962006
19962008
19962009
19962010
199649316zed
19966991
19969696
1996dima
1996ford
19970824
19971208
19971887
19971989zen
19971997
199719971997
19971997q
19972002
19972004
19972005
19972008
19972010
19972702
19973121
19977991
1997anna
19980333457
19980519
19980818
19980928
19981023
19981998
199819981998
19981998a
19981999
19982000
19982001
19982003
19982004
19982009
19982010
19982011
19988991
1998ford
1998vlad
1998vova
19990317
1999175k
19991998
19991999
19992000
19992003
19992004
19992010
19992101
19995277
19999999
1999jzj7
1999vlad
19august
19chevy5
19darky19
19fduecnf
19fghtkz
19jktu75
19mm5409
19mtpgam19
19rosh86
19thhole
19tiens90
19twenty
19zydfhz
1a18dcf9
1a1a1a1a
1a2a3a4a
1a2a3a4a5a
1a2a3a4a5a6a
1a2b368c
1a2b3c4d
1a2b3c4d5
1a2b3c4d5e
1a2b3c4d5e6
1a2b3c4d5e6f
1a2b3c4d5f
1a2l3e4x
1a2n3n4a
1a2r3t4e5m
1a2s3d4f
1a2s3d4f5
1a2s3d4f5g
1a2s3d4f5g6h
1a2s3d4f5g6h7j8k
1a3g5m7t9
1aaaaaaa
1abcdefg
1abcxyz1
1account
1adgjmptw
1agnieszka
1airborn
1airplan
1akilles
1alabama
1alaska1
1alexand
1alexander
1alfina2
1allison
1allmine
1amadeus
1amateur
1america
1anacond
1anderso
1andonly
1andreas
1annabel
1anthony
1antonio
1arizona
1arsenal
1artista
1asdfasd
1asdfghj
1asdfghjkl
1ass2patties
1assfuck
1asshole
1assword
1atlanta
1atlanti
1aurora2
1autopas
1avvatar
1ayacdc1
1azsxdcfv
1b2b3b4b
1babe2g0
1badmofo
1balance
1balloon
1banana2
1bangkok
1banshee
1barbara
1bartman
1basebal
1baseball
1bastard
1bbbbbbb
1beatles
1benjami
1bennett
1bernard
1beth123
1bigbird
1bigcock
1bigdadd
1bigdawg
1bigdick
1bigfish
1bigfoot
1bigtits
1billion
1billybo
1bitches
1blackie
1blaster
1blondie
1blowjob
1bluebir
1blueone
1bollock
1bondage
1bonjour
1boobies
1bradley
1brandon
1breasts
1bridget
1brittan
1broncos
1brother
1bubbles
1buckeye
1buffalo
1buffett
1bulldog
1bullshi
1butthea
1buttman
1c2c3c4c
1calient
1caligul
1cameron
1campbel
1captain
1cardina
1carolin
1carolyn
1cartman
1carwash
1cavalie
1ccccccc
1celeste
1cerberu
1chandle
1charles
1charlie
1chelsea
1cheroke
1chester
1chicago
1chicken
1chocola
1chrissy
1christi
1christo
1christy
1chuckle
1cinder1
1classic
1claudia
1cliffor
1clinton
1cocacol
1colleen
1college
1colorad
1comfort
1compute
1connect
1content
1control
1cookies
1coolcat
1coolguy
1corsair
1corvett
1country
1courtne
1cowboys
1cracker
1creativ
1cricket
1cristin
1critter
1crystal
1cumming
1cumshot
1cutlass
1cyclone
1cynthia
1d2d3d4d5d
1d2i3m4a
1daddyapril
1daniell
1darkelf
1darksta
1daveman
1daytona
1ddddddd
1decembe
1deliver
1depeche
1destiny
1devildo
1diamond
1dickhea
1digital
1dilbert
1directo
1discove
1djgabba
1dodgers
1dolittl
1dolphin
1douglas
1dragon1
1dragons
1dreamer
1drowssa
1drummer
1dumbass
1ebnc1jv
1ebtmlqz
1eclipse
1eeeeeee
1einstei
1electri
1elephan
1elizabe
1england
1escobar2
1explore
1express
1f00tba1
1f0rmepl
1f2f3f4f5f
1fantasy
1farside
1fdgcv21
1fduecnf
1felicia
1ferrari
1fffffff
1fighter
1fineday
1firebir
1fireman
1fishing
1flipper
1florida
1flowers
1footbal
1football
1forever
1forrest
1fr2rfq7xl
1frances
1francis
1frankie
1frankli
1franzen
1frederi
1fredfre
1freedom
1freeone
1friends
1fuckers
1fucking
1fuckyou
1funtime
1gabriel
1gandalf
1garfiel
1gateway
1general
1genesis
1georgia
1getsome
1gfhjkm1
1ggggggg
1ginseng
1giovann
1giraffe
1girl8me
1giveitu
1gizmodo
1gnogno2
1goddess
1godzill
1goforit
1goldber
1goldfis
1golfing
1gooddog
1goodtim
1greedisgood
1gregory
1grendel
1griffey
1grizzly
1grizzly2000
1guinnes
1gustav2
1hahahah
1hallowb
1hamster
1hansolo
1hardcor
1harriso
1hawkeye
1heather
1hendrix
1herbert
1herbier
1hercule
1hhhhhhh
1holiday
1hollywo
1homerun
1hoosier
1hooters
1horndog
1hotmama
1hotmomma
1houston
1hundred
1hunglow
1hustler
1hxboqg2
1hxboqg2s
1iascauc
1iiiiiii
1iloveyo
1imagine
1indians
1infanta
1infantr
1infinit
1integra
1interne
1ireland
1ironman
1isabelle
1isgreat
1isthema
1j9e7f6f
1jackass
1jackson
1january
1jasmine
1jeffrey
1jennife
1jessica
1jesusfreak
1jjjjjjj
1johnjoh
1johnson
1jonatha
1jupiter
1jwwzuw55e
1kat2noa
1katrina
1kenneth
1kentuck
1killer1
1kkkkkkk
1klingon
1kornogr
1kristen
1kristin
1l2e3n4a
1lacross
1ladybug
1lambert
1lansing
1lantern
1lasvega
1lawrenc
1leonard
1lespaul
1letmein
1liasita
1liberty
1lincoln
1lindros
1lindsey
1lisalis
1live14u
1liverpo
1lizzard
1lkjhgfd
1lllllll
1longhor
1lovemom
1loveyou
1lucille
1m2a3k4s
1m2m3m4m5m
1machine
1madison
1madonna
1magenta
1magneto
1mailman
1malcolm
1mallard
1manager
1manning
1marcell
1marines
1marlbor
1marlins
1marshal
1martini
1matthew
1maveric
1maxwell
1medical
1melanie
1melissa
1mercede
1mes1sie
1mestizo
1metalli
1michael
1michele
1michell
1michiga
1midnigh
1million
1miracle
1mistres
1mizredh
1mnbvcxz
1mobbsi2
1monkey2
1monster
1montana
1moretim
1moretime
1morpheu
1mountai
1mounte1
1mrwb2l5
1mustang
1napoleo
1natalie
1nathali
1nationa
1natural
1ndonesian
1network
1newlife
1newpass
1newport
1newyork
1nf1n1ty
1ni3yax91g
1niceguy
1nipples
1nirvana
1nothing
1nswb2mr
1nt3rn3t
1nt3rn4l
1nternet
1o3t6res
1o731382
1october
1octopus
1ofakind
1olivier
1onlyone
1outside
1p2o3i4u
1pacific
1packard
1packers
1paladin
1paleale
1palermo
1pantera
1panther
1panties
1pantyho
1paradis
1parker1
1pass1page
1passion
1passwor
1password
1password1
1patches
1patrici
1patrick
1patriot
1peaches
1pegasus
1penguin
1pentium
1perfect
1phantom
1phidian
1philipp
1phillip
1phoenix
1picture
1pinhead
1plastic
1playboy
1playtim
1plumber
1pontiac
1poohbea
1popcorn
1poppyco
1porsche
1ppppppp
1presari
1presley
1preston
1princes
1princess
1private
1program
1pumpkin
1pussyca
1pyramid
1q0o2w9i
1q1a1z2w2s2x
1q1q1q1q
1q1q1q1q1q
1q1q2w2w
1q1w1e1r
1q23456789
1q2a3z4w
1q2a3z4w5s6x
1q2a3z4x
1q2q3q4q
1q2q3q4q5
1q2q3q4q5q
1q2q3q4q5q6q
1q2w3e4r
1q2w3e4r1q2w3e4r
1q2w3e4r5
1q2w3e4r5t
1q2w3e4r5t6y
1q2w3e4r5t6y7u
1q2wazsx
1q3e5t7u
1q3e5t7u9o
1q9w9e3r
1qa2ws3e
1qa2ws3ed
1qa2ws3ed4rf
1qa2ws3ed4rf5tg
1qapmoc1
1qasw23ed
1qay2wsx
1qayxsw2
1qaz!qaz
1qaz0okm
1qaz0plm
1qaz1qaz
1qaz1qaz1qaz
1qaz2ws3e4
1qaz2wsx
1qaz2wsx3
1qaz2wsx3ed
1qaz2wsx3edc
1qaz2wsx3edc4rfv
1qaz2wsx3edc4rfv5tgb
1qaz3edc
1qaz4rfv
1qaz5tgb
1qaz7ujm
1qaz@wsx
1qazcde3
1qazse4rfvcxz
1qazwsxedc
1qazxcde3
1qazxcde32
1qazxcvb
1qazxcvbnm
1qazxdr5
1qazxsw2
1qazxsw21
1qazxsw23
1qazxsw234
1qazxsw23edc
1qazxsw23edcvfr4
1qazzaq!
1qazzaq1
1qbabyless
1qgfhjkm
1qq2ww3ee
1qqqqqqq
1quality
1qw21qw2
1qw23edsa
1qw23er4
1qw23er45t
1qw23er45ty6
1qwe2asd
1qwe2asd3zxc
1qwe2qwe
1qweasdzxc1
1qwer432
1qwerty0
1qwerty1
1qwerty2
1qwerty7
1qwertyu
1qwertyui
1qwertyuio
1qwertyuiop
1r2f3n4z
1raiders
1rainbow
1rangers
1raymond
1rebecca
1redhead
1redneck
1redskin
1redwing
1request
1revogcm
1richard
1roadkil
1roberts
1rockets
1rolltid
1rooster
1rosebud
1rulezal
1rumble2
1rus27540102
1russell
1rzp77ox
1s1h1e1f1
1s2a3s4h5a
1s2s3s4s
1s2s3s4s5s
1s2t3a4s
1s2v3e4t5a
1s8nb1bnb1
1sabbath
1sailing
1samanth
1samira1
1samsung
1samurai
1sandieg
1sandman
1scheiss
1schoolg
1scooter
1scorpio
1scotlan
1scratch
1seattle
1sebasti
1septemb
1serenit
1service
1sexsite
1sexyred
1shadow1
1shannon
1shelley
1shirley
1shithea
1shooter
1simonsq
1simple1
1simpson
1skeeter
1skydive
1skywalk
1smither
1snowbal
1snowman
1society
1softbal
1soldier
1southpa
1spacema
1spartan
1speaker
1special
1spencer
1spitfir
1sssssss
1stanley
1staples
1starbuc
1stargat
1starman
1starshi
1startre
1starwar
1steeler
1stephen
1sterlin
1stewart
1stinger
1stingra
1stplace
1strange
1street94
1striata
1student
1stunner
1success
1sucksdi
1sunshin
1superma
1support
1susanne
1sweetpe
1swimmer
1t2a3n4y5a
1t2t3t4t5t
1t3v5z7a
1tacobel
1tarheel
1teacher
1teensex
1testing
1thanato
1thebest
1therock
1thumper
1thunder
1tiffany
1timothy
1tornado
1toronto
1transam
1travele
1treetre
1trident
1trinity
1tristan
1triumph
1trombon
1trooper
1trouble
1trucker
1trumpet
1tuesday
1twister
1uabsro1
1unicorn
1v3i7s12
1v9i9t7a
1vagabon
1valerie
1vampire
1vanessa
1ve8uh1r
1vegita2
1veritas
1vfhufhbnrf1
1victori
1victory
1vietnam
1vikings
1vincent
1virgini
1vonsean
1voyager
1w2e3r4t
1w2q1w2q
1w2q3r4e
1w2w3w4w
1w2w3w4w5w
1w3r5y7i
1wallace
1warrior
1watcher
1waxzsq2
1wdv2efb
1webmast
1webster
1welcome
1western
1whateve
1wildcat
1william
1windows
1winston
1wolfgan
1wolveri
1wordpas
1wrangle
1x2x3x4x
1x2zkg8w
1xpx66blrumblst6bbus3
1xqp472r
1xrg4kcq
1xtvg8blew
1xxxxxxx
1yankees
1yyyyyyy
1z1z1z1z
1z2x3c4v
1z2x3c4v5b
1z2x3c4v5b6n
1z2x3c4v5b6n7m
1z2z3z4z
1z2z3z4z5z
1z6a7dszt
1zx23cv4
1zxcvbnm
1zzzzzzz
20000002
20001999
20002000
20002001
20002008
20002010
2000char
2000ford
2000jeep
2000mama
2000noah
2000vett
20011900
20011950
20011952
20011953
20011954
20011955
20011956
20011957
20011958
20011959
20011960
20011961
20011962
20011963
20011964
20011965
20011966
20011967
20011968
20011969
20011970
20011971
20011972
20011973
20011974
20011975
20011976
20011977
20011978
20011979
20011980
20011981
20011982
20011983
20011984
20011985
20011986
20011987
20011988
20011989
20011990
20011991
20011992
20011993
20011994
20011995
20011996
20011997
20011998
20011999
20012000
20012001
200120012001
20012002
20012003
20012004
20012005
20012006
20012007
20012008
20012009
20012010
20012219
200190ru
2001abcd
200200200
20020202
200218879
20021947
20021948
20021949
20021950
20021951
20021952
20021953
20021954
20021955
20021956
20021957
20021958
20021959
20021960
20021961
20021962
20021963
20021964
20021965
20021966
20021967
20021968
20021969
20021970
20021971
20021972
20021973
20021974
20021975
20021976
20021977
20021978
20021979
20021980
20021981
20021982
20021983
20021984
20021985
20021986
20021987
20021988
20021989
20021990
20021991
20021992
20021993
20021994
20021995
20021996
20021997
20021998
20021999
20022000
20022001
20022002
20022003
20022004
20022005
20022006
20022007
20022008
20022009
20022010
200298na
2002bull
2002jeep
2002pass
20031940
20031949
20031951
20031952
20031953
20031954
20031955
20031956
20031957
20031958
20031959
20031960
20031961
20031962
20031963
20031964
20031965
20031966
20031967
20031968
20031969
20031970
20031971
20031972
20031973
20031974
20031975
20031976
20031977
20031978
20031979
20031980
20031981
20031982
20031983
20031984
20031985
20031986
20031987
20031988
20031989
20031990
20031991
20031992
20031993
20031994
20031995
20031996
20031997
20031998
20031999
20032000
20032001
20032002
20032003
20032004
20032005
20032006
20032007
20032008
20032009
20032010
20033002
2004-08-
2004-10-
2004-11-
20041889
20041946
20041947
20041948
20041950
20041951
20041952
20041953
20041954
20041955
20041956
20041957
20041958
20041959
20041960
20041961
20041962
20041963
20041964
20041965
20041966
20041967
20041968
20041969
20041970
20041971
20041972
20041973
20041974
20041975
20041976
20041977
20041978
20041979
20041980
20041981
20041982
20041983
20041984
20041985
20041986
20041987
20041988
20041989
20041990
20041991
20041992
20041993
20041994
20041995
20041996
20041997
20041998
20041999
20042000
20042001
20042002
20042004
20042005
200420052006a
20042006
20042007
20042008
20042009
20042010
2004mach
2005-01-
20051938
20051940
20051947
20051949
20051951
20051952
20051953
20051954
20051955
20051956
20051957
20051958
20051959
20051960
20051961
20051962
20051963
20051964
20051965
20051966
20051967
20051968
20051969
20051970
20051971
20051972
20051973
20051974
20051975
20051976
20051977
20051978
20051979
20051980
20051981
20051982
20051983
20051984
20051985
20051985m
20051986
20051987
20051988
20051989
20051989m
20051990
20051991
20051992
20051993
20051994
20051995
20051996
20051997
20051998
20051999
20052000
20052001
20052003
20052004
20052005
20052006
20052007
20052008
20052009
20052010
20060606
20061948
20061950
20061951
20061952
20061953
20061954
20061955
20061956
20061957
20061958
20061959
20061960
20061961
20061962
20061963
20061964
20061965
20061966
20061967
20061968
20061969
20061970
20061971
20061972
20061973
20061974
20061975
20061976
20061977
20061978
20061979
20061980
20061981
20061982
20061983
20061984
20061985
20061986
20061987
20061988
20061988m
20061989
20061990
20061991
20061992
20061993
20061994
20061995
20061996
20061997
20061998
20061999
20062000
20062001
20062002
20062003
20062005
20062006
20062007
20062008
20062010
20062012
20066666
20071949
20071952
20071953
20071954
20071955
20071956
20071957
20071958
20071959
20071960
20071961
20071962
20071963
20071964
20071965
20071966
20071967
20071968
20071969
20071970
20071971
20071972
20071973
20071974
20071975
20071976
20071977
20071978
20071979
20071980
20071981
20071982
20071983
20071984
20071985
20071986
20071987
20071987n
20071988
20071989
20071990
20071991
20071992
20071993
20071994
20071995
20071996
20071997
20071998
20071999
20072000
20072001
20072002
20072004
20072005
20072007
20072008
20072009
20072010
20072011
20077002
20080204
20081946
20081949
20081950
20081951
20081952
20081953
20081954
20081955
20081956
20081957
20081958
20081959
20081960
20081961
20081962
20081963
20081964
20081965
20081966
20081967
20081968
20081969
20081970
20081971
20081972
20081973
20081974
20081975
20081976
20081977
20081978
20081979
20081980
20081981
20081982
20081983
20081984
20081985
20081986
20081987
20081988
20081989
20081990
20081991
20081992
20081993
20081994
20081995
20081996
20081997
20081998
20081999
20082000
20082001
20082002
20082003
20082004
20082005
20082006
20082007
20082008
20082009
20082010
20088002
2008m2009
20091948
20091949
20091950
20091951
20091952
20091953
20091954
20091955
20091956
20091957
20091958
20091959
20091960
20091961
20091962
20091963
20091964
20091965
20091966
20091967
20091968
20091969
20091970
20091971
20091972
20091973
20091974
20091975
20091976
20091977
20091978
20091979
20091980
20091981
20091982
20091983
20091984
20091985
20091986
20091987
20091988
20091989
20091989q
20091990
20091991
20091992
20091993
20091994
20091995
20091996
20091997
20091998
20091999
20092000
20092001
20092002
20092003
20092005
20092009
20092010
20099002
200ziv005
20101020
20101945
20101949
20101950
20101951
20101953
20101954
20101955
20101956
20101957
20101958
20101959
20101960
20101961
20101962
20101963
20101964
20101965
20101966
20101967
20101968
20101969
20101970
20101971
20101972
20101973
20101974
20101975
20101976
20101977
20101978
20101979
20101980
20101981
20101982
20101983
20101984
20101985
20101986
20101987
20101988
20101989
20101990
20101991
20101992
20101993
20101994
20101995
20101996
20101997
20101998
20101999
20102000
20102001
20102002
20102003
20102005
20102006
20102007
20102009
20102010
201020102010
20102010a
20102010q
20102010ss
20102011
201068pv
201095as
2010benvanburen
2010yfcnz
20111947
20111948
20111949
20111950
20111951
20111953
20111954
20111955
20111956
20111957
20111958
20111959
20111960
20111961
20111962
20111963
20111964
20111965
20111966
20111967
20111968
20111969
20111970
20111971
20111972
20111973
20111974
20111975
20111976
20111977
20111978
20111979
20111980
20111981
20111982
20111983
20111984
20111984n
20111985
20111986
20111987
20111988
20111989
20111990
20111991
20111991n
20111992
20111993
20111994
20111995
20111996
20111997
20111998
20111999
20112000
20112001
20112002
20112003
20112004
20112005
20112006
20112007
20112010
20112011
201120112011
20112012
201121ggw
20121949
20121950
20121953
20121954
20121955
20121956
20121957
20121958
20121959
20121960
20121961
20121962
20121963
20121964
20121965
20121966
20121967
20121968
20121969
20121970
20121971
20121972
20121973
20121974
20121975
20121976
20121977
20121978
20121979
20121980
20121981
20121982
20121983
20121984
20121985
20121986
20121987
20121988
20121989
20121990
20121991
20121992
20121993
20121994
20121995
20121996
20121997
20121998
20121999
20122000
20122002
20122004
20122005
20122006
20122007
20122010
20122012
20126120
20132013
20142014
20152015
20162016
20162016up
20182018
20192019
201jedlz
20202020
20203030
20206258
20206666
20212021
20222022
2022500n
20232023
20242024
20252025
20282028
20291701
20302030
20304050
203220033
20322032
20342034
20402040
20406080
20412041
20419861
20462046
20482048
20502050
20552055
2063papa
20641312
20642064
20652065
20659063
20662066
2067jeep
20702070
20742074
20752075
20762076
20892089
20922092
20932093
20945574
20992099
209ondas
20fghtkz
20spanks
21002100
21011942
21011947
21011951
21011952
21011953
21011954
21011955
21011956
21011957
21011958
21011959
21011960
21011961
21011962
21011963
21011964
21011965
21011966
21011967
21011968
21011969
21011970
21011971
21011972
21011973
21011974
21011975
21011976
21011977
21011978
21011979
21011980
21011981
21011982
21011983
21011984
21011985
21011986
21011987
21011988
21011989
21011990
21011991
21011992
21011993
21011994
21011995
21011996
21011997
21011998
21011999
21012000
21012001
21012002
21012003
21012005
21012006
21012009
21012011
21012101
210172830
21021946
21021947
21021950
21021951
21021952
21021953
21021954
21021955
21021956
21021957
21021958
21021959
21021960
21021961
21021962
21021963
21021964
21021965
21021966
21021967
21021968
21021969
21021970
21021971
21021972
21021973
21021974
21021975
21021976
21021977
21021978
21021979
21021980
21021981
21021982
21021983
21021984
21021985
21021986
21021987
21021988
21021988q
21021989
21021990
21021991
21021991m
21021992
21021993
21021994
21021995
21021996
21021997
21021998
21021999
21022000
21022001
21022002
21022003
21022008
21022102
21031900
21031947
21031949
21031950
21031951
21031952
21031953
21031954
21031955
21031956
21031957
21031958
21031959
21031960
21031961
21031962
21031963
21031964
21031965
21031966
21031967
21031968
21031969
21031970
21031971
21031972
21031973
21031974
21031975
21031976
21031977
21031978
21031979
21031980
21031981
21031982
21031983
21031984
21031984m
21031985
21031986
21031987
21031988
21031989
21031990
21031991
21031992
21031993
21031994
21031994m
21031995
21031996
21031997
21031998
21031999
21032000
21032001
21032002
21032003
21032004
21032008
21032103
2103890302
21041948
21041950
21041951
21041952
21041953
21041954
21041955
21041956
21041958
21041959
21041960
21041961
21041962
21041963
21041964
21041965
21041966
21041967
21041968
21041969
21041970
21041971
21041972
21041973
21041974
21041975
21041976
21041977
21041978
21041979
21041980
21041981
21041982
21041983
21041984
21041985
21041986
21041987
21041988
21041989
21041990
21041991
21041992
21041993
21041994
21041995
21041996
21041997
21041998
21041999
21042000
21042001
21042002
21042003
21042005
21042006
21042007
21042008
21042009
21042011
21042104
21049220
21051946
21051947
21051950
21051951
21051952
21051953
21051954
21051955
21051956
21051957
21051958
21051960
21051961
21051962
21051963
21051964
21051965
21051966
21051967
21051968
21051969
21051970
21051971
21051972
21051973
21051974
21051975
21051976
21051977
21051978
21051979
21051980
21051981
21051982
21051983
21051984
21051985
21051986
21051987
21051988
21051989
21051990
21051991
21051992
21051993
21051994
21051995
21051996
21051997
21051998
21051999
21052000
21052001
21052002
21052003
21052005
21052008
21052009
21052011
21052105
21061950
21061951
21061952
21061953
21061954
21061955
21061956
21061958
21061959
21061960
21061961
21061962
21061963
21061964
21061965
21061966
21061967
21061968
21061969
21061970
21061971
21061972
21061973
21061974
21061975
21061976
21061977
21061978
21061979
21061980
21061981
21061982
21061983
21061984
21061985
21061986
21061987
21061988
21061989
21061990
21061991
21061992
21061993
21061994
21061995
21061996
21061997
21061998
21061999
21062000
21062001
21062002
21062003
21062007
21062008
21062010
21062106
21064432
21071900
21071947
21071949
21071950
21071952
21071953
21071955
21071956
21071957
21071958
21071959
21071960
21071961
21071962
21071963
21071964
21071965
21071966
21071967
21071968
21071969
21071970
21071971
21071972
21071973
21071974
21071975
21071976
21071977
21071978
21071979
21071980
21071981
21071982
21071983
21071984
21071985
21071986
21071987
21071988
21071989
21071990
21071991
21071992
21071993
21071994
21071995
21071996
21071997
21071998
21071999
21072000
21072001
21072002
21072003
21072005
21072006
21072007
21081946
21081950
21081954
21081955
21081956
21081957
21081958
21081959
21081960
21081961
21081962
21081963
21081964
21081965
21081966
21081967
21081968
21081969
21081970
21081971
21081972
21081973
21081974
21081975
21081976
21081977
21081978
21081979
21081980
21081981
21081982
21081983
21081984
21081985
21081986
21081987
21081988
21081989
2108198fox
21081990
21081991
21081992
21081993
21081994
21081995
21081996
21081997
21081998
21081999
21082000
21082001
21082002
21082003
21082004
21082005
21082006
21082008
21082108
21091713
21091949
21091950
21091951
21091952
21091953
21091954
21091955
21091956
21091957
21091958
21091959
21091960
21091961
21091962
21091963
21091964
21091965
21091966
21091967
21091968
21091969
21091970
21091971
21091972
21091973
21091974
21091975
21091976
21091977
21091978
21091979
21091980
21091981
21091982
21091983
21091984
21091985
21091986
21091987
21091988
21091989
21091990
21091991
21091992
21091993
21091994
21091995
21091996
21091997
21091998
21091999
21092000
21092001
21092002
21092003
21092005
21092006
21092007
21092008
21092109
21099235
21101950
21101953
21101954
21101955
21101956
21101957
21101958
21101959
21101960
21101961
21101962
21101963
21101964
21101965
21101966
21101967
21101968
21101969
21101970
21101971
21101972
21101973
21101974
21101975
21101976
21101977
21101978
21101979
21101980
21101981
21101982
21101983
21101984
21101985
21101986
21101987
21101988
21101989
21101990
21101991
21101992
21101993
21101994
21101995
21101996
21101997
21101998
21101999
21102000
21102001
21102002
21102003
21102004
21102006
21102007
21102009
21102110
21102424
21111947
21111948
21111950
21111951
21111952
21111953
21111954
21111955
21111956
21111957
21111958
21111959
21111960
21111961
21111962
21111963
21111964
21111965
21111966
21111967
21111968
21111969
21111970
21111970m
21111971
21111972
21111973
21111974
21111975
21111976
21111977
21111978
21111979
21111980
21111981
21111982
21111983
21111984
21111985
21111986
21111987
21111988
21111989
21111990
21111991
21111992
21111993
21111994
21111995
21111996
21111997
21111998
21111999
21112000
21112001
21112002
21112003
21112004
21112005
21112006
21112007
21112008
21112010
21112111
21112901
211218rus
21121947
21121948
21121950
21121951
21121952
21121953
21121954
21121955
21121956
21121957
21121958
21121959
21121960
21121961
21121962
21121963
21121964
21121965
21121966
21121967
21121968
21121969
21121970
21121971
21121972
21121973
21121974
21121975
21121976
21121977
21121978
21121979
21121980
21121981
21121982
21121983
21121984
21121985
21121986
21121987
21121988
21121989
21121990
21121991
21121992
21121993
21121994
21121995
21121996
21121997
21121998
21121999
21122000
21122001
21122002
21122003
21122005
21122006
21122008
21122012
21122112
21125150
211266sa
21127711
2112rush
21132113
2113853211
21142114
21152115
21162116
2117101984
21172117
21181988
21182118
21192119
212009164
21202120
21212121
2121212121
212121qaz
212121sex
21222122
21222324
212224236
21232123
21242124
21242526
2124321243
21252125
21262126
21272127
21274729
21282128
21292129
21302130
21312131
21314151
21321321
213213213
21321996
21322132
213231qy
21324354
21332133
21342134
21352135
213546879
21376krul
21382138
21389149
21392139
213qwe879
21412141
21422142
21432143
21436587
2143658709
214365jktu
214410418
214410441
21442144
21452145
21458798a
21472147
214922000
214attle
21502150
215215215
21522152
21532153
21542154
21562156
21582158
21602160
21642164
21652165
21692169
21702170
21736621
21741234
21762176
21772177
21787163
2179147qq
21802180
21812181
21842184
21852185
21872187
21902190
21912191
21932193
21982198
21ales21
21b4ny4b
21blkjak
21d1sfear
21dmiles
21fduecnf
21fghtkz
21jumpst
21mc10mc89
22002200
22011948
22011950
22011952
22011953
22011954
22011955
22011956
22011957
22011958
22011959
22011960
22011961
22011962
22011963
22011964
22011965
22011966
22011967
22011968
22011969
22011970
22011971
22011972
22011973
22011974
22011975
22011976
22011977
22011978
22011979
22011980
22011981
22011982
22011983
22011984
22011985
22011986
22011987
22011988
22011989
22011990
22011991
22011992
22011993
22011994
22011995
22011996
22011997
22011998
22011999
22012000
22012001
22012002
22012003
22012004
22012005
22012006
22012010
22012201
22021942
22021949
22021950
22021952
22021953
22021954
22021955
22021956
22021957
22021958
22021959
22021960
22021961
22021962
22021963
22021964
22021965
22021966
22021967
22021968
22021969
22021970
22021971
22021972
22021973
22021974
22021975
22021976
22021977
22021978
22021979
22021980
22021981
22021982
22021983
22021984
22021985
22021986
22021987
22021988
22021989
22021990
22021991
22021991m
22021992
22021993
22021994
22021995
22021995m
22021996
22021997
22021998
22021999
22022000
22022001
22022002
22022003
22022004
22022006
22022007
22022008
22022010
22022202
22031949
22031951
22031953
22031954
22031955
22031956
22031957
22031958
22031959
22031960
22031961
22031962
22031963
22031964
22031965
22031966
22031967
22031968
22031969
22031970
22031971
22031972
22031973
22031974
22031975
22031976
22031977
22031978
22031979
22031980
22031981
22031982
22031983
22031984
22031985
22031986
22031987
22031988
22031989
22031990
22031991
22031992
22031993
22031994
22031995
22031996
22031997
22031998
22031999
22032000
22032001
22032002
22032003
22032004
22032005
22032007
22032010
22032203
22041405
22041870
22041950
22041952
22041953
22041954
22041955
22041956
22041957
22041958
22041959
22041960
22041961
22041962
22041963
22041964
22041965
22041966
22041967
22041968
22041969
22041970
22041971
22041972
22041973
22041974
22041975
22041976
22041977
22041978
22041979
22041980
22041981
22041982
22041983
22041984
22041985
22041986
22041987
22041987n
22041988
22041989
22041990
22041991
22041992
22041993
22041994
22041995
22041996
22041997
22041998
22041999
22042000
22042001
22042002
22042003
22042005
22042006
22042007
22042008
22042010
22042204
22051900
22051949
22051950
22051951
22051952
22051954
22051955
22051956
22051957
22051958
22051959
22051960
22051961
22051962
22051963
22051964
22051965
22051966
22051967
22051968
22051969
22051970
22051971
22051972
22051973
22051974
22051975
22051976
22051977
22051978
22051979
22051980
22051981
22051982
22051983
22051984
22051985
22051986
22051987
22051988
22051988n
22051989
22051990
22051991
22051992
22051993
22051994
22051995
22051996
22051997
22051998
22051999
22052000
22052001
22052002
22052003
22052004
22052006
22052009
22052010
22052205
22053227
22056244
22061941
22061945
22061950
22061951
22061952
22061953
22061954
22061955
22061956
22061957
22061958
22061959
22061960
22061961
22061962
22061963
22061964
22061965
22061966
22061967
22061968
22061969
22061970
22061971
22061972
22061973
22061974
22061975
22061976
22061977
22061978
22061979
22061980
22061981
22061982
22061983
22061984
22061985
22061986
22061987
22061988
22061989
22061990
22061991
22061992
22061993
22061994
22061995
22061996
22061997
22061998
22061999
22062000
22062001
22062002
22062003
22062004
22062006
22062007
22062009
22062206
22071947
22071948
22071951
22071952
22071953
22071954
22071955
22071956
22071957
22071958
22071959
22071960
22071961
22071962
22071963
22071964
22071965
22071966
22071967
22071968
22071969
22071970
22071971
22071972
22071973
22071974
22071975
22071976
22071977
22071978
22071979
22071980
22071981
22071982
22071983
22071984
22071985
22071986
22071987
22071988
22071989
22071990
22071991
22071992
22071993
22071994
22071995
22071996
22071997
22071998
22071999
22072000
22072001
22072002
22072003
22072005
22072006
22072008
22072009
220790140907
22081946
22081948
22081949
22081953
22081954
22081955
22081956
22081957
22081958
22081959
22081960
22081961
22081962
22081963
22081964
22081965
22081966
22081967
22081968
22081969
22081970
22081971
22081972
22081973
22081974
22081975
22081976
22081977
22081978
22081979
22081980
22081981
22081982
22081983
22081984
22081985
22081986
22081987
22081988
22081989
22081990
22081991
22081992
22081993
22081994
22081995
22081996
22081997
22081998
22081999
22082000
22082001
22082002
22082003
22082005
22082006
22082010
22082208
220875ss
22091947
22091948
22091949
22091952
22091953
22091954
22091955
22091956
22091957
22091958
22091959
22091960
22091961
22091962
22091963
22091964
22091965
22091966
22091967
22091968
22091969
22091970
22091971
22091972
22091973
22091974
22091975
22091976
22091977
22091978
22091979
22091980
22091981
22091982
22091983
22091984
22091985
22091986
22091987
22091988
22091989
22091990
22091991
22091992
22091993
22091994
22091995
22091996
22091997
22091998
22091999
22092000
22092001
22092002
22092003
22092006
22092007
22097889
22101947
22101949
22101950
22101951
22101953
22101954
22101955
22101956
22101957
22101958
22101959
22101960
22101961
22101962
22101963
22101964
22101965
22101966
22101967
22101968
22101969
22101970
22101971
22101972
22101973
22101974
22101975
22101976
22101977
22101978
22101979
22101980
22101981
22101982
22101983
22101984
22101985
22101986
22101987
22101988
22101989
22101990
22101991
22101992
22101993
22101994
22101995
22101996
22101997
22101998
22101999
22102000
22102001
22102002
22102005
22102006
22102007
22102010
22102210
22111946
22111947
22111948
22111950
22111951
22111953
22111954
22111955
22111956
22111957
22111958
22111959
22111960
22111961
22111962
22111963
22111964
22111965
22111966
22111967
22111968
22111969
22111970
22111971
22111972
22111973
22111974
22111975
22111976
22111977
22111978
22111979
22111980
22111981
22111982
22111983
22111984
22111985
22111986
22111987
22111988
22111989
22111990
22111991
22111992
22111993
22111994
22111995
22111996
22111997
22111998
22111999
22112000
22112001
22112002
22112003
22112006
22112007
22112008
22112010
22112211
221195ws
22121946
22121947
22121949
22121950
22121951
22121952
22121953
22121954
22121955
22121956
22121957
22121958
22121959
22121960
22121961
22121962
22121963
22121964
22121965
22121966
22121967
22121968
22121969
22121970
22121971
22121972
22121973
22121974
22121975
22121976
22121977
22121978
22121979
22121980
22121981
22121982
22121983
22121984
22121985
22121986
22121987
22121988
22121989
22121990
22121991
22121992
22121993
22121994
22121995
22121996
22121997
22121998
22121999
22122000
22122001
22122002
22122003
22122005
22122006
22122009
221221221
22122212
22123215
22123712
22132213
22142214
22152215
2215334756
22162216
22182218
22211222
22212221
22220000
22221111
22222000
222222000
22222222
222222222
2222222222
22222222222
22223333
2222333344445555
22224444
22225555
22227777
22228888
22229999
2222wwww
22232223
222333111
22233344
222333444
22252225
222555888
22272227
2228481l
22292229
22300297
22302230
22312231
22322232
22332233
223334444
22334455
223344556
2233445566
223366at
22342234
22352235
22360679
22362236
2236void
22372237
22392239
22402240
22412241
22413ao5
22422242
22424672
22442244
22446622
22446688
2244668800
22448866
22462246
22472247
2247bbdg
2247slea
22482248
224909224909
22502250
22512251
22522252
22532253
22552255
22553137
22558800
22558899
2255golf
22562256
22582258
22592259
22612261
22622262
22632263
22632401
22642264
22652265
22662266
2267137151
22672267
22682268
22692269
22700641
22732273
22741393
22742274
22752275
22762276
22772277
2278124q
22782278
22822282
228228228
22842284
22845341
22872287
22882288
228gfgbhjcbv
228papirosim
22934167
2296494q
22972297
22982298
2298558922
22987789
229sugar
22acacia
22cashew
22fduecnf
22fenutz
22ffkeij
22gpb26a
22q04w90e
23000000
23002300
23011947
23011951
23011952
23011953
23011955
23011956
23011957
23011958
23011959
23011960
23011961
23011962
23011963
23011964
23011965
23011966
23011967
23011968
23011969
23011970
23011971
23011972
23011973
23011974
23011975
23011976
23011977
23011978
23011979
23011980
23011981
23011982
23011983
23011984
23011985
23011986
23011987
23011988
23011989
23011990
23011991
23011992
23011993
23011994
23011995
23011996
23011997
23011998
23011999
23012000
23012001
23012002
23012003
23012004
23012005
23012006
23012007
23012008
23012301
23021947
23021949
23021951
23021952
23021953
23021954
23021955
23021956
23021957
23021958
23021959
23021960
23021961
23021962
23021963
23021964
23021964n
23021965
23021966
23021967
23021968
23021969
23021970
23021971
23021972
23021973
23021974
23021975
23021976
23021977
23021978
23021979
23021980
23021981
23021981m
23021982
23021983
23021984
23021985
23021986
23021987
23021988
23021989
23021990
23021991
23021992
23021993
23021994
23021995
23021996
23021997
23021997namher
23021998
23021999
23022000
23022001
23022002
23022003
23022005
23022006
23022007
23022008
23022009
23022010
23022302
23031950
23031951
23031953
23031954
23031955
23031956
23031957
23031958
23031959
23031960
23031961
23031962
23031963
23031964
23031965
23031966
23031967
23031968
23031969
23031970
23031971
23031972
23031973
23031974
23031975
23031976
23031977
23031978
23031979
23031980
23031981
23031982
23031983
23031984
23031985
23031986
23031987
23031988
23031988m
23031989
23031990
23031991
23031992
23031993
23031994
23031995
23031996
23031997
23031998
23031999
23032000
23032001
23032003
23032004
23032005
23032006
23032007
23032008
23032010
23032303
23041951
23041952
23041954
23041955
23041956
23041957
23041958
23041959
23041960
23041961
23041962
23041963
23041964
23041965
23041966
23041967
23041968
23041969
23041970
23041971
23041972
23041973
23041974
23041975
23041976
23041977
23041978
23041979
23041980
23041981
23041982
23041983
23041984
23041985
23041986
23041987
23041988
23041989
23041990
23041991
23041992
23041993
23041994
23041995
23041996
23041997
23041998
23041999
23042000
23042001
23042002
23042003
23042004
23042005
23042006
23042010
23042304
230456aa
23049307
23051900
23051948
23051950
23051953
23051954
23051955
23051956
23051957
23051958
23051959
23051960
23051961
23051962
23051963
23051964
23051965
23051966
23051967
23051968
23051969
23051970
23051971
23051972
23051973
23051974
23051975
23051976
23051977
23051978
23051979
23051980
23051981
23051982
23051983
23051984
23051985
23051986
23051987
23051988
23051989
23051990
23051991
23051992
23051993
23051994
23051995
23051996
23051997
23051998
23051999
23052000
23052001
23052002
23052003
23052006
23052008
23052010
23052305
2305822q
23061900
23061944
23061950
23061951
23061952
23061953
23061954
23061955
23061956
23061957
23061958
23061959
23061960
23061961
23061962
23061963
23061964
23061965
23061966
23061967
23061968
23061969
23061970
23061971
23061972
23061973
23061974
23061975
23061976
23061977
23061978
23061979
23061980
23061981
23061982
23061983
23061984
23061985
23061986
23061987
23061988
23061989
23061990
23061990a
23061991
23061992
23061993
23061994
23061995
23061996
23061997
23061998
23061999
23062000
23062001
23062002
23062003
23062005
23062006
23062007
23062008
23062009
23062306
23071948
23071949
23071950
23071953
23071954
23071955
23071956
23071957
23071958
23071959
23071960
23071961
23071962
23071963
23071964
23071965
23071966
23071967
23071968
23071969
23071970
23071971
23071972
23071973
23071974
23071975
23071976
23071977
23071978
23071979
23071980
23071981
23071982
23071983
23071984
23071985
23071986
23071987
23071988
23071989
23071989a
23071990
23071991
23071992
23071993
23071994
23071995
23071996
23071997
23071998
23071999
23072000
23072001
23072003
23072005
23072006
23072007
23072008
23072008a
23072009
23072010
23072307
230790dgbple
23081946
23081947
23081949
23081950
23081951
23081952
23081953
23081954
23081955
23081956
23081957
23081958
23081959
23081960
23081961
23081962
23081963
23081964
23081965
23081966
23081967
23081968
23081969
23081970
23081971
23081972
23081973
23081974
23081975
23081976
23081977
23081978
23081979
23081980
23081981
23081982
23081983
23081984
23081985
23081986
23081987
23081988
23081989
23081990
23081991
23081992
23081993
23081994
23081995
23081996
23081997
23081998
23081999
23082000
23082001
23082002
23082004
23082007
23082008
23082009
23082010
23082308
23082910
23091947
23091951
23091952
23091953
23091954
23091955
23091956
23091957
23091958
23091959
23091960
23091961
23091962
23091963
23091964
23091965
23091966
23091967
23091968
23091969
23091970
23091971
23091972
23091973
23091974
23091975
23091976
23091977
23091978
23091979
23091980
23091981
23091982
23091983
23091984
23091985
23091986
23091987
23091988
23091989
23091990
23091991
23091992
23091993
23091994
23091995
23091996
23091997
23091998
23091999
23092000
23092001
23092002
23092003
23092005
23092006
23092007
23092008
23092010
23092309
2310056743
23101948
23101949
23101951
23101952
23101954
23101955
23101956
23101957
23101958
23101959
23101960
23101961
23101962
23101963
23101964
23101965
23101966
23101967
23101968
23101969
23101970
23101971
23101972
23101973
23101974
23101975
23101976
23101977
23101978
23101979
23101980
23101981
23101982
23101983
23101984
23101985
23101986
23101987
23101988
23101989
23101990
23101991
23101992
23101993
23101994
23101995
23101996
23101997
23101998
23101999
23102000
23102001
23102002
23102003
23102004
23102006
23102007
23102009
23102310
23111946
23111948
23111950
23111951
23111952
23111953
23111954
23111955
23111956
23111957
23111958
23111959
23111960
23111961
23111962
23111963
23111964
23111965
23111966
23111967
23111968
23111969
23111970
23111971
23111972
23111973
23111974
23111975
23111976
23111977
23111978
23111979
23111980
23111981
23111982
23111983
23111984
23111985
23111985m
23111986
23111987
23111988
23111989
23111990
23111991
23111992
23111992m
23111993
23111994
23111995
23111996
23111997
23111998
23111999
23112000
23112001
23112002
23112003
23112005
23112007
23112311
23121900
23121951
23121952
23121953
23121954
23121955
23121956
23121957
23121958
23121959
23121960
23121961
23121962
23121963
23121964
23121965
23121966
23121967
23121968
23121969
23121970
23121971
23121972
23121973
23121974
23121975
23121976
23121977
23121978
23121979
23121980
23121981
23121982
23121983
23121984
23121985
23121986
23121986n
23121987
23121988
23121989
23121990
23121991
23121992
23121993
23121994
23121995
23121996
23121996p
23121997
23121998
23121999
23122000
23122001
23122002
23122003
23122004
23122006
23122007
23122008
23122312
23132313
23142314
23152315
23162316
23172317
23176djivanfros
2317823123
23182318
23192319
23199623
23212321
23221344
23222322
23232323
2323232323
23232323q
23233232
23234545
23236767
23242324
23242526
2324316578
23252325
23262326
23267601
23272327
2327bear
23282328
23292329
232eiwyq
23312331
23322332
23332333
23342334
23352335
23362336
23363066
23372337
23412341
23419968
23422342
234234234
2342923429
23432343
23452345
23455432
23456789
234567890
234567891
2345678tt
234589frendz
2345wert
23462346
2347172123
23472347
2348tyty
23491663
23502350
235101i9ddv
23522352
23523082
23532353
23542024
23542354
23552355
23562356
235689147
2356945t
23571113
23572357
23581321
23582358
2358dell
23609255
23612361
23642364
23652365
23682368
23692369
23698741
23724202
23732373
23742374
23752375
23762519
23782378
23802380
23822382
23842384
23843dima
23862386
23872387
23899008
23902390
23912391
23972397
239r8ymmhq
23atdhfkz
23august
23fduecnf
23iuny99
23jordan
23monkey
23n1a28d
23skiddo
23skidoo
23stripe
23t9jhg2
23uxg4ff
23vec4rpcc
23wesdxc
23wkoa0fp78dk
23zxcvbn
24002400
24011950
24011951
24011952
24011953
24011954
24011955
24011956
24011958
24011959
24011960
24011961
24011962
24011963
24011964
24011965
24011966
24011967
24011968
24011969
24011970
24011971
24011972
24011973
24011974
24011975
24011976
24011977
24011978
24011979
24011980
24011981
24011982
24011983
24011984
24011985
24011986
24011987
24011988
24011989
24011990
24011991
24011992
24011993
24011994
24011995
24011996
24011997
24011998
24011999
24012000
24012001
24012002
24012003
24012004
24012006
24012011
24012401
2401pedro
24021946
24021948
24021949
24021952
24021953
24021954
24021955
24021956
24021957
24021958
24021959
24021960
24021961
24021962
24021963
24021964
24021965
24021966
24021967
24021968
24021969
24021970
24021971
24021972
24021973
24021974
24021975
24021976
24021977
24021978
24021979
24021980
24021981
24021982
24021983
24021984
24021985
24021986
24021987
24021988
24021989
24021990
24021991
24021992
24021993
24021994
24021995
24021996
24021996j
24021997
24021998
24021999
24022000
24022001
24022002
24022006
24022008
24022009
24022010
24022402
24029302
240295yuppi
24031948
24031950
24031951
24031952
24031953
24031954
24031955
24031956
24031957
24031958
24031959
24031960
24031961
24031962
24031963
24031964
24031965
24031966
24031967
24031968
24031969
24031970
24031971
24031972
24031973
24031974
24031975
24031976
24031977
24031978
24031979
24031980
24031981
24031982
24031983
24031984
24031985
24031986
24031987
24031988
24031989
24031990
24031991
24031992
24031993
24031994
24031995
24031996
24031997
24031998
24031999
24032000
24032001
24032003
24032005
24032006
24032403
24033672
24041946
24041947
24041949
24041951
24041952
24041953
24041954
24041955
24041956
24041957
24041958
24041959
24041960
24041961
24041962
24041963
24041964
24041965
24041966
24041967
24041968
24041969
24041970
24041971
24041972
24041973
24041974
24041975
24041976
24041977
24041978
24041979
24041980
24041981
24041982
24041983
24041984
24041985
24041986
24041987
24041988
24041989
24041990
24041991
24041992
24041993
24041994
24041995
24041996
24041997
24041998
24041999
24042000
24042001
24042002
24042003
24042004
24042005
24042008
24042009
24042404
24046987
24051948
24051950
24051951
24051952
24051953
24051954
24051956
24051957
24051958
24051959
24051960
24051961
24051962
24051963
24051964
24051965
24051966
24051967
24051968
24051969
24051970
24051971
24051972
24051973
24051974
24051975
24051976
24051977
24051978
24051979
24051980
24051981
24051982
24051983
24051984
24051985
24051986
24051987
24051988
24051989
24051990
24051991
24051992
24051993
24051994
24051995
24051996
24051997
24051998
24051999
24052000
24052001
24052002
24052003
24052004
24052008
24052010
24052405
24061948
24061953
24061954
24061955
24061956
24061957
24061958
24061959
24061960
24061961
24061962
24061963
24061964
24061965
24061966
24061967
24061968
24061969
24061970
24061971
24061972
24061973
24061974
24061975
24061976
24061977
24061978
24061979
24061980
24061981
24061982
24061983
24061984
24061985
24061986
24061987
24061988
24061989
24061990
24061991
24061992
24061993
24061994
24061995
24061996
24061997
24061998
24061999
24062000
24062001
24062002
24062003
24062005
24062006
24062406
24071930
24071947
24071951
24071952
24071954
24071955
24071956
24071957
24071958
24071959
24071960
24071961
24071962
24071963
24071964
24071965
24071966
24071967
24071968
24071969
24071970
24071971
24071972
24071973
24071974
24071975
24071975j
24071976
24071977
24071978
24071979
24071980
24071980m
24071981
24071982
24071983
24071984
24071985
24071986
24071987
24071988
24071989
24071990
24071991
24071992
24071993
24071994
24071995
24071996
24071997
24071998
24071999
24072000
24072001
24072002
24072003
24072004
24072006
24072407
24081948
24081953
24081954
24081955
24081956
24081957
24081958
24081959
24081960
24081961
24081962
24081963
24081964
24081965
24081966
24081967
24081968
24081969
24081970
24081971
24081972
24081973
24081974
24081975
24081976
24081977
24081978
24081979
24081980
24081981
24081982
24081983
24081984
24081985
24081986
24081987
24081988
24081989
24081990
24081991
24081992
24081993
24081994
24081995
24081996
24081997
24081998
24081999
24082000
24082001
24082002
24082003
24082005
24082006
24082009
24082010
24082408
24091946
24091951
24091952
24091954
24091956
24091958
24091959
24091960
24091961
24091962
24091963
24091964
24091965
24091966
24091967
24091968
24091969
24091970
24091971
24091972
24091973
24091974
24091975
24091976
24091977
24091978
24091979
24091980
24091981
24091982
24091983
24091984
24091985
24091986
24091987
24091988
24091989
24091990
24091991
24091991m
24091992
24091993
24091994
24091995
24091996
24091997
24091998
24091999
24092000
24092001
24092002
24092006
24092007
24092008
24092409
2409baff
240bravo
24101900
24101947
24101948
24101949
24101951
24101952
24101953
24101954
24101955
24101956
24101957
24101958
24101959
24101960
24101961
24101962
24101963
24101964
24101965
24101966
24101967
24101968
24101969
24101970
24101971
24101972
24101973
24101974
24101975
24101976
24101977
24101978
24101979
24101980
24101981
24101982
24101983
24101984
24101985
24101986
24101987
24101988
24101989
24101990
24101991
24101992
24101993
24101993h
24101994
24101995
24101996
24101997
24101998
24101999
24102000
24102001
24102002
24102003
24102004
24102005
24102007
24102410
24111947
24111948
24111949
24111951
24111952
24111953
24111954
24111955
24111956
24111957
24111958
24111959
24111960
24111961
24111962
24111963
24111964
24111965
24111966
24111967
24111968
24111969
24111970
24111971
24111972
24111973
24111974
24111975
24111976
24111977
24111978
24111978j
24111979
24111980
24111981
24111982
24111983
24111984
24111985
24111986
24111987
24111988
24111989
24111990
24111991
24111992
24111993
24111994
24111995
24111996
24111997
24111998
24111999
24112000
24112001
24112003
24112004
24112005
24112007
24112008
24112411
24121948
24121951
24121953
24121954
24121955
24121956
24121957
24121958
24121959
24121960
24121961
24121962
24121963
24121964
24121965
24121966
24121967
24121968
24121969
24121970
24121971
24121972
24121973
24121974
24121975
24121976
24121977
24121978
24121979
24121980
24121981
24121982
24121983
24121984
24121985
24121986
24121987
24121988
24121989
24121990
24121991
24121992
24121993
24121994
24121995
24121996
24121997
24121998
24121999
24122000
24122001
24122003
24122004
24122005
24122006
24122008
24122009
24122412
24132413
24142414
2414724147
24162416
24182418
2419411945
24202420
24212421
24213242
24222422
24232423
24234546
242354tret
24242424
24252425
24252627
24262426
24282428
24312431
24322432
24322902
24332433
243462536
24356811416
24362436
24401026
24402440
24406201
24412441
24422442
2442293live
24424279
2442vika
24432443
24462446
24464391
24465649
24476452n
24482448
24492449
24502450
24512451
24532453
24537815
24542454
24552455
2456324563i
24572457
2457896243
24592135io
245lufpq
24622462
24632463
24642464
2465243391
24652465
24670913
2468008642
2468013579
2468024680
2468097531
24681011
24681012
24681357
246813579
24681379
24682044
24682468
246824682468
2468524685
24688642
24689753
24691356
24692469
24703863
24704492
24732473
24747962
24751478
24752475
24783485
24802480
248163264
24826892
24842484
24852485
24856699
24859347
24861379
24861793
24862486
24863179
24865338
24865555
24872487
24877035
24892489
248ujnfk
24932493
24950693
24981014
24991091b
24992499
24fduecnf
24gordon
24groove
24hawker
24inches
24nascar
24pnz6kc
24thcent
24zydfhz
25002500
25011947
25011948
25011949
25011950
25011951
25011952
25011953
25011954
25011955
25011956
25011957
25011958
25011959
25011960
25011961
25011962
25011963
25011964
25011965
25011966
25011967
25011968
25011969
25011970
25011971
25011972
25011973
25011974
25011975
25011976
25011977
25011978
25011979
25011980
25011981
25011982
25011983
25011984
25011985
25011986
25011987
25011988
25011989
25011990
25011991
25011992
25011993
25011994
25011995
25011996
25011997
25011998
25011999
25012000
25012001
25012002
25012003
25012005
25012006
25012007
25012008
25012011
25012501
25021947
25021950
25021951
25021952
25021953
25021954
25021956
25021957
25021958
25021959
25021960
25021961
25021962
25021963
25021964
25021965
25021966
25021967
25021968
25021969
25021970
25021971
25021972
25021973
25021974
25021975
25021976
25021977
25021978
25021979
25021980
25021981
25021982
25021982n
25021983
25021984
25021985
25021986
25021987
25021988
25021989
25021990
25021990m
25021991
25021992
25021993
25021994
25021995
25021996
25021997
25021998
25021999
25021999s
25022000
25022001
25022002
25022003
25022005
25022007
25022009
25022502
2502557i
25031207
25031947
25031948
25031950
25031952
25031953
25031954
25031955
25031956
25031957
25031958
25031959
25031960
25031961
25031962
25031963
25031964
25031965
25031966
25031967
25031968
25031969
25031970
25031971
25031972
25031973
25031974
25031975
25031975m
25031976
25031977
25031978
25031979
25031980
25031981
25031982
25031983
25031984
25031985
25031986
25031987
25031988
25031989
25031990
25031991
25031992
25031993
25031994
25031995
25031996
25031997
25031998
25031999
25032000
25032001
25032002
25032003
25032006
25032009
25032503
25041948
25041950
25041951
25041952
25041953
25041954
25041955
25041956
25041957
25041958
25041959
25041960
25041961
25041962
25041963
25041964
25041965
25041966
25041967
25041968
25041969
25041970
25041971
25041972
25041973
25041974
25041975
25041976
25041977
25041978
25041979
25041980
25041981
25041982
25041983
25041984
25041985
25041986
25041987
25041988
25041989
25041990
25041991
25041992
25041993
25041994
25041995
25041996
25041997
25041998
25041999
25042000
25042001
25042002
25042003
25042005
25042006
25042007
25042008
25042504
250450ps
25049541
25051946
25051947
25051949
25051950
25051951
25051952
25051953
25051954
25051955
25051956
25051957
25051958
25051959
25051960
25051961
25051962
25051963
25051964
25051965
25051966
25051967
25051968
25051969
25051970
25051971
25051972
25051973
25051974
25051975
25051976
25051977
25051978
25051979
25051980
25051981
25051982
25051983
25051984
25051985
25051986
25051987
25051988
25051989
25051990
25051991
25051992
25051993
25051994
25051995
25051996
25051997
25051998
25051999
25052000
25052001
25052002
25052003
25052005
25052006
25052007
25052008
25052009
25052505
250567ya
25061900
25061949
25061950
25061951
25061953
25061954
25061955
25061956
25061957
25061958
25061959
25061960
25061961
25061962
25061963
25061964
25061965
25061966
25061967
25061968
25061969
25061970
25061971
25061972
25061973
25061974
25061975
25061976
25061977
25061978
25061979
25061980
25061981
25061982
25061983
25061984
25061985
25061986
25061987
25061988
25061989
25061990
25061991
25061992
25061993
25061994
25061995
25061996
25061997
25061998
25061999
25062000
25062001
25062002
25062005
25062006
25062010
25062506
25071940
25071948
25071949
25071950
25071951
25071952
25071953
25071954
25071955
25071956
25071957
25071958
25071959
25071960
25071961
25071962
25071963
25071964
25071965
25071966
25071967
25071968
25071969
25071970
25071971
25071972
25071973
25071974
25071975
25071976
25071977
25071978
25071979
25071980
25071981
25071982
25071983
25071984
25071985
25071986
25071987
25071988
25071989
25071990
25071991
25071992
25071993
25071994
25071995
25071996
25071997
25071998
25071999
25072000
25072001
25072002
25072005
25072006
25072007
25072008
25072009
25072507
25074071
2507905048
25081946
25081950
25081951
25081953
25081954
25081955
25081956
25081957
25081958
25081959
25081960
25081961
25081962
25081963
25081964
25081965
25081966
25081967
25081968
25081969
25081970
25081971
25081972
25081973
25081974
25081975
25081976
25081977
25081978
25081979
25081980
25081981
25081982
25081983
25081984
25081985
25081986
25081987
25081988
25081989
25081990
25081991
25081992
25081993
25081994
25081995
25081996
25081997
25081998
25081999
25082000
25082001
25082003
25082004
25082005
25082006
25082007
25082008
25082010
25082508
25091949
25091950
25091951
25091953
25091954
25091955
25091956
25091957
25091958
25091959
25091960
25091961
25091962
25091963
25091964
25091965
25091966
25091967
25091968
25091969
25091970
25091971
25091972
25091973
25091974
25091975
25091976
25091977
25091978
25091979
25091980
25091981
25091982
25091983
25091984
25091985
25091986
25091987
25091988
25091989
25091990
25091991
25091992
25091993
25091994
25091995
25091996
25091997
25091998
25091999
25092000
25092001
25092003
25092005
25092006
25092007
25092009
25092010
25092509
25099793
25101900
25101917
25101948
25101949
25101951
25101952
25101953
25101954
25101955
25101956
25101957
25101958
25101959
25101960
25101961
25101962
25101963
25101964
25101965
25101966
25101967
25101968
25101969
25101970
25101971
25101972
25101973
25101974
25101975
25101976
25101977
25101978
25101979
25101980
25101981
25101982
25101983
25101984
25101985
25101986
25101987
25101988
25101989
25101990
25101991
25101992
25101993
25101994
25101995
25101996
25101997
25101998
25101999
25102000
25102001
25102002
25102003
25102005
25102006
25102008
25102010
25102510
251088118
25111950
25111951
25111952
25111953
25111954
25111955
25111956
25111957
25111958
25111959
25111960
25111961
25111962
25111963
25111964
25111965
25111966
25111967
25111968
25111969
25111970
25111971
25111972
25111973
25111974
25111975
25111976
25111977
25111978
25111979
25111980
25111981
25111982
25111983
25111984
25111985
25111986
25111987
25111988
25111989
25111990
25111991
25111992
25111993
25111994
25111995
25111996
25111997
25111998
25111999
25112000
25112001
25112004
25112005
25112006
25112007
25112011
25112511
25121948
25121950
25121952
25121953
25121954
25121955
25121956
25121957
25121958
25121959
25121960
25121961
25121962
25121963
25121964
25121965
25121966
25121967
25121968
25121969
25121970
25121971
25121972
25121973
25121974
25121975
25121976
25121977
25121978
25121979
25121980
25121981
25121982
25121983
25121984
25121985
25121986
25121987
25121988
25121989
25121990
25121991
25121992
25121993
25121994
25121995
25121996
25121997
25121998
25121999
25122000
25122001
25122002
25122004
25122007
25122008
25122009
25122010
25122011
25122512
25132513
25142514
25152515
25162516
25172517
25192519
2519882dasha
25202520
25205511
25212521
25222522
25232523
25242524
252486486
25251325
25252525
2525252525
252525qweasd
25255252
25262526
25262728
25265444
25272527
25282528
25292529
25302530
25312531
25322532
25332533
25334442
25352535
25358725
25362536
2537438rc
25392539
25402540
25412541
25422542
25442544
25452545
25456585
25458565
254593286
25462546
254631456
25482548
254xtpss
25502550
25508696
25521tgtg
25522552
25528975v
2554901a
25552555
25562556
25582558
255ooooo
25602500
25602560
25612561
256256256
25632563
25636525
25652565
256532791
25682568
2568earl
25692569
25722572
25732573
25752575
2576850a
2577149g
25792579
25800852
25800852a
25802580
25802580q
25804697
258147369
25822582
258258258
258258qq
25832583
258369147
25842584
25844125
258456159
258456789qazzaq5
258519max
25852321
25852585
25862586
25882588
258852258
25892589
258963147
2592058as
25942594
25952595
25962596
25972597
25fduecnf
25fghtkz
25lifebmx
25or6to4
25qc38u6
25tolife
26002600
26011945
26011950
26011951
26011952
26011953
26011954
26011955
26011957
26011958
26011959
26011960
26011961
26011962
26011963
26011964
26011965
26011966
26011967
26011968
26011969
26011970
26011971
26011972
26011973
26011974
26011975
26011976
26011977
26011978
26011979
26011980
26011981
26011982
26011983
26011984
26011985
26011986
26011987
26011988
26011989
26011990
26011991
26011992
26011993
26011994
26011995
26011996
26011997
26011998
26011999
26012000
26012001
26012002
26012006
26012007
26012010
26012601
26021949
26021950
26021951
26021953
26021954
26021955
26021956
26021957
26021958
26021959
26021960
26021961
26021962
26021963
26021964
26021965
26021966
26021967
26021968
26021969
26021970
26021971
26021972
26021973
26021974
26021975
26021976
26021977
26021978
26021979
26021980
26021981
26021982
26021983
26021984
26021985
26021986
26021987
26021988
26021989
26021990
26021991
26021992
26021993
26021994
26021995
26021996
26021997
26021998
26021999
26022000
26022001
26022002
26022003
26022007
26022009
26022602
26031947
26031948
26031949
26031951
26031952
26031953
26031955
26031956
26031957
26031958
26031959
26031960
26031961
26031962
26031963
26031964
26031965
26031966
26031967
26031968
26031969
26031970
26031971
26031972
26031973
26031974
26031975
26031976
26031977
26031978
26031979
26031980
26031981
26031982
26031983
26031984
26031985
26031986
26031987
26031988
26031989
26031990
26031991
26031991m
26031992
26031993
26031994
26031995
26031996
26031997
26031998
26031999
26032000
26032001
26032002
26032004
26032005
26041950
26041952
26041954
26041955
26041956
26041957
26041958
26041959
26041960
26041961
26041962
26041963
26041964
26041965
26041966
26041967
26041968
26041969
26041970
26041971
26041972
26041973
26041974
26041975
26041976
26041977
26041978
26041979
26041980
26041981
26041982
26041983
26041984
26041985
26041986
26041987
26041988
26041989
26041989m
26041990
26041991
26041992
26041993
26041994
26041995
26041996
26041997
26041998
26041999
26042000
26042001
26042002
26042003
26042004
26042005
26042007
26042604
26051950
26051951
26051953
26051954
26051956
26051957
26051958
26051959
26051960
26051961
26051962
26051963
26051964
26051965
26051966
26051967
26051968
26051969
26051970
26051971
26051972
26051973
26051974
26051975
26051976
26051977
26051978
26051979
26051980
26051981
26051982
26051983
26051984
26051985
26051986
26051987
26051988
26051989
26051989m
26051990
26051991
26051992
26051993
26051994
26051995
26051996
26051997
26051998
26051999
26052000
26052001
26052005
26052006
26052007
26052008
26052010
260573gk
260597680
26061947
26061951
26061952
26061953
26061954
26061955
26061956
26061957
26061958
26061959
26061960
26061961
26061962
26061963
26061964
26061965
26061966
26061967
26061968
26061969
26061970
26061971
26061972
26061973
26061974
26061975
26061976
26061977
26061978
26061979
26061980
26061981
26061982
26061983
26061984
26061985
26061986
26061987
26061988
26061988m
26061989
26061990
26061991
26061992
26061993
26061994
26061995
26061996
26061997
26061998
26061999
26062000
26062001
26062002
26062003
26062005
26062006
26062008
26062009
2606642yra
26071947
26071952
26071953
26071954
26071955
26071956
26071957
26071958
26071959
26071960
26071961
26071962
26071963
26071964
26071965
26071966
26071967
26071968
26071969
26071970
26071971
26071972
26071973
26071974
26071975
26071976
26071977
26071978
26071979
26071980
26071981
26071982
26071983
26071984
26071985
26071986
26071987
26071987m
26071988
26071989
26071990
26071991
26071992
26071993
26071994
26071995
26071996
26071997
26071998
26071999
26072000
26072001
26072002
26072003
26072005
26072006
260789aa
26081946
26081948
26081949
26081950
26081951
26081952
26081954
26081956
26081957
26081958
26081959
26081960
26081961
26081962
26081963
26081964
26081965
26081966
26081967
26081968
26081969
26081970
26081971
26081972
26081973
26081974
26081975
26081976
26081977
26081978
26081979
26081980
26081981
26081982
26081983
26081984
26081985
26081986
26081987
26081988
26081989
26081990
26081991
26081992
26081993
26081994
26081995
26081996
26081997
26081998
26081999
26082000
26082001
26082002
26082003
26082004
26082005
26082006
26082008
26082010
26082608
26091950
26091951
26091952
26091953
26091954
26091955
26091956
26091957
26091958
26091959
26091960
26091961
26091962
26091963
26091964
26091965
26091966
26091967
26091968
26091969
26091970
26091971
26091972
26091973
26091974
26091975
26091976
26091977
26091978
26091979
26091980
26091981
26091982
26091983
26091984
26091985
26091986
26091986n
26091987
26091988
26091989
26091990
26091991
26091992
26091993
26091994
26091995
26091996
26091997
26091998
26091999
26092000
26092001
26092002
26092003
26092005
26092006
26092007
26092008
26092009
260zntpc
26101778
26101948
26101950
26101952
26101953
26101954
26101955
26101956
26101957
26101958
26101959
26101960
26101961
26101962
26101963
26101964
26101965
26101966
26101967
26101968
26101969
26101970
26101971
26101972
26101973
26101974
26101975
26101976
26101977
26101978
26101979
26101980
26101981
26101982
26101983
26101984
26101985
26101986
26101987
26101988
26101989
26101990
26101991
26101992
26101993
26101994
26101995
26101996
26101997
26101998
26101999
26102000
26102001
26102002
26102004
26102006
26102007
26102009
26102610
26111946
26111950
26111952
26111953
26111954
26111955
26111956
26111957
26111958
26111959
26111960
26111961
26111962
26111963
26111964
26111965
26111966
26111967
26111968
26111969
26111970
26111971
26111972
26111973
26111974
26111975
26111976
26111977
26111978
26111979
26111980
26111981
26111982
26111983
26111984
26111985
26111986
26111987
26111988
26111989
26111990
26111991
26111992
26111993
26111994
26111995
26111996
26111997
26111998
26111999
26112000
26112001
26112002
26112003
26112005
26112006
26112007
26112611
26121949
26121951
26121952
26121953
26121954
26121955
26121956
26121957
26121958
26121959
26121960
26121961
26121962
26121963
26121964
26121965
26121966
26121967
26121968
26121969
26121970
26121971
26121972
26121973
26121974
26121975
26121976
26121977
26121978
26121979
26121980
26121981
26121982
26121983
26121984
26121985
26121986
26121987
26121988
26121989
26121990
26121991
26121992
26121993
26121993m
26121994
26121995
26121996
26121997
26121998
26121999
26122000
26122001
26122002
26122006
26122008
26122009
26122612
26132613
26162616
26192619
2620009777
26202620
26222622
26232623
2624ve6w
26252625
26262626
26272627
26282628
26342634
263622740
26362636
26382638
26392639
26395416
26402640
26422642
26429vadim
26432643
26442644
26482648
26492649
26512651
26522652
26524519
26532653
2653499d
26540292450
26562656
26572657
26580308
26582658
26592659
26612042
26622662
26632663
2663526635
26652665
266534597157
26657777
26672667
26692669
266pafbh
26712671
26732673
26762676
26772677
26792679
267ksyjf
26802680
26807912
2683fu2k
26841397
26842684
268426842
26844862
2684526845
26852685
26882688
26912691
2691412q
26922692
26922692r
26aberde
26alexis
26fduecnf
26fghtkz
27011941
27011949
27011950
27011951
27011952
27011953
27011954
27011955
27011956
27011957
27011958
27011959
27011960
27011961
27011962
27011963
27011964
27011965
27011966
27011967
27011968
27011969
27011970
27011971
27011972
27011973
27011974
27011975
27011976
27011977
27011978
27011979
27011980
27011981
27011982
27011983
27011984
27011985
27011986
27011987
27011988
27011989
27011990
27011991
27011992
27011993
27011994
27011995
27011996
27011997
27011998
27011999
27012000
27012001
27012002
27012003
27012004
27012005
27012006
27012007
27012009
27012011
27012701
27021951
27021953
27021954
27021955
27021956
27021957
27021958
27021959
27021960
27021961
27021962
27021963
27021964
27021965
27021966
27021967
27021968
27021969
27021970
27021971
27021972
27021973
27021974
27021975
27021976
27021977
27021978
27021979
27021980
27021981
27021982
27021983
27021984
27021985
27021986
27021987
27021988
27021989
27021990
27021991
27021992
27021993
27021994
27021995
27021996
27021997
27021998
27021999
27022000
27022001
27022002
27022003
27022004
27022006
27022007
27022009
27022010
27031945
27031948
27031949
27031951
27031952
27031953
27031954
27031955
27031956
27031957
27031958
27031959
27031960
27031961
27031962
27031963
27031964
27031965
27031966
27031967
27031968
27031969
27031970
27031971
27031972
27031973
27031974
27031974m
27031975
27031976
27031977
27031978
27031979
27031980
27031981
27031982
27031983
27031984
27031985
27031986
27031987
27031988
27031989
27031990
27031991
27031992
27031993
27031994
27031995
27031996
27031997
27031998
27031999
27032000
27032001
27032002
27032003
27032004
27032005
27032006
27032008
27032009
27032010
27035530
2703hawk
27041952
27041953
27041954
27041955
27041956
27041957
27041958
27041959
27041960
27041961
27041962
27041963
27041964
27041965
27041966
27041967
27041968
27041969
27041970
27041971
27041972
27041973
27041974
27041975
27041976
27041977
27041978
27041979
27041980
27041981
27041982
27041983
27041983j
27041984
27041985
27041986
27041987
27041988
27041989
27041990
27041991
27041992
27041993
27041994
27041995
27041996
27041997
27041998
27041999
27042000
27042001
27042002
27042003
27042006
27042007
27042009
27042704
27051948
27051949
27051951
27051952
27051954
27051955
27051956
27051957
27051958
27051959
27051960
27051961
27051962
27051963
27051964
27051965
27051966
27051967
27051968
27051969
27051970
27051971
27051972
27051973
27051974
27051975
27051976
27051977
27051978
27051979
27051980
27051981
27051982
27051983
27051984
27051985
27051986
27051987
27051988
27051989
27051990
27051991
27051992
27051993
27051993my
27051994
27051995
27051996
27051997
27051998
27051999
27052000
27052001
27052002
27052003
27052005
27052006
27052008
27052009
27052010
27052705
27061948
27061949
27061950
27061951
27061952
27061954
27061955
27061956
27061957
27061958
27061959
27061960
27061961
27061962
27061963
27061964
27061965
27061966
27061967
27061968
27061969
27061970
27061971
27061972
27061973
27061974
27061975
27061976
27061977
27061978
27061979
27061980
27061981
27061982
27061983
27061984
27061985
27061986
27061987
27061988
27061989
27061990
27061991
27061992
27061993
27061994
27061995
27061996
27061997
27061998
27061999
27062000
27062001
27062002
27062003
27062010
27071949
27071950
27071951
27071952
27071953
27071954
27071955
27071956
27071957
27071958
27071959
27071960
27071961
27071962
27071963
27071964
27071965
27071966
27071967
27071968
27071969
27071970
27071971
27071972
27071973
27071974
27071975
27071976
27071977
27071978
27071979
27071980
27071981
27071982
27071983
27071984
27071985
27071986
27071987
27071988
27071989
27071990
27071991
27071992
27071993
27071994
27071995
27071996
27071996pasha
27071997
27071998
27071999
27072000
27072001
27072002
27072004
27072005
27072007
27072010
27072707
27081946
27081948
27081950
27081951
27081952
27081953
27081954
27081955
27081956
27081957
27081958
27081959
27081960
27081961
27081962
27081963
27081964
27081965
27081966
27081967
27081968
27081969
27081970
27081971
27081972
27081973
27081974
27081975
27081975n
27081976
27081977
27081978
27081979
27081980
27081981
27081982
27081983
27081984
27081985
27081986
27081987
27081988
27081989
27081990
27081991
27081992
27081993
27081994
27081995
27081996
27081997
27081998
27081999
27082000
27082001
27082002
27082003
27082004
27082005
27082006
27082007
27082008
27082010
27091947
27091949
27091951
27091952
27091953
27091954
27091955
27091956
27091956n
27091957
27091958
27091959
27091960
27091961
27091962
27091963
27091964
27091965
27091966
27091967
27091968
27091969
27091970
27091971
27091972
27091973
27091974
27091975
27091976
27091977
27091978
27091979
27091980
27091981
27091982
27091983
27091984
27091985
27091986
27091987
27091988
27091989
27091990
27091991
27091992
27091993
27091993m
27091994
27091995
27091996
27091997
27091998
27091999
27092000
27092001
27092002
27092003
27092005
27092006
27092008
27092709
270mixeron0561
27101947
27101948
27101950
27101952
27101953
27101954
27101955
27101956
27101957
27101958
27101959
27101960
27101961
27101962
27101963
27101964
27101965
27101966
27101967
27101968
27101969
27101970
27101971
27101972
27101973
27101974
27101975
27101976
27101977
27101978
27101979
27101980
27101981
27101982
27101983
27101984
27101985
27101986
27101987
27101988
27101989
27101990
27101991
27101992
27101993
27101994
27101995
27101996
27101997
27101998
27101999
27102000
27102001
27102003
27102005
27102008
27102010
27102710
27111946
27111951
27111953
27111954
27111955
27111956
27111957
27111958
27111959
27111960
27111961
27111962
27111963
27111964
27111965
27111966
27111967
27111968
27111969
27111970
27111971
27111972
27111973
27111974
27111975
27111976
27111977
27111978
27111979
27111980
27111981
27111982
27111983
27111984
27111985
27111986
27111987
27111988
27111989
27111990
27111991
27111992
27111993
27111994
27111995
27111996
27111997
27111998
27112000
27112001
27112002
27112003
27112007
27112008
27112009
27112711
271157zn06
27121533
27121946
27121947
27121948
27121950
27121951
27121952
27121953
27121954
27121955
27121956
27121957
27121958
27121959
27121960
27121961
27121962
27121963
27121964
27121965
27121966
27121967
27121968
27121969
27121970
27121971
27121972
27121973
27121974
27121975
27121976
27121977
27121978
27121979
27121980
27121981
27121982
27121983
27121984
27121985
27121986
27121987
27121988
27121989
27121990
27121991
27121992
27121993
27121994
27121995
27121996
27121997
27121998
27121999
27122000
27122001
27122002
27122003
27122005
27122007
27122712
2712mill
27132713
27142621
27142714
271803ss
27182818
27222722
272270271983
272346758
27262726
27271986
27272727
27282728
27292729
2730267a
27302730
27312731
27332733
27442744
2745stow
27482748
275271317
27572757
27628285
27632763
27692769
2769brut
27712771
27722772
27731828
27742774
277rte87hryloitru
27818789
27822782
27842784
27872787
27892789
27912791
27922792
27ab55ce67az
27church
27zydfhz
28002800
28011948
28011949
28011950
28011951
28011952
28011953
28011954
28011955
28011956
28011957
28011958
28011959
28011960
28011961
28011962
28011963
28011964
28011965
28011966
28011967
28011968
28011969
28011970
28011971
28011972
28011973
28011974
28011975
28011976
28011977
28011978
28011979
28011980
28011981
28011982
28011983
28011984
28011985
28011986
28011987
28011988
28011989
28011990
28011991
28011992
28011993
28011994
28011995
28011996
28011997
28011998
28011999
28012000
28012001
28012002
28012003
28012801
280141963aa
28021949
28021950
28021951
28021952
28021953
28021954
28021955
28021956
28021957
28021958
28021959
28021960
28021961
28021962
28021963
28021964
28021965
28021966
28021967
28021968
28021969
28021970
28021971
28021972
28021973
28021974
28021975
28021976
28021977
28021978
28021979
28021980
28021981
28021982
28021983
28021984
28021985
28021986
28021987
28021988
28021989
28021990
28021991
28021992
28021993
28021994
28021995
28021996
28021997
28021998
28021999
28022000
28022001
28022002
28022003
28022005
28022006
28022007
28022008
28022010
28022011
2802petr
28031947
28031949
28031951
28031953
28031954
28031955
28031956
28031957
28031958
28031959
28031960
28031961
28031962
28031963
28031964
28031965
28031966
28031967
28031968
28031969
28031970
28031971
28031972
28031973
28031974
28031975
28031976
28031977
28031977n
28031978
28031979
28031979n
28031980
28031981
28031982
28031983
28031984
28031985
28031986
28031987
28031988
28031989
28031990
28031991
28031992
28031993
28031994
28031995
28031996
28031997
28031998
28031999
28032000
28032001
28032002
28032005
28041949
28041950
28041951
28041953
28041954
28041955
28041956
28041957
28041958
28041959
28041960
28041961
28041962
28041963
28041964
28041965
28041966
28041967
28041968
28041969
28041970
28041971
28041972
28041973
28041974
28041975
28041976
28041977
28041978
28041979
28041980
28041981
28041982
28041983
28041984
28041985
28041986
28041987
28041988
28041989
28041990
28041991
28041992
28041993
28041994
28041995
28041996
28041997
28041998
28041999
28042000
28042001
28042002
28042003
28042004
28042005
28042006
28042007
28042804
280473181rx
28051947
28051950
28051951
28051952
28051953
28051954
28051955
28051956
28051957
28051958
28051959
28051960
28051961
28051962
28051963
28051964
28051965
28051966
28051967
28051968
28051969
28051970
28051971
28051972
28051973
28051974
28051975
28051976
28051977
28051978
28051979
28051980
28051981
28051982
28051983
28051984
28051985
28051986
28051987
28051988
28051989
28051990
28051991
28051992
28051993
28051994
28051995
28051996
28051997
28051998
28051999
28052000
28052001
28052002
28052003
28052004
28052005
28052006
28052009
28052805
28053155
2805728057
28061900
28061949
28061950
28061951
28061952
28061953
28061954
28061955
28061956
28061957
28061958
28061959
28061960
28061961
28061962
28061963
28061964
28061965
28061966
28061967
28061968
28061969
28061970
28061971
28061972
28061973
28061974
28061975
28061976
28061977
28061978
28061979
28061980
28061981
28061982
28061983
28061984
28061985
28061986
28061987
28061988
28061989
28061990
28061991
28061992
28061993
28061994
28061995
28061996
28061997
28061998
28061999
28062000
28062001
28062002
28062003
28062006
28062008
28062010
28062011
28062806
28064212
28071948
28071950
28071951
28071952
28071953
28071954
28071955
28071956
28071957
28071958
28071959
28071960
28071961
28071962
28071963
28071964
28071965
28071966
28071967
28071968
28071969
28071970
28071971
28071972
28071973
28071974
28071975
28071976
28071977
28071978
28071979
28071980
28071981
28071982
28071983
28071984
28071985
28071986
28071987
28071988
28071989
28071990
28071991
28071992
28071993
28071994
28071995
28071996
28071997
28071998
28071999
28072000
28072001
28072002
28072003
28072004
28072005
28072007
28072008
28072009
28072010
280786fr
28081949
28081952
28081953
28081954
28081955
28081956
28081957
28081958
28081959
28081960
28081961
28081962
28081963
28081964
28081965
28081966
28081967
28081968
28081969
28081970
28081971
28081972
28081973
28081974
28081975
28081976
28081977
28081978
28081979
28081980
28081981
28081982
28081983
28081984
28081985
28081986
28081987
28081988
28081989
28081990
28081991
28081992
28081993
28081994
28081995
28081996
28081997
28081998
28081999
28082000
28082001
28082002
28082003
28082004
28082007
28082010
28091948
28091950
28091951
28091953
28091954
28091955
28091956
28091957
28091958
28091958n
28091959
28091960
28091961
28091962
28091963
28091964
28091965
28091966
28091967
28091968
28091969
28091970
28091971
28091972
28091973
28091974
28091975
28091976
28091977
28091978
28091979
28091980
28091981
28091982
28091983
28091984
28091985
28091986
28091987
28091988
28091989
28091990
28091991
28091992
28091993
28091994
28091995
28091996
28091997
28091998
28091999
28092000
28092001
28092002
28092007
28092011
28092809
28101950
28101951
28101952
28101953
28101954
28101955
28101956
28101957
28101958
28101959
28101960
28101961
28101962
28101963
28101964
28101965
28101966
28101967
28101968
28101969
28101970
28101971
28101972
28101973
28101974
28101975
28101976
28101977
28101978
28101979
28101980
28101981
28101982
28101983
28101984
28101985
28101986
28101987
28101988
28101989
28101990
28101991
28101992
28101993
28101994
28101995
28101996
28101997
28101998
28101999
28102000
28102001
28102002
28102003
28102005
28102006
28102007
28102010
28102810
28111900
28111950
28111951
28111952
28111953
28111954
28111955
28111956
28111957
28111958
28111959
28111960
28111961
28111962
28111963
28111964
28111965
28111966
28111967
28111968
28111969
28111970
28111971
28111972
28111973
28111974
28111975
28111976
28111977
28111978
28111979
28111980
28111981
28111982
28111983
28111984
28111985
28111986
28111987
28111988
28111989
28111990
28111991
28111992
28111993
28111994
28111994n
28111995
28111996
28111997
28111998
28111999
28112000
28112001
28112003
28112004
28112005
28112006
28112007
28112008
28112811
28121949
28121950
28121951
28121953
28121955
28121956
28121957
28121958
28121959
28121960
28121961
28121962
28121963
28121964
28121965
28121966
28121967
28121968
28121969
28121970
28121971
28121972
28121973
28121974
28121975
28121976
28121977
28121978
28121979
28121980
28121981
28121982
28121983
28121983n
28121984
28121985
28121986
28121987
28121988
28121989
28121990
28121991
28121992
28121993
28121994
28121995
28121996
28121997
28121998
28121999
28122000
28122002
28122003
28122005
28122006
28122007
28122008
28122010
28122812
281299gleb
28132813
28142814
28162816
28192819
281apple
28202820
28232823
28252825
28272827
28282828
2828282828
28292829
28302830
28317379
283196560
28322832
28372837
28401losali
28422842
28452845
28461379
28461937
28462846
28482848
285021099
28612dazer
28642864
28666848
28682868
2872255q
28742874
28752875
28782878
28784020
287hf71h
28812881
28822882
28823094
28882888
28892889
28902890
28912891
2896vatz1
28a7738t
28atdhfkz
28elkedelaet
28infern
28inferno
28lytqcgecnz
28ros11bri67
290000mo
29011950
29011951
29011953
29011954
29011955
29011956
29011957
29011958
29011959
29011960
29011961
29011962
29011963
29011964
29011965
29011966
29011967
29011968
29011969
29011970
29011971
29011972
29011973
29011974
29011975
29011976
29011977
29011978
29011979
29011980
29011981
29011982
29011982m
29011983
29011984
29011984dl
29011985
29011986
29011987
29011988
29011989
29011990
29011991
29011992
29011993
29011994
29011995
29011996
29011997
29011998
29011999
29012000
29012001
29012002
29012003
29012004
29012011
29012901
29021952
29021956
29021960
29021964
29021968
29021972
29021976
29021980
29021984
29021988
29021988m
29021992
29021996
29022000
29022008
29031947
29031952
29031953
29031954
29031955
29031956
29031957
29031958
29031959
29031960
29031961
29031962
29031963
29031964
29031965
29031966
29031967
29031968
29031969
29031970
29031970n
29031971
29031972
29031973
29031974
29031975
29031976
29031977
29031978
29031979
29031980
29031981
29031982
29031983
29031984
29031985
29031986
29031987
29031988
29031989
29031990
29031991
29031992
29031992m
29031993
29031994
29031995
29031996
29031997
29031998
29031999
29032000
29032001
29032002
29032003
29032004
29032005
290367tm
29041945
29041949
29041950
29041951
29041952
29041954
29041955
29041956
29041957
29041959
29041960
29041961
29041962
29041963
29041964
29041965
29041966
29041967
29041968
29041969
29041970
29041971
29041972
29041973
29041974
29041975
29041976
29041977
29041978
29041979
29041980
29041981
29041982
29041983
29041984
29041985
29041986
29041987
29041988
29041989
29041990
29041991
29041992
29041993
29041994
29041995
29041996
29041997
29041998
29041999
29042000
29042001
29042002
29042003
29042004
29042005
29042006
29042007
29042008
29042009
29042904
29051900
29051947
29051949
29051951
29051952
29051953
29051954
29051955
29051956
29051957
29051958
29051959
29051960
29051961
29051962
29051963
29051964
29051965
29051966
29051967
29051968
29051969
29051970
29051971
29051972
29051973
29051974
29051975
29051976
29051977
29051978
29051979
29051980
29051981
29051982
29051983
29051984
29051985
29051986
29051987
29051988
29051989
29051990
29051991
29051992
29051993
29051994
29051995
29051996
29051997
29051998
29051999
29052000
29052001
29052002
29052004
29052009
29061939
29061949
29061952
29061953
29061955
29061956
29061957
29061958
29061959
29061960
29061961
29061962
29061963
29061964
29061965
29061966
29061967
29061968
29061969
29061970
29061971
29061972
29061973
29061974
29061975
29061976
29061977
29061978
29061979
29061980
29061981
29061982
29061983
29061984
29061985
29061986
29061987
29061988
29061989
29061990
29061991
29061992
29061993
29061994
29061995
29061996
29061997
29061998
29061999
29062000
29062001
29062002
29062004
29062906
29071946
29071947
29071949
29071950
29071952
29071953
29071954
29071955
29071956
29071957
29071958
29071959
29071960
29071961
29071962
29071963
29071964
29071965
29071966
29071967
29071968
29071969
29071970
29071971
29071972
29071973
29071974
29071975
29071976
29071977
29071978
29071979
29071980
29071981
29071982
29071983
29071983n
29071984
29071985
29071986
29071987
29071988
29071989
29071990
29071991
29071992
29071993
29071994
29071995
29071996
29071997
29071998
29071999
29072000
29072001
29072002
29072003
29072005
29072006
29072007
29081946
29081948
29081950
29081952
29081953
29081954
29081955
29081956
29081957
29081958
29081959
29081960
29081961
29081962
29081963
29081964
29081965
29081966
29081967
29081968
29081969
29081970
29081971
29081972
29081973
29081974
29081975
29081976
29081977
29081978
29081979
29081980
29081981
29081982
29081983
29081984
29081985
29081986
29081987
29081988
29081989
29081990
29081990n
29081991
29081992
29081993
29081994
29081995
29081996
29081997
29081998
29081999
29082000
29082001
29082002
29082003
29082006
29082009
29082010
29082908
29091941
29091948
29091949
29091951
29091952
29091953
29091954
29091955
29091956
29091957
29091958
29091959
29091960
29091961
29091962
29091963
29091964
29091965
29091966
29091967
29091968
29091969
29091970
29091971
29091972
29091973
29091974
29091975
29091976
29091977
29091978
29091979
29091980
29091981
29091982
29091983
29091984
29091985
29091986
29091987
29091988
29091989
29091990
29091991
29091992
29091992q
29091993
29091994
29091995
29091996
29091997
29091998
29091999
29092000
29092001
29092002
29092003
29092004
29092006
29092007
29092009
29092909
29101946
29101951
29101952
29101953
29101954
29101955
29101956
29101957
29101958
29101959
29101960
29101961
29101962
29101963
29101964
29101965
29101966
29101967
29101968
29101969
29101970
29101971
29101972
29101973
29101974
29101975
29101976
29101977
29101978
29101979
29101980
29101981
29101982
29101983
29101984
29101985
29101986
29101987
29101988
29101989
29101990
29101991
29101992
29101993
29101994
29101995
29101996
29101997
29101998
29101999
29102000
29102001
29102002
29102004
29102005
29102007
29102910
29111945
29111947
29111949
29111951
29111952
29111953
29111955
29111956
29111957
29111958
29111959
29111960
29111961
29111962
29111963
29111964
29111965
29111966
29111967
29111968
29111969
29111970
29111971
29111972
29111973
29111974
29111975
29111976
29111977
29111978
29111979
29111980
29111981
29111982
29111983
29111983a
29111984
29111985
29111986
29111987
29111988
29111989
29111990
29111991
29111992
29111993
29111994
29111995
29111996
29111997
29111998
29111999
29112000
29112001
29112002
29112009
29112010
29112911
29119030
29121946
29121951
29121952
29121954
29121955
29121956
29121957
29121958
29121959
29121960
29121961
29121962
29121963
29121964
29121965
29121966
29121967
29121968
29121969
29121970
29121971
29121972
29121973
29121974
29121975
29121976
29121977
29121978
29121979
29121980
29121981
29121982
29121983
29121983m
29121984
29121985
29121986
29121987
29121988
29121988n
29121989
29121990
29121991
29121992
29121993
29121994
29121995
29121996
29121997
29121998
29121999
29122000
29122001
29122002
29122003
29122006
29122007
29122008
29122009
29122010
29122912
29132913
29152915
29162330
29162916
29182918
29202174
29202920
2920todd
29252925
29292929
29302930
29312931
29363959
29392939
29412941
2942rbrb
29432943
29452945
2947819540
29592959
29614029
29622962
29629w67
29662966
29692969
29732973
29772977
29812981
29832983
29862986
29893536werty
29912991
29917130
29922992
29926548
299792458
29982998
29ast666
29marcel
29zydfhz
2a2a2a2a
2a3b4c5d
2aru5tvc
2awesome
2b1ind2c
2b4dnvsx
2b8riedt
2bad4you
2balcain
2bassets
2beagles
2beornot
2beornot2be
2bigboob
2bigdogs
2bigtits
2blessed
2boobies
2bornot2
2bornot2b
2breasts
2brnot2b
2canchew
2cf5957f
2childre
2children
2chilled
2cool4u2
2corvett
2crazy4u
2cuvip83
2daughters
2dfzy6q7
2dgdi9wi6t
2diamond
2doggies
2dollars
2dolores
2dolphin
2dsit488
2dthkrzj
2dumb2live
2e2r6epq
2easy4me
2etpussy
2ezlgic37h
2fast4yo
2fast4you
2fg15d3k
2fingers
2flexibl
2flyfish
2freedom
2frtyw04k5
2fuckoff
2funky4u
2guitar6
2havefun
2hooters
2hot2000
2hot4you
2hs9g48b
2i5fdruv
2iguanas
2infinit
2insider
2jordan3
2kash6zq
2kittens
2kitties
2kz87euf
2lampone2
2laura31
2legit2quit
2letmein
2lolazoo
2lomax00
2m5i0s2h9a7
2mariner
2michael
2million
2monkeys
2much2do
2muchfun
2nd2none
2nic4eje
2nipples
2ofakind
2okrate2
2oranges
2pac2pac
2pac4eve
2pac4ever
2pac4life
2pacalypse
2pacshakur
2passwor
2peaches
2peloh1y
2percent
2perfect
2puppies
2q2q2q2q
2q3w4e5r
2qanisos
2qefhaq3
2quick4u
2rapunze
2ratuspuv
2rpwfcjw
2seams4u
2select1
2sexy2ho
2sexy2hottoh2yxes2
2sisters
2slick4u
2smart4u
2snowman
2success
2thick4u
2timothy
2uef2fl1ee
2w3e4r5t
2w3e4r5t6y
2w4r6y8i
2w93jpa4
2willy05
2wj2k9oj
2wpendalf0
2wrn21mk
2wsx1qaz
2wsx2wsx
2wsx3edc
2wsx4rfv
2wsxcde3
2wsxxsw2
2wsxzaq1
2x4b523p
2x4karyzbyee
2ykn5ccf
2yyi4w72
2z6pqi3t
30003000
30006000
3000gtvr
30011900
30011945
30011947
30011952
30011953
30011954
30011955
30011956
30011957
30011958
30011959
30011960
30011961
30011962
30011963
30011964
30011965
30011966
30011967
30011968
30011969
30011970
30011971
30011972
30011973
30011974
30011975
30011976
30011977
30011978
30011979
30011980
30011981
30011982
30011983
30011984
30011985
30011986
30011987
30011988
30011989
30011990
30011991
30011992
30011993
30011994
30011995
30011996
30011997
30011998
30011999
30012000
30012001
30012002
30012003
30012008
30012010
30013001
30031937
30031950
30031951
30031952
30031954
30031955
30031956
30031957
30031958
30031959
30031960
30031961
30031962
30031963
30031964
30031965
30031966
30031967
30031968
30031969
30031970
30031971
30031972
30031973
30031974
30031975
30031976
30031977
30031978
30031979
30031980
30031981
30031982
30031983
30031984
30031985
30031986
30031986m
30031987
30031987m
30031988
30031989
30031990
30031991
30031992
30031993
30031994
30031995
30031996
30031997
30031998
30031999
30032000
30032001
30032002
30032003
30032004
30032005
30033003
30041945
30041950
30041951
30041952
30041953
30041954
30041955
30041956
30041957
30041958
30041959
30041960
30041961
30041962
30041963
30041964
30041965
30041966
30041967
30041968
30041969
30041970
30041971
30041972
30041973
30041974
30041975
30041976
30041977
30041978
30041979
30041980
30041981
30041982
30041983
30041984
30041985
30041986
30041987
30041988
30041989
30041990
30041991
30041992
30041993
30041993m
30041994
30041995
30041996
30041997
30041998
30041999
30042000
30042001
30042002
30042003
30042004
30042006
30042008
30042009
30042010
30043004
30048023
30051946
30051950
30051951
30051953
30051954
30051955
30051956
30051957
30051958
30051959
30051960
30051961
30051962
30051963
30051964
30051965
30051966
30051967
30051968
30051969
30051970
30051971
30051972
30051973
30051974
30051975
30051976
30051977
30051978
30051979
30051980
30051981
30051982
30051983
30051984
30051985
30051986
30051987
30051988
30051989
30051990
30051991
30051992
30051993
30051994
30051995
30051996
30051997
30051998
30051999
30052000
30052001
30052002
30052003
30052006
30052007
30052008
30053005
30061944
30061947
30061950
30061951
30061952
30061953
30061954
30061955
30061956
30061957
30061958
30061959
30061960
30061961
30061962
30061963
30061964
30061965
30061966
30061967
30061968
30061969
30061970
30061971
30061972
30061973
30061974
30061975
30061976
30061977
30061978
30061979
30061980
30061981
30061982
30061983
30061984
30061985
30061986
30061987
30061988
30061989
30061990
30061990sdf
30061991
30061992
30061993
30061994
30061994n
30061995
30061996
30061997
30061998
30061999
30062000
30062001
30062002
30062003
30062004
30062006
30062008
30062009
30063006
30071950
30071951
30071954
30071955
30071956
30071957
30071958
30071959
30071960
30071961
30071962
30071963
30071964
30071965
30071966
30071967
30071968
30071969
30071970
30071971
30071972
30071973
30071974
30071975
30071976
30071977
30071978
30071979
30071980
30071981
30071982
30071983
30071984
30071985
30071986
30071987
30071988
30071989
30071990
30071991
30071991m
30071992
30071993
30071994
30071995
30071996
30071997
30071998
30071999
30072000
30072001
30072002
30072005
30072008
30072010
30081946
30081952
30081954
30081955
30081956
30081957
30081958
30081959
30081960
30081961
30081962
30081963
30081964
30081965
30081966
30081967
30081968
30081969
30081970
30081971
30081972
30081973
30081974
30081975
30081976
30081977
30081978
30081979
30081980
30081981
30081982
30081983
30081984
30081985
30081986
30081987
30081988
30081989
30081990
30081991
30081992
30081993
30081994
30081995
30081996
30081997
30081998
30081999
30082000
30082001
30082002
30082003
30082004
30082005
30082007
30082008
30083008
30091947
30091948
30091950
30091951
30091952
30091953
30091954
30091955
30091956
30091957
30091958
30091959
30091960
30091961
30091962
30091962n
30091963
30091964
30091965
30091966
30091967
30091968
30091969
30091970
30091971
30091972
30091973
30091974
30091975
30091976
30091977
30091978
30091979
30091980
30091981
30091982
30091983
30091984
30091985
30091986
30091987
30091988
30091989
30091990
30091991
30091992
30091993
30091994
30091995
30091996
30091997
30091998
30091999
30092000
30092001
30092003
30092004
30092005
30092006
30092007
30092008
30092010
30093009
300cgfhnfywtd
300datab
300winmag
300zxnis
30101949
30101950
30101952
30101953
30101954
30101955
30101956
30101957
30101958
30101959
30101960
30101961
30101962
30101963
30101964
30101965
30101966
30101967
30101968
30101969
30101970
30101971
30101972
30101973
30101974
30101975
30101976
30101977
30101978
30101979
30101980
30101981
30101982
30101983
30101984
30101985
30101986
30101987
30101988
30101989
30101990
30101991
30101992
30101993
30101994
30101995
30101996
30101997
30101998
30101999
30102000
30102001
30102002
30102004
30102007
30102009
30102010
30103010
30111900
30111946
30111949
30111951
30111956
30111957
30111958
30111959
30111960
30111961
30111962
30111963
30111964
30111965
30111966
30111967
30111968
30111969
30111970
30111971
30111972
30111973
30111974
30111975
30111976
30111977
30111978
30111979
30111980
30111981
30111982
30111983
30111984
30111985
30111985n
30111986
30111987
30111988
30111989
30111990
30111991
30111992
30111993
30111994
30111995
30111996
30111997
30111998
30111999
30112000
30112001
30112006
30112007
30112008
30113011
30121949
30121954
30121956
30121957
30121958
30121959
30121960
30121961
30121962
30121963
30121964
30121965
30121966
30121967
30121968
30121969
30121970
30121971
30121972
30121973
30121974
30121975
30121976
30121977
30121978
30121979
30121980
30121981
30121982
30121983
30121984
30121985
30121986
30121987
30121988
30121989
30121990
30121991
30121991n
30121992
30121993
30121994
30121995
30121996
30121997
30121998
30121999
30122000
30122002
30122004
30122005
30122007
3012292113
30123012
301661975
30201995
30203020
30207658
30223022
30253025
30283028
30300919
30303006
30303030
30323032
30333033
30343034
30353035
30363036
30383038
304127012
30443044
30453045
30467705
30503050
30513051
30563056
30573057
305pwzlr
30623062
30624700
30683068
30693069
30703070
30753075
30763076
30astic29
30seconds
30secondstomars
30spanks
3100100994
31003100
31011900
31011946
31011948
31011950
31011951
31011952
31011953
31011954
31011955
31011956
31011957
31011958
31011959
31011960
31011961
31011962
31011963
31011964
31011965
31011966
31011967
31011968
31011969
31011970
31011971
31011972
31011973
31011974
31011975
31011976
31011977
31011978
31011979
31011980
31011981
31011982
31011983
31011984
31011984n
31011985
31011986
31011987
31011988
31011989
31011990
31011991
31011992
31011993
31011994
31011995
31011996
31011997
31011998
31011999
31012000
31012001
31012003
31012007
31012010
31012011
31013101
31013323
310172431
31021364
31031900
31031948
31031950
31031951
31031952
31031953
31031954
31031955
31031956
31031957
31031958
31031959
31031960
31031961
31031962
31031963
31031964
31031965
31031966
31031967
31031968
31031969
31031970
31031971
31031972
31031973
31031974
31031975
31031976
31031977
31031978
31031979
31031980
31031981
31031982
31031983
31031984
31031985
31031986
31031987
31031988
31031989
31031990
31031991
31031992
31031993
31031993m
31031994
31031995
31031996
31031997
31031998
31031999
31032000
31032001
31032002
31032004
31032005
31032006
31032009
31032010
31033103
31035518
31043104
31051948
31051952
31051953
31051954
31051955
31051956
31051957
31051958
31051959
31051960
31051961
31051962
31051963
31051964
31051965
31051966
31051967
31051968
31051969
31051970
31051971
31051972
31051973
31051974
31051975
31051976
31051977
31051978
31051979
31051980
31051981
31051982
31051983
31051984
31051985
31051986
31051987
31051988
31051989
31051990
31051991
31051992
31051993
31051994
31051995
31051996
31051997
31051998
31051999
31052000
31052001
31052002
31052003
31052004
31052005
31052006
31052007
31053105
31071947
31071949
31071950
31071951
31071952
31071953
31071954
31071955
31071956
31071957
31071958
31071959
31071960
31071961
31071962
31071963
31071964
31071965
31071966
31071967
31071968
31071969
31071970
31071971
31071972
31071973
31071974
31071975
31071976
31071977
31071978
31071979
31071980
31071981
31071982
31071983
31071984
31071985
31071986
31071987
31071988
31071989
31071990
31071991
31071992
31071993
31071994
31071995
31071996
31071997
31071998
31071999
31072000
31072001
31072002
31072006
31072008
31072010
31073107
31081946
31081950
31081952
31081953
31081954
31081955
31081956
31081957
31081958
31081959
31081960
31081961
31081962
31081963
31081964
31081965
31081966
31081967
31081968
31081969
31081970
31081971
31081972
31081973
31081974
31081975
31081976
31081977
31081978
31081979
31081980
31081981
31081982
31081983
31081984
31081985
31081986
31081987
31081988
31081989
31081990
31081991
31081992
31081993
31081994
31081995
31081996
31081997
31081998
31081999
31082000
31082001
31082002
31082006
31082007
31082010
31083108
31101949
31101951
31101953
31101954
31101955
31101956
31101957
31101958
31101959
31101960
31101961
31101962
31101963
31101964
31101965
31101966
31101967
31101968
31101969
31101970
31101971
31101972
31101973
31101974
31101975
31101976
31101977
31101978
31101979
31101980
31101981
31101982
31101983
31101984
31101985
31101986
31101987
31101988
31101989
31101990
31101991
31101992
31101993
31101994
31101995
31101996
31101997
31101998
31101999
31102000
31102001
31102002
31102003
31102007
31102009
31103110
31113111
31121900
31121910
31121946
31121948
31121950
31121952
31121954
31121955
31121957
31121958
31121959
31121960
31121961
31121962
31121963
31121964
31121965
31121966
31121967
31121968
31121969
31121970
31121971
31121972
31121973
31121974
31121975
31121976
31121977
31121978
31121979
31121980
31121981
31121982
31121983
31121984
31121985
31121986
31121987
31121988
31121989
31121990
31121991
31121992
31121993
31121994
31121995
31121996
31121997
31121998
31121999
31122000
31122001
31122002
31122003
31122004
31122005
31122006
31122007
31122008
31122009
31122010
31122011
31123112
31133113
31143114
31163116
31173117
311bliss
311music
311rocks
311rules
311unity
31203120
3120801i
31213121
31217221027711
3121722h
31223122
31233123
31243124
31253125
31313131
31315555
31321dj51982
31323132
31333133
3133731337
31343134
31359092
31383138
313strik
31403140
31413141
31415926
314159265
3141592653
31415926535
3141592654
31415927
31415928
314159pi
31416066
31423142
31425364
31463146
31471049
31503150
31504244life
315102001112
31513151
31543154
31553155
31563156
31582956
31613161
31623162
31643164
316497852
3164life
31653165
31663166
31693169
31700713
31723172
3175671tdutybq
3176mike
31813181
31883188
31893189
31913191
3192heptagon
31959243
31973197
31f6e0f5
31nack31
32003200
32013201
32023202
320427azn
32043204
3205cost
32083208
32100123
32103210
321123321
32113211
32123212
32132132
321321321
321321321a
321321324
321330268
32133213
32143214
32145632
32145678
321456987
32147896
321515554
32153215
32158900666
32165487
32165498
321654987
3216549870
321654987q
3216732167
321673216732167
32167742
32167890
32167911
32167qaz
32173217
3218bb10
321ewqdsa
321ewqdsacxz
321mnbvcxz
321qazxc
321qwerty
321ret32
32203220
32213221
322223322
32223222
32233223
32253225
32293229
322bingo
32303230
32313231
32323232
32326078
323323323
32333233
32343234
32345678
323475608n
32353235
3235740x
32383238
32393239
323pivat
3240500777
32413241
32443244
324437ru
32453245
32473247
3250245026
32503250
32513251
32517limyve
32543254
32547698
32553255
32563256
32566842
32584cthutq
32603260
32615948
326159487
32615948worms
32623262
32633263
32643264
32653265
32663266
3268ramo
32693269
32697473
32703270
32743274
32771957
32773277
327villa
32823282
32833283
3283dave
32849146
32861969
32893289
32963296
329usalva007
32olivia
33003300
33033303
3304150t
33063306
33073307
330738peter
33103310
33113311
33123312
33133313
33143314
33153315
33163316
33173317
33203320
3321216310
33212556
33213321
33221100
33223322
3322607093
3322bes42
33233323
3323433234
33250155
33253325
33263326
33273327
33303333
33313331
33322211
333222111
33331111
33332222
33333333
333333333
3333333333
333333333333
33333335
33334444
33335555
33336666
33337777
33338888
3333dave
3333xxxx
33343334
33344455
333444555
33351962
33353335
33355555
333555777
33366699
333666999
333777333
333777999
33387904
333999333
333ms333
33403340
33433343
33443344
33445566
33453345
33483348
33513351
33523352
33533353
33553355
335533aa
33554432
33563356
33573357
33583358
33593359
33643364
3364546454
33653365
33663366
33693369
33713371
33763376
33773377
33793379
33813381
3382101615
33843384
3384usad
33863386
33883388
33896336
33902672
33903390
33993399
33hk5d6x
33korovy
33mzjkab
33rjhjds
34003400
34013401
34063406
340bhpm3
34103840
34123412
34154948
34173417
341822554792
34201378
34213421
34233423
34293429
343104ky
34343434
34353637
34363436
3440duro
34413441
34423442
34433443
34463446
34521996
34523452
34524815
34525140
34533453
345345345
3454051maksim
34543454
34553455
3456342963
34563456
34567890
345891670
34593459
345t3twf
34623462
34634634
34643464
34663466
346889123
34693469
34713471
34743474
34753475
34773477
3478526129
34851290
34863486
34873487
3488falc
349663kc
34erdfcv
34lestat
34mullig
34nhqt72
34payton
35003500
350125go
35053505
35103420
35103510
35123512
35153515
35193519
35203520
35213521
35263526
35303530
35313531
35343534
35353535
35363536
35383538
35403540
3540635406
35423542
35443544
35473547
35483548
3551qqqq
35523552
35533553
3553435534
35543554
35573557
3561864546w
35623562
356358252
35643564
35703570
35715946
357357357
35753575
35773577
35783578
35793579
357951sss
35799753
357cimbom
357magnu
357magnum
358358358
35893589
35943594
35954201
35george
35jake35
35ps00ps
35wolfen
36003600
3600wood
36023602
360267805
36033603
3606199e
36062516
36063606
36093609
360moden
36103610
36113611
3611jcmg
36123612
36130911cl1
36143614
3615857368
3616615a
36169544
36173617
36183618
36193619
36223622
362253199
36233623
36263415
362951847
3632754789
36333030
36333633
36363636
36373839
36383638
36386988
36391468
36460341
36463646
36483648
36493649
36515241
36523652
36543654
365469230
36553655
36563656
36583658
365850413
36623662
36633663
36653665
36663666
36669666
36673913
36693669
36733673
36763676
367892137
36852420
368ejhih
36903690
36913691
36923692
36925814
369258147
36933693
369369369
36963696
369654741
36985214
369852147
369852369
36987412
369874123
369874125
36993699
369963369
36bby4qnvf
36chambers
36dd2436
36dd36dd
36o6mphs
37103710
37113711
37123712
37133713
371957136
37203720
37213721
37231730
37292842
37303651
37313731
37323732
3732hunt
37333733
37363534
37373737
37406810
37423742
3745172go
37453745
37483748
37503750
37507933
37513751
37523752
37533753
37543754
37563756
375667688
37583867
37633763
37663766
37693769
37703770
37723772
37733773
37763776
37773777
37783778
37793779
378642niki
37912192
37913791
37947952
37sb4fp3
37vl8585
38023802
380434522575
380zliki
38113811
38213821
38253825
38263826
38323832
383295502
38343834
38381971
38383838
38393839
383pdjvl
383stroker
38453845
38463846
385385385mf
38543854
38553855
38603860
38623862
38643728
38643864
38653865
38659243
38663866
386tns9h
38790607
38853885
38883888
38911983
38913891
38933893
38972091
38ericks
38gjgeuftd
38octave
38popugaev
38specia
38special
39001007600
39026504
39133913
39153915
39203920
39205120
3921010111
39223922
39258750
39263926
39273927
39393939
39533953
39539577
39631491
39633963
39713971
39735099
398284441
39843984
39853985
39911993
399120068
39913991
3997gish
39983998
39993999
3batcave
3bnrugkt
3ccb3vh2
3children
3d45s7au
3daughters
3daysgrace
3db648b8
3doorsdown
3drcgiy6
3dstudio
3dtoontube
3e4r5t6y
3edc3edc
3edc4rfv
3edc4rfv5tgb
3edc5tgb
3edcvfr4
3f3fpht7op
3fcbba499
3fduecnf
3fingerj
3fingers
3fr2ed4i
3friends
3giv6ro89q
3gjhjctyrf
3h0warmp
3in13in1
3indians
3j3a0n8e
3j6f8d0b
3j8zegdo
3k5h4bex
3kh07nvz
3l3phant
3laruser
3m8kkkkk
3monkeys
3mta3now
3nipples
3ns3nada
3pillars
3pointer
3qa0evx344
3rjqdxcnmrc568
3rjs1la7qe
3s52210p
3s8a2mrw
3s8r8833
3sisters
3stooges
3syqo15hil
3techsrl
3templar
3th3rn3t
3trinity
3wheeler
3xbobobo
3y4iuy4iqd
3zqf8tfd
3zzchyp4
40004000
40028922
40030126
40044004
400500600
4005464313
4007tuli
40086411q
401092189
40114011
40124012
40154015
40190721
40204020
40214021
40224022
4024423j
40254083
40302010
40304030
40364036
40374037
40384038
40404040
40424042
40454045
40474047
4048565a
40514051
40534053
40564056
40604060
40614061
4062056totoot
40664066
40774077
4077mash
40794517
40814081
409542toxa
40964096
40chuk69
40cleats
40dd40dd
40oooo00
40plusdd
41064106
4108fuck
4108zman
410larry
41104110
41124112
41144114
41164116
41214121
41224122
41234123
412412412
41244124
41259911
41264126
41284128
41304130
41309130
41314131
41324132
413276191q
41331496
41334133
41404140
41414141
41424142
41424344
41484148
41504150
41513042
41514151
41524152
41526300
415263748596
415263aa
41534153
415415415
41554155
4156stud
41574157
415987536
41604160
41614161
41644164
41674167
41694141
41714171
41784178
41794179
418541646
41884188
41914191
41924192
41964196
41d8cd98f00b
41jr51kr
42000000
42004200
42014201
42024202
42024736
42042042
420420420
4204ever
4204life
42074207
42084208
420842084208555
42094209
420fm504710
420smoke
42114211
421170587
42124212
42134213
421421421
4214sweet
42154215
42194219
42214221
42234223
42235021
42244224
42256974
42274227
42294229
42304230
423057553
42314231
42324232
42334233
42344234
42353256
42424242
42424446
42434243
42514251
4251557q
42522086
42524252
42534253
42554255
42584258
42592853
42604260
42624262
42666577
42674267
426813795
42684268
42694269
42698991q
4271philip
42725282
42744274
42794279
427cobra
427vette
42824282
42834283
42854285
42867553
42894289
4294967296
42954295
42984298
42g4224g
42kswfa3
42qwerty42
430-43-034-
43046721
43046721x
4307quant
43101941
43104310
4311111q
43114311
43124312
43128197
43134313
43145542
43174317
43204320
43211234
43212000
43214321
43215678
43218765
4321boom
4321fifi
4321qwer
4321rewq
4321wert
4321wijg
43224322
43234323
43250467
43254325
4326char
43284328
43288111
43324332
43344334
43354335
43384338
4340542zx
43424342
43434343
43454345
43504350
43514351
4351558q
43524352
43544354
435wetdsf
43614664414
43624362
43634070
43654365
43724372
43743157
43764376
43874387
4391634m
43ron35e
43wsxcvfr
44002222
44004400
44034403
4406cuda
440mopar
44114411
44124412
441339740
44134244
44144414
44154415
44224422
44234423
44253769
44254425
44274427
44324432
44332211
44334433
44404440
44434443
444376382
44441111
44442222
4444333221
44443333
44444444
444444444
4444444444
444444444444
44445555
44446666
44447777
44448888
4444zippy
444555666
444587qw
44494449
444robot
44504450
44514451
44520000
44524452
44554455
44556677
44558899
44564456
44634463
4465134444
44664466
44665555
44694469
44705911
44714471
44724472
44734473
44744474
44754475
44774477
44789921
448017251810
44844484
44864486
44884488
44894489
44blonde
44e3ebda
44magnum
44runner
44street
44tr123s
44ttxx44
45014501
45034503
4503csil
450512450824
4506802a
45082675
450sel69
45104510
45114511
451236789
4512367890
45123678910
45124512
45129435
45132545a
45144514
45164516
45169430
45174517
45184518
45204520
45214521
45234523
45244524
452452452
45262000
45264526
45274527
45294529
45314531
453188mtys
45344534
45354535
4535mark
45364536
45386195
4544fuck
4544proj
45454545
4545454545
45464546
45464748
45474547
45484548
45494549
454dfmcq
45504550
45514551
455226638
45544554
45566778
45574557
45584558
45594559
45604560
45612312
45612345
456123456
45612378
456123789
45614561
45634563
45644564
456456123
45645645
456456456
456456456q
456456aa
45654565
45664566
456654456
45666666
45674567
456753159
45677654
45678912
456789123
456789456
45683968
45684568
45685200
456852123
45685213
456852456852
45685279
4568zkml
45694569
45704570
4570govt
45754575
45764576
45784578
457zoiay
45814581
45834583
45854221
45864586
45874587
45894589
4589ichi
45932616
45954595
45984598
45m2do5bs
45rtfgvb
4600a1as
46024602
46043703
460570885341
46104610
4611auto
46134613
46164616
46194619
461bvf11
46224622
46225778
46264626
46314631
46324632
463720www
46374637
46384638
46394639
46401255
46444644
46464646
46466452
46474647
46475154
4648246482
46494649
465211544
46524652
46534653
4653golf
46540535
46554655
46564656
46604660
46624662
4662x21x
46644664
46670152
46674667
46684668
46694669
46709394
4673252289
46734673
46744674
46774677
46775575
46794679
468164770
46821973
46824682
46844684
468499cfif
46855343
46891012
46914691
46948530
46974697
47084708
47101001
47110815
47114711
47154715
47174717
47237245
47314731
47334733
47414741
47454745
47474747
474jdvff
47524752
47724772
47744774
47824782
478357de
4783915854
47854785
47892knjq333
47894789
478jfszk
47904790
48004800
48014801
48064806
48084808
4809594q
48114811
48121620
48151623
481516234
4815162342
4815162342a
4815162342d
4815162342lf
4815162342lost
4815162342q
4815162342s
4815162342x
4815162342z
48152342
48162342
48164816
481790857
48244824
4825550100
48274827
48424842
48434843
48484848
48494849
48524852
48554855
48574857
486217935
48624862
48625123789
486257913
48654865
48724872
48744874
48754875
48774877
48784878
48844884
48894889
48914891
48916052a
48gjgeuftd
48n25rcc
49048111
4904s677075
4904s677076
49110528
49114911
49144914
49184439
4921paul
49234923
492487mike
492dsd4f
492k41km7fj
49364936
49374937
49424942
4943tabb
49494949
49527843
495867qwerty1
49594959
495rus19
496061318
49665100
49874987
498aqh51
49914991
49944994
49954995
49974997
499960053
49wizard51
4adult44
4b2336pw
4b4j4dun
4basebal
4beatles
4brothers
4cc2jack
4cf273db
4chotsr734
4corners
4cranker
4dvanced
4ebouux8
4eburator
4erepaxa
4everlove
4evermad
4everyoung
4f8ff4ki
4f9046r198
4fa82hyx
4fenians
4fishing
4fn6f7qzt
4freedom
4friends
4fyfcnfcbz4
4g3izhox
4g41n666
4getmenot
4gxrzemq
4horseme
4justice
4lomig88
4me2know
4mkmzq62
4moshnik
4ng4110r123
4p9f8nja
4passwor
4questwo
4r2x3sp9
4r3e2w1q
4r5t6y7u
4rcwjpkm
4rdf_king7
4reviews
4rfv3edc
4rfv5tgb
4rfv5tgb6yhn
4rfvbgt5
4rfvcde3
4runners
4rzp8ab7
4seabees
4seasons
4sewanee
4solomon
4stephen
4success
4teenine
4testers
4tunate1
4u4undra
4udotcom
4vcs2w6i
4webair4
4wheeler
4wheelin
4winston
4x8cfp6dyi
4yankees
4z34l0ts
4z3al0ts
4zealots1
50000000
50005000
50015001
50061017
50065006
500705738
500postov
50105010
50115011
50125012
501672536
501877501877
50195019
50225022
50231972
50235023
50255025
502sucks
50345034
50405040
50425042
50455045
50505050
50515051
50518442
50519388
50545054
50558086
50575057
50605060
50694201
50805080
50812121
50855085
5091torr
50cent50
50mustan
50shades
50spanks
51005100
5100dsho
51051051051
5107363k
51094didi
51095109
51155115
512110ebv
51215121
51235123
512512512
5128078228
512864aa
51287ifvfy
51305130
51325132
5132entr
51355135
51391225
51405140
51445144
51455145
51485148
51500812
51501984
51502112
51505051
51505150
5150ou81
5150ou812
5150rock
5150time
51515151
51525152
51525354
5152535455
51535153
51535759
51545154
51547881
51565156
51595159
5164593129
516zhwas
51805180
51842543
51995199
51harley
52005200
52015201
52055205
520689jb
52071869
52105210
52108352
52115211
52125212
52135213
52145214
52155215
52235223
52245224
52255225
52305230
52315231
523213511
52325216
52325403
52335233
52345234
52365236
523698741
5236987410
52395239
52405240
52415241
52425242
52435243
52465246
52500116
52505250
52522525
52523458
52525252
52535253
52545254
52545658
52545856
52565256
525783qwer
52585258
52625262
52635263
52635585
52645264
52678677
52695269
52705270
52725272
52735273
52745274
52755275
52785278
52795279
527b5809
52805280
528205432
52825282
52885288
52995299
52pickup
530000x2
53105310
53115311
53120726
531879fiz
53215321
53215468
53235323
53245324
53265326
53305330
53345334
53355335
533m1k34
53405340
53425342
53433553hjvfy
5345321aa
53475347
53485348
535148326159
53535353
53545354
53549678
53555355
53575357
53625362
53645364
53665366
5368025102
53685368
53694650
536a731974
53745688
53755375
53775377
53785378
538449235
53865386
53885388
53915391
53955395
53crust9
53xp8c7agyxls
54025402
54045404
5411pimo
541233432442
54132442
54135413
54145414
54175417
54205420
54215421
54225422
54235423
54245424
54246acb
54275427
54285428
5429818flower
54315431
543211111
54321123
5432112345
543212345
5432154321
54321678
543216789
5432167890
54321qwert
54321trewq
54322q22345
54325432
543279937954lol
54333290
54335433
54355435
54365436
543853as
54385438
54415441
54435443
54465446
54475447
54525452
54535251
54545454
54545854
545652585
54565456
54565852
54575457
54585652
545ettvy
54615461
54625462
54635463
54637281
546372819
54645464
546546546
54655465
54675467
54695469
54715471
54725472
54745474
54775477
54785478
547896321
54825482
54925492
54935493
54955495
54975497
54995499
54babe74
55005500
55013550
55015501
55018899
55021730
55075507
55115511
55125512
55155515
551scasi
552065842
55222552
55225522
55235523
55240200
55255525
55255840
55277835
55285528
552a9g9u
55305530
553184990
5532361cnjqrf
55325532
55335533
55355535
55365536
55378008
55385538
553zolf2
553zolf21
55415541
55443322
5544332211
554433jgf
55445544
55455545
55469432
55485548
55495746
554uzpad
55512345
555333222q
555356510
55544433
55552222
55554444
55555123
55555333
555554444
5555544444
55555546
55555555
555555555
5555555555
55555555555
555555555555
555555555555555
555555555a
5555566666
55555666666
55555aaaaa
55555fffff
55555qqq
55555qwe
55556666
55557777
55558888
555666444
555666555
55566677
555666777
555777999
55606120rg
55624147
55625562
5562yoyo
55645564
55665566
55667788
5566778899
55681293
55695569
55735573
55745574
55775577
557788loveaoi
55785578
5578695v
55815581
55824655
55831111
55832811
55885588
55905590
55915591
5591kjfw
5595mimo
55968ugi
55995599
55bgates
55cwszsw2l
55oriole
55z8m8en
56045604
56055605
56077086
56105610
56129256
56135613
56151019
561698wwe
56195619
56210073
562265ss
56235623
56245624
56259090
56265626
5628625run
56325632
56335633
56345634
56365636
56395639
56407deos
56415641
56455645
56465646
56468553
5647382910
56475647
56505650
56525652
56535653
56545654
56555655
56565656
5656565656
565656werasd
56575859
56585452
565hlgqo
56631111
56654566
56655665
5668nitram10
56695669
56715671
56725672
56735673
56745674
567567567
56781234
56782000
56784321
56785678
56788765
5678901234
567891234
5678998765
567andrey
567rntvm
56800900
56825682
56835683
56836803
5683love
5687452b
56895689
56935693
56965696
56975697
569874123
56belair
56tr57yh
56tyghbn
57037133
57055705
57135713
57193ed1
57392632
57515751
57575757
57585758
57595153
57685768
5768phil
57699434
57705770
57745774
57755775
57855785
57895789
57915791
57chevys
57harley
57street
57te1357
57vetguy
58013841
58015801
58025802
58135813
58205038
58255825
58265826
582pjcy4
58405840
58445844
58525456
58527755
58545256
58545854
58565254
58585858
5858855abc
58595859
585c0516
5867hibs
58685868
58785878
5879pomp
58805880
58825882
58855885
58911985
58915891
5891589112
589632147
589632147a
58965896
59095909
591282666
59304546
59382113kevinp
59405940
59435943
59455945
59515951
59535953
59575153
59595959
59605960
59635963
59685968
5968asdf
5968fwif
59865986
59875987
59915991
59925992
59955995
59965996
59967220
599eidhi
59pennsy
5anthony
5atr0n1c
5bxmarkg
5c92v5h6
5children
5claudia
5cnopo8d5r
5d6ffpxu
5dzhk5jd8h
5element
5f334cf2
5fingers
5gtgiaxm
5hsu75kpot
5klapser6
5l7uo8ja
5marta55
5million
5pfp46wp
5r4e3w2q1
5r7ddtxc
5roinuj0
5shrek58
5t4r3e2w1q
5t6y7u8i
5t6y7u8i9o0p
5t78vst44
5tarwar5
5td76use
5tgb5tgb
5tgb6yhn
5tgbnhy6
5thedoor
5thelement
5thwheel
5tkeprfq
5un5hine
5unshine
5uperman
5upuferu
5w76rnqp
5wr2i7h8
5xocely5
5yefg23e
5ziy5vuc
6001725230
600355203
6005548660
60066006
60076007
60110479
60116011
60246024
60266026
60306030
6035560355
6050picasso
60696069
60708090
60846084
60926092
6095rbrb
609609609
60964508
61106061106
61161155
61190975
61206120
61216121
61226122
61236123
61246124
61266126
61286128
61356135
6136030moska
61386138
6145350042s
61536153
61569419
61586158
61606160
61616161
61622716
61626162
61636163
61646164
61656165
61696169
61756175
61808861
61832674
61876187
618floyd
619619619
61996199
61august
61b0fe39
6200595tach
62006200
62016201
62026202
62106210
6215mila6215
62216221
62246224
62256225
62266226
62285707
62306230
62316231
62326232
62336233
62346234
62356235
62366236
6239bsum
62426242
62432770
62446244
624xmetm
62556255
62566256
62596259
625vrobg
62626262
62636263
62661016
6266dfg1
62686268
6269kevb
62717315
62767505
62816281
62826282
62828467
62836283
62860202
62886288
62892086
62896289
62926292
62985846
63006300
63146314
63154460
63206320
63216321
63236323
632469444
63256325
63266326
63286328
63326332
633633633
63366336
6339cndh
63456345
634832klpo50
63546354
63584401
63636363
63646364
63656365
63666366
63696369
6369qwert
636sherm
63752792
637nq781wp3h
63811200
638131dima
63986398
63gull63
63impala
63sierra
64006400
6402301258
640xwfkv
64106410
64111244
64136413
64166416
64171226
6418575a
64206420
64216421
64226422
64256425
64286428
64288r54
64327733
64346434
64446444
64516451
64526452
64534231
64536453
6453mike
64546454
64556455
64565455
64586458
6458zn7a
64626462
64636463
64646464
64656465
64686970
64856485
64876487
648b85d0
64906490
64impala
64yt86td
65016501
650962895
65116511
65132724
65141549
65152025
65186518
65196519
65216521
65246524
65346534
65356535
65406540
65416541
65426542
65432100
6543210a
654321123
654321123456
6543212000
654321654321
65432198
654321987
654321as
654321qwe
654321zz
65432834
65446544
65458845
654654654
65486548
654987321
65526552
655321alex
65566556
65571800
65626562
65656565
65679196q
65696569
65748392
65775869
65854525
65876587
65878322
65896589
659565sa
65cvdew3
65impala
65mustan
65mustang
66005918
66006600
66056605
66116611
66121067
66126612
66136613
66166616
6618050r
66366636
66376637
66406640
66445566
6645213497
66466646
66506650
66554433
665544qwerty
66556655
66566656
666123666
666135174
66613666
666333666
666333999
66645666
666555444
66665555
66666613
66666666
666666666
6666666666
666666666666
66666669
6666666a
666666aa
66667777
66668888
66669999
666777666
666777888
66686668
66696669
66699913
666999333as
666999666
66699969
666beast
666demon
666devil
666howdy
666satan
666viktor
66706670
66726672
66776677
66778899
66780724
66816681
66846684
66876687
66886688
6688988r
66936693
66996699
669e53e1
66chevel
66chevelle
66impala
66ls66ls
66mustan
66mustang
66sindac
67046704
67108864
67116711
671775700
671fsa75yt
67223555
673108090
67390436
67477476
675075914
67546754
675675675a
67595197
67628038
6763acpo
676755lolo
67676767
67686768
67696769
67766776
678678678
67876787
6789012345
6789101112
67896789
67899876
67916791
67919010
67975502
67camaro
67cougar
67mustan
67mustang
67ranger
67shelby
67yuhjnm
68046804
68116811
68196819
68211398
6824desz
68256825
682regkh
6835acdi
68426842
68436843
68446844
6846kg3r
68516851
68556855
68676867
68686868
6868899q
68696869
686xqxfg
68746874
68776877
68806880
68884929
68910424
68916891
689232421
68934515
68camaro
68chevelle
68cougar
68iypneg6u
68mustan
68mustang
68shelby
68vwa1as
69026902
6906380k
69116911
6911elias
69126912
69155955
69213124
6921sand
69226922
69236923
69256925
69426942
694491596
69556955
695696qw16
6958061io
69636963
69696969
6969696969
696gdetotut
69701113
69706970
69716971
69726972
69796979
69806980
69886988
69916991
69966996
69bronco
69camaro
69camero
69charger
69cougar
69dragon
69e5d9e4
69german
69hotrod
69isfine
69master
69monkey
69mustan
69mustang
69savannah69
69wilbanks
6ajfkakq
6bashum7
6bc8a365
6bc8a3652000
6bm2lv2k
6croxford9
6cxvnnet
6d86eg4z
6dohf6aj
6ec9049300
6ftkcdet
6gcf636i
6ijbotpoee
6j5ebmzn
6jghxyll
6jhwmqku
6jmx0tcb9
6kerstin
6laceyw6
6letters
6million
6monpass
6rf8jbf3
6scrooge
6shooter
6strings
6swjdfpm
6thsense
6tref5mn
6u3a990o
6uxuxo7z
6w4thvvt
6wjmcvc3
6wt4ui5f
6xe8j2z4
6y7u8i9o
6y7u8i9o0p
6yhn7ujm
6yhnmju7
6zfkq7ye
70047004
70057005
70067006
70077007
7011suzb
70127012
70147014
70197019
70217021
70326237
7043394a
70547054
705499fh
70696867
70707070
70737073
70777077
70780070780
7078fiat
70807080
70857085
70camaro
70chevel
70uqctim
71072241
71077345
710split
71137113
71177117
71197119
71207120
71211991
71317131
71377137
71397139
71407140
71424354
71427142
71477147
71627162
71657165
71677167
7170878g
71717171
71717878
71727374
71737173
71747174
71807180
718293456
71831803
719346825
71bronco
71duster
72032971
72052286
72127212
72147214
72277227
72307230
72367236
72427242
72467246
72527100
72547254
7270445a
72727272
7272dilb
72737273
72739815
72747274
72757275
72767276
72777277
72779673
72799921
72857285
72dolphins
73102777
73184bbb
73217321
73257325
73267326
73307330
73337333
73377337
73437343
73501505
73507350
73697369
7370925538
73737373
73747374
737kkblskv
739182465
73997399
73b1azer
73camaro
73demon5
74100147
74100258
7410258963
74107410
74108520
74108520963
7410852963
741159987
74123698
741236985
741236987
74125896
741258963
74127412
74132257
741369852
741456963
74174174
741741741
741852369
741852741852
74185296
741852963
7418529630
741852963a
741852963d
741852963q
741852963s
741852kk
741852zz
741963456
74196385
741963852
74227422
7422961300
74257425
742617000027
74261700027
74261727
74329600
74337433
74477447
74487448
7451523q
74527452
74531963
74577457
74676352
74677467
74687468
74707470
74717471
74737473
74747474
74776444
74777477
74787478
74804033
74806344
748159263
74827482
74837483
748596123
74957495
74cdgu74
75017501
7503067647
750317ant
75057505
750abdul
75107510
751243538629
75149536
75227522
7524275242
75295319
75307530
753159456
753159753
753159852
75321478
75327532
75327873
753453753453
75357535
75367536
753753753
753789ws
753951123
75395123
75395128
753951456
753951456852
75395146
7539514862
753951753951
75395182
753951852
753951852456
75397539
75427542
75447544
75461234
754740g0
75475668
75508369202
75677567
75717571
75747574
75757575
75767576
75772188a
75799696
75857585
75897589
7590019552ghja
75987598
75ranger
76062251
76107610
76167616
76197619
76253777
76253794
76257625
76338004
764608adelka
76503666
76507650
7653ajl1
76543210
76543211234567
7654321a
7654321q
76547654
76548910
76577657
76657665
7665alch
76689295
76697669
766rglqy
76737673
76767676
76777677
76797679
76857685
76887688
76917691
76camaro
76maawl7qsrai
76sixers
77007700
770129ji
7705732m
77117711
77127712
771512cherniy
77167716
77177717
77187718
7718bill
77197719
77217721
77219600
77227722
772b31j1
77307730
77346900
77347734
7734barf
7734hell
7736qshi
773ib759
77427742
77429188
77437743
77441100
7747bill
77497749
77531911
7753191a
7753191z
77537753
77557755
77558822k
77577757
77599063407
77627762
7762fffddd
77667766
777111444
77714777
77717771
777333777
777541987
777555333
777555777
77755777
777666555
77771111
77772222
77773333
77775555
77776666
7777755102q
77777771
7777777333
77777775
77777777
777777777
7777777777
77777777777
777777777777
77777778
7777777a
7777777c
7777777d
7777777f
7777777i
7777777n
7777777o
7777777q
7777777qq
7777777s
7777777v
7777777w
7777777z
77778888
77779999
77787778
777888777
777888999
777999333
777angel
777ff337
777vip777
777wulfgar
778124969
77877787
77887788
77889900
77889944
77891456
77897789
7790atc1
77917791
77930117
77991133
779933pp
77997799
77bronco
77sporky
77sunset
78107810
78297829
782ehuws
7834june
78357835
78427842
78451263
78451296
784512963
78455487
78457845
78477847
784951623
7852396541
78527852
78547854
78557855ur
78617861
78621323
78647864
78678678
786786786
78697869
786wap2c
78737873
78747874
78749143
78757875
7877378773
78777877
78787878
7878787878
78789898
787898mich
78797879
78807880
78837883
78844887
78870387
78877887
78900987
78907890
7890uiop
78911987
78912345
789123456
78912365
789123654
789123852
78917891
789321456
7894512365
78945612
789456123
7894561230
78945612300
7894561233
78945612344752
789456123a
789456123d
789456123k
789456123q
789456123v
789456123z
789456321
789456789
789456qweasd
78947894
78951230
78951233
78951235
789512357
78951236
7895123a
7895123q
7895123z
78951456
78955123
78957895
78963214
789632145
7896321456
789632147
78963214zu
78965412
789654123
7896541230
789654123a
789654321
78967896
78977897
78978978
789789789
789852123
78987898
789951123
789963123
789963123741
789963321
78997899
789987789
789qwe789
789qwerty
78bronco
78camaro
78n3s5af
79067906
791017941s
79137913
791384625
79229036
79247924
79267926
79314862
79317931
793186245
79435730
79447944
794613258
79461382
794613825
794613852
7946138520
79477947
795138462
7953285e
79557955
796796796
79787978
79797979
79807980
798513426
79887988
79897989
79917991
79927992
79977997
79camaro
79djoe97
7a4b1c8d
7b41a5943c
7b4k9znkew
7br7ffmc
7cafe666
7cantona
7dragon2
7dragons
7e9lnk3fc01
7ecffkx8
7eiiqmk2
7elephant
7elephants
7ertu3ds
7f4df451
7fq87nflgg
7ghdbwc3mk
7gorwell
7gr7grt3
7h7yvnhu9l
7hjksdjk
7houdini
7hrdnw23
7imjfstw
7inheels
7jk5q2sl1
7jokx7b9du
7letters
7nc4lqw7to
7of97of9
7ovtgimc
7qe5lgbn
7qwerty7
7sajzasj
7samurai
7seconds
7shadow7
7sombass
7t3cda3m
7thguest
7trzcpu8
7turkey7
7u8i9o0p
7ugd5hip2j
7uihashk
7ujm6yhn
7x9of5jgfc
7zwnc9mz
80018001
80058005
80070633pc
80078007
800800800
80088008
8008less
80098009
800meter
80118011
80128012
80173130022
80198019
80333121556a
80361665abc
80432433168
804452370
80445700965
80484971237
80488048
80502000
80502354942
80502542102
80502668313
80502824904
80502941045
80503722372
80505251243qwe
80505394865
80505932798
80506123717
80506203416w
80506220898
80506721889
80507001925
80507655765
80507735772
80508253032
80508554163
80509214154
80509779039
80541396
805417985
80558055
80567242566
80632781147
80633459472qw
80634329710
80635711526
80637029772
80637852730
80661052430
80662009954
80662456873
80663156459
80663635606
80665661869
80666504123
80666744364
80668066
80669451478
8066oleg
80671757011
80672091913
80672829473
80673908080
80673945177
80675276183
80675811225
80676123974
80679047880
80679456691
8067950x
80681044497
80684485642
806869333
80688800742ilona
80808080
80828082
80838083
80848084
80888088
808river
808state
80908090
80925819988
80937522496
80938381350
80951790253
80954058591
80954441460
80955328095
80956103165
80958286
80958753328
8095qq2255
80961386686
80961694860
8096468644q
80965939486
80966095182z
80966800675
80968379901
80969260620
80969686976
8097166080
80972434847
80972653671
80972694711
80973377131
80973427454
80973760864
80974400365
80975558735
80976915268
80977802970
80978097
80978288796
80978592102
80979057356
80979534611
80979685483
80982006802
80983298660
80983567889
80984146524
809858185
80986162323
80986677668k
80987630910
80988218126
80988621907
80989877991
80990606390
80camaro
80lt80lt
80sleep31
81088108
81148114
81178117
81188118
81238123
812812812
81298129
812fcp59
81368136
81478147
81506395
815162342
81726354
81758911
81788178
81818181
81838183
81848184
81878187
81888188
81898189
81996373
82006900
82033jun
8203562q
82088208
82118211
82147846
82178217
8218yxfz
82218221
8222c89j
82258225
82288228
823238312
82428242
824358553
82448244
8246582465
82465914
82466428
82467391
82467913
82468246
82469173
82528252
82558255
82578257
82584946
825forever
826420000
82658265
82678267
82718951
82736922
82828282
82838283
82airborne
83092666
83108310
831208005
83158315
83178317
83198319
83307741
83308330
83388338
83447891
8345886364
8345980a
83528352
8363434480sx
8363eddy
83719997
83828382
83838383
83858385
839788ss
83d34jd4
84038403
84118411
84128412
84198419
84238423
8423dnee
84258425
84268426
84268624
84278427
84322374
843349442
84338433
84380629
84488448
84518451
84519562
84637857
84638463
84648464
8465268a
84658465
84668466
84698469
84728472
84761162
848018270
84828482
84848484
84868486
84878487
84898489
84928492
84958495
84968496
84981095
84chessm
84lumber
84tigers
85008500
85128512
85138513
85158515
85198519
85200258
85202bcb
85207410
85208520
85218521
852258789
85228522
85234647
85245600
852456123
852456741
852456753951
8524567913
852456852456
85245693
852456963
852456qaz
85258525
852741963
852852852
852951753
85296356
85296374
852963741
8529674um
85318531
85338533
85418541
85468546
85478547
85480854
85568556
85586123
85588558
85648564
85778577
85852008
85858585
85898589
85918591
85928592
85990000
85994433
85fg754kl62br853lpq7
86041791
860903re
86118611
86158246
86248624
86323352
86338633
863abgsg
86422468
86428642
86435437
864441075
864662yp
86548654
86558655
86608660
86698669
86753090
86753091
86753094
86753099
8675309a
8675309j
8675309x
8677salt
8681450z
86828282
86828682
86868686
86878687
86888688
868drive
86918691
86chevyx
86nymets
87003346850
87022620668
87027273088
87062134
870621345
87128712
87158715
87238723
87288728
872rlcfo
87328732
87418741
87458745
87544578
87628762
87638763
87651234
87654321
876543210
876543212000
87654321a
87654321q
87654321vv
87654321z
87655678
87691box
87698769
87708770
8777a777
87878787
87898789
878kckxy
87918791
87948794
87e5nclizry
87rigger
87uyi6987
88002000600
88002600
880050600
88008800
88018801
88028802
88053023031
88108810
8811cole
88148814
88168816
8818fred
88228822
88238823
88258825
88295176
88317025885
88324277
88334521
88351132
88388838
88418841
88474785
88488848
88520000
88552200
88552211
88650000
88652942479
88664422
88668866
88698869
88778877
88818881
88835007
888555222
88880000
88881111
88885555
88887777
88888888
888888888
8888888888
888888889
88888888a
88888888d
88888888p
88888888q
88888888z
88888889
88889999
88908890
88978897
88998899
88bronco
88camaro
88mustan
88ouvyau
88scargo
88yaha10
88zompa00
89008900
890098890
89015173454
89021405325
89023346574
89028902
89032068253
89032073168
89032866338
89041520310
89042730408
89045758960
89047777
89048694167
89050890
89055254622
89055521933
89056288231w
89057003343
89061576631
89063032220m
89065147454
89066703835
89078907
89080431661
89081320048
89081858374
89085030336
890890890
89092816599
89096319050m
89098909
890iopjkl
890j34t2
89103832458
89105193203
89105249698
89108910
89116446869tema
89118637920
89121344466a
89128830153
89128912
89132664230
89137265644
89154116110
89158915
89161352202
89172735872
89176814404
89178666327
89181502334
89183891205
89185354047
89188918
89191987624
89193253000
89208012008
892084789
89208900609
89211375759
89213324965
89218133426
89218921
89223105865
89223414885
89224072769
89224371020
89231243658s
89242468508
89262572372
892689262
89270869449q
89277216066n
89278246747a
89279797011
89279881081af
89279981879z
89281309522
8928190a
89286002521
89408940
8943an67
89501665126
89502090940
89503102616nss
89505701297
89508074830ice
89514845466a
89515145435
89518474487
89518951
89519406225
89520727541
8952459z
89524859637
89568956
89598959
89600506779
89605348757
89606469196
89610016824
89611086252
89614774181
8962170q
89628962
89636014320
89636225581
89636511322
89641891702
89658965
89668966
8970havn
89768976
8977qttt
89790089
89818981
89876065093rax
89898989
8989898989
89906724
89918991
899445527
89988998
89998999
89butter
89e91024
89je4q8j92r0y
89mustang
89ranger
89semtsriuty
8aquinas
8b85d07f
8ba9klw1ce
8dagycf9ldtf
8ejo6xdi
8hgy16vqvq
8ikjhy7u
8j4ye3uz
8kcajreb
8letters
8metall8
8mlzimzslmjf
8phrowz622
8phrowz624
8r1an5la
8s7t6l5b
8schmogg
8seconds
8tckhjbi
8thstreet
8tzrzima
8u64e181
8uhb7ygv
8winter8
8xuuobe4
8yssrcxt
8yuy48k3
90009000
90050060
9008188523
90091001
90099009
900turbo
90119011
90125yes
90210000
9021090210
90210semka
90219021
90299029
9043402372
90452424
90469046
9049907898
90609060
90619061
9063537462
9066145666
9067755344a
9069962469
90789078
90800079
90807060
90807060s
90809080
9081518431
9085084232
9085603566
90879087
90909090
9090909090
90911847e
90958416
9096522353
909e15x6a
90e5f334
9101478595
91019101
91037155
9105425888
9108920757
91109110
91111111
91119111
91129112
91139113
91159115
91167921
911911911
9119320448
91199119
911turbo
91219121
91269126
91289128
91328378
91359135
91379137
913a068t34
91612345
91649164
917190qq
91719171
91738246
91827364
918273645
91829182
91859185
91919191
91929192
91929394
9195002478
91blazer
91d428aa
9200420135
92019201
9202506371
92039203
9204545204
9208702428
92119211
92129212
92189218
92210485
92264778
9226maxi
922814514
92299229
923129512
9232483824
92329232
923650asdfghjkl
92379237
92416355
92459245
92539253
92625926
92631043
9264532213
92647425
92659265
92683028
92699269
92702689
92719271
9279807412ddss
9279807412ss
92799279
92886356
92929292
929370913
9293709b1
9293709b13
92accord
92camaro
92eclips
92k2cizcdp
930002975
93089308
930turbo
93119311
93151219d
93223639
93280082
93339333
93399339
93399881
93489348
93499349
93639363
93664546
93799920
93799921
93799922
9379992929
9379992a
9379992d
9379992g
9379992i
9379992m
9379992q
9379992s
9379992sl
9379992z
93869386qq
93919391
93929392
93939393
93949394
93cbr9rr
93n2p9zz
93nissan
93qn3rbm
940091192300
9401212650
94038057
94099409
9418mjones
94269426
94369436
944turbo
94548749
94589458
94622499
94639463
9476bull
94879807
94949494
94959495
9496756436
94camaro
94ranger
94toyota
95019501
9508550818
95109510
95123578
951236874
951753123
951753456
95175355
9517536482
95175382
951753852
951753852456
951951951
95241243
95253580
9527473q
95369536
95418102
95589558
9558nilu
95959595
95altima
95camaro
95mustan
95nissan
95region
95tacoma
960134416
96044533
96129612
96266580
96309630
9632142530
96321478
963214785
963214789
963258741
9632587410
96329632
96336900
96339633
963741852
96385274
963852741
9638527410
963852741a
963852ss
96396396
963963963
96419641
9643sent
96519651
96539653
96549654
96579657
96639663
96685471q
96699669
9683juwr
96873363
96919691
96969696
96979899
96989698
96camaro
96gators
96impala
96prizim
96randall
96ranger
96realit
97019701
97229722
972tuggie
9731553197
97319731
9733240748
974856032
975230699
975312468
975318642
97539753
97559755
97579757
976431852
97654321
97799779
978645312
97889788
978978978
97932032
97959795
9796wave
97979797
97accord
97blazer
97d59500
97dakota
97e39d47
97jeeptj
97maxima
97ranger
97tjjeep
98016321
98031248
98119811
98210563
98219821
98223163
982345jjh
98256518
98439843
9848022338
98541313
98559855
98629862
986357357
986532147
986532741
98654321
987123654
98719871
987321654
98741236
987412365
98745612
987456123
98745632
987456321
9874563210
98749874
98761111
98761234
987651234
98765321
98765412
987654123
98765431
987654312
98765432
987654321
9876543210
9876543210q
9876543211
987654321123
987654321123456789
9876543212
9876543219
987654321987654321
987654321a
987654321c
987654321d
987654321g
987654321k
987654321l
987654321m
987654321n
987654321o
987654321p
987654321q
987654321qaz
987654321qw
987654321s
987654321v
987654321w
987654321x
987654321z
9876556789
987656789
98766789
98769876
98789878
98798798
987987987
98849884
98879887
98899889
98911989
98919891
989244342a
98929892
98959636987
98979695
989858682
98989898
98accord
98blazer
98camaro
98degree
98h984gh
98harley
98iujhnb
98kona99
98mustang
98ranger
98root987
98toyota
98y96u5i6u
98yoda98
99009900
99119911
99199919
99229922
9932525011995
993turbo
99419941
99509960
99551100
99559955
99594296
99661215
99669966
99699969
99749974
99755238
99762000
99775533
99887766
9988776655
9988778899
99889988
99899989
999000999
99909990
999111999q
999666333
999666999
99988877
999888777
99990000
99991111
99992000
9999346936
99996666
99998888
99999999
999999999
9999999990
9999999999
99999999999
999999999999
999999999a
999999999q
999wdfdl
99buddha
99camaro
99champs
99cowboy
99dakota
99harley
99hurens
99maxima
99neill1
99problems
99ranger
99sara99
99strenght
99tacoma
99xrtb96
9aragorn
9bm555p111
9czw8bn1wf
9diablo8
9dragons
9eiromvp
9elliott
9ewblood
9fczhr6159
9fingers
9fkpuzej
9h98g8hh
9hmlpyjd
9hotpoin
9hundred
9i8u7y6t
9i9i9i9i
9ijn8uhb
9ijnbhu8
9ijnmko0
9inchnai
9inchnails
9island8
9j6w4tug
9katkel8
9kok3a95
9kyq6fge
9m7acbsu
9n1vac6wgw
9otr4pvs
9pegasus
9pointer
9r919142
9rmxxxtk
9rommel9
9thgreen
9ujhashj
9vfz1945
9w9u5ziz
9x3aggsz
9z5ve9rrcz
9zazers9
a0000000
a0000000000a
a00275222
a022872z
a0752565
a0987654321
a0c9081ff6
a0c90f57da
a0c9697d07
a0eliese1
a10warth
a1111111
a11111111
a111111a
a112233445566
a11b22c33
a123123123
a123123a
a123321a
a1234123
a1234321
a123454321
a1234554321
a1234567
a12345678
a123456789
a1234567890
a1234567890a
a123456789a
a123456789z
a1234567a
a123456a
a123456b
a123456z
a123a123
a123a456
a123b456
a128maxa
a12s12d123
a13111984
a15050793
a152ep152
a1867297
a192837465
a1996251125
a19l1980
a1a1a1a1
a1a1a1a1a1
a1a2a3a4
a1a2a3a4a5
a1a2a3a4a5a6
a1aaaaaa
a1b1c1d1
a1b2c3d4
a1b2c3d4e
a1b2c3d4e5
a1b2c3d4e5f6
a1b2c3d4f5
a1l1e1x1
a1l2e3n4a5
a1l2e3x4
a1l2i3n4a5
a1n2n3a4
a1n2t3o4n5
a1patton
a1qwerty
a1r2t3e4m5
a1s1d1f1g1
a1s2d3f4
a1s2d3f4g
a1s2d3f4g5
a1s2d3f4g5h6
a1s2d3f4g5h6j7k8
a1s2d3f4g5h6j7k8l9
a1z2e3r4
a2294001a
a2345678
a23456789
a25802580a
a270ye13rus
a2a2a2a2
a2d3nekr
a2vf2v5q
a30010600
a303a303
a321654987
a324556d
a32tv8ls
a3333333
a3531534b413
a3531534b415
a37289010a
a3930571
a3b2c1d8
a3eilm2s2y
a3n4m4w3
a3n7yfx519
a3s4d5f6
a4718396
a4815162342
a514527514
a550777954
a55555555a
a58wtjuz4u
a5963259632a
a6092bfa7
a633d866
a6543210
a726eyq7
a7575999975a
a758bndnwo
a75h215w
a7654321
a7777777
a789456123
a7bsq700
a7nz8546
a8251432
a85208520a
a85611322
a8675309
a87654321
a8888888
a88888888
a8axwypi
a8kd47v5
a8vghwgk
a9379992
a9387670a
a9418010a
a9609061214
a96524lol
a96mustang
a987654321
a98llegr
a999313a
a99anehu12
a9h3gvy9lf
a9n87u2jved9y
a;sldkfj
aa00b7b32a
aa019919
aa069682638
aa111111
aa1111aa
aa11223344
aa11bb22
aa123123
aa123321
aa123456
aa1234567
aa12345678
aa123456789
aa123456s
aa148107
aa159753
aa456456
aa569813
aa6543210
aa666666
aa6699316
aa7532985
aa8458832
aaa111aaa
aaa123123
aaa12345
aaa123456
aaa123aaa
aaaa1111
aaaa1122
aaaa1234
aaaa2000
aaaa2222
aaaa4444
aaaa7777
aaaaa111
aaaaa11111
aaaaa12345
aaaaa2000
aaaaa55555
aaaaaa11
aaaaaa111
aaaaaa12
aaaaaaa1
aaaaaaa7
aaaaaaaa
aaaaaaaaa
aaaaaaaaaa
aaaaaaaaaaa
aaaaaaaaaaaa
aaaaaaaaaaaaaa
aaaaaaaaaaaaaaaa
aaaaaaaaaaaaaaaaaaaa
aaaaarfy
aaaaavladaaaaa
aaaabbbb
aaaassss
aaaazzzz
aaabbbccc
aaagghhh
aaasssddd
aaazzz09
aabb1122
aabbccdd
aabbccddee
aadriana
aahil1003
aalicaaa
aaliyah1
aap12345
aapje007
aardv4rk
aardvark
aardvark1
aardwolf
aaron111
aaron123
aaron2000
aaron347
aaronfg1987
aassaass
aassddff
aassharr
aaurafmf
aavenger
aawildwoolf1
aazharali
ab.1234567
ab101972
ab103682
ab123456
ab12345678
ab12cd34
ab63tu69
aba7e2415
abababab
ababagalamaga
abacadab
abadonna
abasovih
abatolib
abba1234
abba1993
abba2000
abbaabba
abbadabba
abbeycat
abbeydog
abbeyroa
abbeyroad
abbiabbi
abbigail
abby1234
abbyabby
abbydog1
abbygail
abbygirl
abbyroad
abbyrose
abc123123
abc1232000
abc12345
abc123456
abc1234567
abc12345678
abc123456789
abc123ab
abc123abc
abc123abc123
abc123de
abc123xyz
abc191980bb
abc603332
abcabc123
abcabc55
abcd!efg!123
abcd1234
abcd12345
abcd123456
abcd2000
abcd5678
abcdabcd
abcddcba
abcde123
abcde1234
abcde12345
abcdeabcde
abcdeedcba
abcdef12
abcdef123
abcdef1234
abcdef99
abcdefg1
abcdefg12
abcdefg123
abcdefg1234
abcdefg12345
abcdefggfedcba
abcdefgh
abcdefgh1
abcdefgh2000
abcdefgh99
abcdefghi
abcdefghij
abcdefghijk
abcdefghijkl
abcelmo123
abcnfirf
abcxyz1234
abdalian
abdallah
abdulaziz
abdulkadir
abdulkaf
abdullaev
abdullaeva
abdullah
abdullah0
abdullayev
abdullin
abdulloh
abdurahman
abeerman
abelabel
abelardo
abercrom
abercrombi
abercrombie
aberdeen
aberfoyl
aberfoyle
aberhallo
aberlour
aberrant
abersoch
abertawe
abhijeet
abhishek
abigail0
abigail1
abigail2
abigail3
abingdon
abington
abiraunk
abkbggjdf
abkbvjyjdf
abkfnjdf
abkjcjabz
ableable
abnormal
abolie13
abprekmnehf
abracada
abracadabr
abracadabra
abraham1
abrakada
abrakadabr
abrakadabra
abrakadabra1
abramenko
abramova
abramovich
abramovich1
abrasive
abraxas2
abretesesamo
abroabro
absentee
absenter
absinthe
absocold
absolut1
absolute
absolutely
absoluti
absolution
abstract
abubakar
abudhabi
abuelita
abuelito
abujdbyf
abuladze
abulafia
abundanc
abundance
abuntain
abyfycbcn
abyrvalg
abyssman
ac2zxdty
aca301cpas
acab1488
academia
academic
academy1
acaghon4
acapulco
acarrids
acartist
acbghbu8
acca3344
accaacca
accepted
access00
access01
access10
access11
access12
access123
access14
access141
access16
access20
access21
access22
access242
access31
access32
access42
access44
access45
access49
access495
access4n
access52
access55
access69
access77
access78
access88
access97
access98
access99
accessed
accessibilit
accessit
accessme
accessno
accessnow
accessor
accezz99
accident
accipite
acckeyboard
accomplish
accord05
accord22
accord94
accord98
accord99
accordex
accordio
accordion
accordv6
account1
account2
accounta
accountant
accountbloc
accountblock
accounti
accounting
accounts
accreader
accurate
accurist
accusync
acdcacdc
acdeehan
acebunny
aceeca67
acegikmo
acehole1
acemoney
aceofspades
acepilot
acer01lt
acer1234
acer12345
aceracer
aceraspire
aceroacero
acerview
acesaces
acesand8
acesfull
aceshigh
acespade
aceswild
aceventura
achievement
achiever
achilles
achilles1
achilleus
achttien
achtung1
acicoacico
acidacid
acidbath
acidburn
acidjazz
acidrain
acidtrip
acillate
acityboy
ackerman
ackhole1
aclu1234
acmeacme
acmilan1
aconcagua
acousmie
acoustic
acpiapic
acquario
acr59mos
acraven03
acropoli
acrowley
acroyear
action01
action12
actionja
actionlog
activate
activation
activationre
active71
active85
activerr
activision
activities
activity
activsvc
actsetup
actshell
actually
actuator
actxprxy
acun3t1x
acunetix
acuransx
acurarsx
ad12345678
ad211253am
ad830177
ada6ada6
adadadad
adalbert
adalgisa
adam1200
adam1234
adam1996
adam1997
adam2000
adam2326
adam4lib
adamadam
adamant1
adamantium
adamjone
adamlambert
adamovich
adampass
adaptation
adapters
adapting
adbt14226
adcjavas
add2come
add75son
adderall
addicted
addictio
addiction
addison1
addition
addybaby
adegan77
adekunle
adeladel131
adelaida
adelaide
adelante
adelbert
adelheid
adelina1
adelphia
adena2012
adenauer
adeniran
adeoluwa
adeshina
adgjadgj
adgjmptw
adgjmptw0
adgjmptw1
adhesion
adhesive
adidas00
adidas01
adidas10
adidas11
adidas12
adidas1221
adidas123
adidas12345
adidas13
adidas16
adidas17
adidas1994
adidas1996
adidas2010
adidas21
adidas22
adidas228
adidas23
adidas31
adidas43
adidas69
adidas81
adidas88
adidas96
adidas99
adidasandnike
adidasf50
adidasik
adidasis
adidasonparas123
adiianni
adiladil
adironda
adivinalo
adjkadjk
adjusted
adjuster
adjutant
adm15575
admin123
admin1234
admin12345
admin18533362
admin2000
admin2012
admin777
adminadm
adminadmin
adminconfig
administ
administrati
administration
administrato
administrator
adminlol1982
adminneon
adminpass
adminscripts
adminweb
admiral1
admiral5
admiral7
admirals
admission
adojavas
adolfhitler
adolphus
adomdreadme
adoption
adorable
adoreadme
adouglas
adoxreadme
adposting
adr9abcd
adrenali
adrenalin
adrenalin1
adrenalin2
adrenalina
adrenaline
adrenolin
adriaens
adrian03
adrian12
adrian123
adrian138
adrian16
adrian23
adrian24
adriana1
adriana2
adriancit
adrianek
adrianit
adrianna
adrianna1
adrianne
adriano1
adriano23
adriatic
adrienne
adrinalin
adroit77
adselthe
adsfadsf
adshnd11
adsiisex
adsladsl
adstatus
adult123
adultbou
adultery
adultfun
adultxxx
adv12775
adv25845
adv37445
advance1
advanced
advantag
advantage
adventur
adventure
adventures
adversit
adversus
advertis
advertise
advertisin
advertising
advies9j
adviseur
advisors
advisory
advocate
adxel187
ae57385738
aegir777
aeiou123
aekara21
aekdb448
aemcaemc
aempower
aenehfvf
aeolus69
aeonflux
aep042bru
aequitas
aerielle
aerobics
aerobika
aerodeck
aeroflot
aerohead
aeroplan
aeroplane
aeroport
aerosmit
aerosmith
aerosmith1
aerospac
aerospace
aerostar
aerynsun
aessedai
aeternus
aezakmi007
aezakmi1
aezakmi12
aezakmi123
aezakmi99
aezakmiwanrltw
af123456
af86c15a
afanasiy
afanasov
afcajax1
afcjkmrf
affection
affiliat
affiliate
affinity
affirmed
affordable
afganistan
afghanis
afghanistan
afhnjdsq
afhvfwtdn
afinogen
afireins
afireinside
afkmmwsbz
afqhhekbn121
afrekmntn
africa12
africa99
african1
africola
afrika123
afrika2002
afrikaan
afrodita
afrodite
afterburn
afterdar
afterforever
afterglo
afterglow
afterlife
aftermat
aftermath
afternoo
afternoon
afterrho
aftersho
aftershock
afyljhby
afynfcnbrf
afynfpbz
afynjvfc
agafonov
agafonova
againagain
agamemno
agamemnon
agapagap
agapov58
agaragar
agata2008
agatakristi
agateman
agatocle
agbdlcid
agecheck
agenda21
agent001
agent007
agent008
agent009
agent123
agentctl
agentdp2
agente00
agentmpx
agentxxx
ageofempires
agewabi3
aggarwal
aggieman
aggiepride
aggies00
aggies93
aggies97
aggies99
aggregami
aggression
aggressive
agidien5
agiljuliandra
aglatino
agnes123
agnetha1
agnieszk
agnieszka
agnieszka1
agnipath
agnostic
agnusdei
agostino
agresor201124
agressor
agricola
agt73685
agtscrpt
aguacate
aguadill
aguilera
aguiluch
aguirre1
agustina
ah85k5cc
ahabahab
ahernjdsqcfl
ahfyrbyintqy
ahmad99211
ahmed123
ahmedabad
ahmedali
ahmetova
aho9psw2
ahtnamas
ahvhdfm3
aicirtap
aiculeds
aiculedssul
aiden123
aidstest
aikidoes
aikidoka
aikman08
aikman88
aiko1234
aikoaiko
aimee123
ainswort
ainteasy
aionrusian
air23cal
airborn1
airborne
airborne1
airbrush
airbus320
airbus380
airbusa3
aircanad
aircraft
airedale
airforce
airforce1
airframe
airguard
airindia
airjorda
airjordan
airliner
airlines
airmail1
airman14
airmaxin
airotciv
airplane
airplane1
airplanes
airport1
airports
airpower
airspeed
airtight
airtouch
airtours
airtraff
airtraffic
airwaves
airwolf1
airwolf2
aishaish
aishiteru
aishwary
aishwarya
aitchb54
aitchiso
aiteaqui
aiverson
aiypwzqp
ajackson
ajax1234
ajaxajax
ajaykumar
ajcuivd289
ajethot1
ajfoyt14
ajhnjxrf
ajhntgbfyj
ajhvekf1
ajnjfggfhfn
ajnjuhfa
ajnjuhfabz
ajohnson
ajthe2222
ajw4za9teycv
ak470000
ak471996
ak939304
akademia
akademik
akademiya
akanksha
akarkoba
akatsuke
akatsuki
akeashar
akfvbyuj
akikazoo
akinfeev
akira007
akira123
akira666
akira789
akitainu
akitapup
akjjyglc
akjvfcnth
akkerman
akkordeon
akomismo
akopa123
akramnader
aksarben
aksjdlasdakj89879
akuankka
akucinta
akunamatata
akvalang
akvamarin
akvarium
al#ks3!ksj0xx
al123456
al160280
alaagadban
alaattin
alabalab
alabama0
alabama1
alabama123
alabama13
alabama2
alabama3
alabama7
alabama9
alabanza
alabaste
alabaster
alacazam
alacrity
aladdin1
alaeddin
alainsch
alakazam
alamakota
alamierd
alamierda
alamoana
alan1234
alan2000
alan8918
alanalan
alanfahy
alanis12
alanna12
alanwake
alarmclock
alarming
alas0447
alasdair
alaska00
alaska11
alaska12
alaska123
alaska21
alaska49
alaska99
alaskaml
alaskan1
alastair
albaalba
albacete
albacore
albaknee
albania1
albanian
albanycolonie
albarran
albatros
albatross
alberich
albert00
albert02
albert11
albert12
albert123
albert19
albert22
albert30
albert42
albert65
albert78
albert99
alberta1
alberte1
albertha
alberti1
albertin
albertina
albertjr
alberto0
alberto1
alberto2
alberto8
alberton
albertos
albertus
albina123
albina1995
albinali
albion82
albrecht
albright
albrtspr
albuquerq
alcameth
alcantar
alcantara
alcapone
alcatraz
alcester
alchemis
alchemist
alchemy1
alcholic
alcoholi
alcoholic
aldamov19
aldebara
aldebaran
alderaan
alderman
aldersho
aldershot
aldoaldo
aldonova
aldridge
aldw3675
ale123456
aleaiact
alecia11
alecsandr
aleftina
alehandro
alehouse
aleister
alejandr
alejandra
alejandrin
alejandrit
alejandro
alejandro1
alejandro123
alejoyvale
alekhine
aleks007
aleks123
aleks1236556321
aleks2000
aleksaleks
aleksand
aleksandar
aleksander
aleksandr
aleksandr1
aleksandra
aleksandrov
aleksandrova
aleksandrovich
aleksandrovna
aleksashka
alekseev
alekseeva
aleksei123
alekseka
aleksey1
aleksey1986
alelazio
alemania
alena123
alena1984
alena1987
alena1989
alena1990
alena1991
alena1992
alena1994
alena1996
alena1998
alena2000
alena2010
alenaalena
alenadast
alenchik
alenenok
aleno4ka
alenochka
alenushka
alenyshka
alertemail
alertemailms
alertpaydoubl
alessand
alessandr
alessandra
alessandro
alessia1
alessio1
aletheia
alevtina
alex0110
alex1111
alex1212
alex1234
alex12345
alex123456
alex123456789
alex1812
alex1959
alex1961
alex1963
alex1964
alex1965
alex1966
alex1967
alex1968
alex1969
alex1971
alex1972
alex1973
alex1974
alex1975
alex1976
alex1977
alex1978
alex1979
alex1980
alex1981
alex1982
alex1983
alex1984
alex1985
alex1986
alex1987
alex1988
alex1989
alex1990
alex1991
alex1992
alex1993
alex1994
alex1995
alex1996
alex1997
alex1998
alex1999
alex2000
alex2001
alex2002
alex2003
alex2004
alex2005
alex2006
alex20071995
alex2008
alex2009
alex2010
alex2011
alex2112
alex2121
alex2232
alex2304
alex2539
alex2626
alex6666
alex6969
alex8899
alex8ted
alexa123
alexadam
alexalee
alexalex
alexalex1
alexalexalex
alexand1
alexande
alexander
alexander01
alexander1
alexander12
alexander2
alexander23
alexander7
alexander8
alexandr
alexandr1
alexandra
alexandra1
alexandra12
alexandre
alexandre199
alexandri
alexandria
alexandrina
alexandrion
alexandro
alexandros
alexandrov
alexandrovna
alexandru
alexandru1
alexandy
alexendr
alexey123
alexflip28
alexis00
alexis01
alexis02
alexis08
alexis09
alexis11
alexis12
alexis14
alexis15
alexis20
alexis21
alexis22
alexis69
alexis99
alexkevi
alexkidd
alexluke
alexmack
alexmike
alexopsu
alexpass
alexsand
alexsander
alexsandr
alexsandra
alexsoft
alexwhite
alexxela
alexxxxx
alfa123123
alfa1234
alfaalfa
alfabeta
alfalfa1
alfaomega
alfarome
alfaromeo
alfaromoe
alfie123
alfonso1
alfonso13
alfonsos
alfred12
alfredo1
alfresco
algebra1
algernon
algo3ritm
algodon3
algonqui
alhambra
alhamdulillah
ali.aliev.
ali12345
ali123456
alialiali
alianzalim
alibaba1
alibaba9
alicalia
alicante
alice123
aliceadsl
alicia01
alicia06
alicia12
alicia69
alicia99
alien123
alien666
alien8ed
aliens69
aliensex
alienwar
alienware
alifia96
aligator
alighier
alikalik
alina123
alina1234
alina12345
alina1988
alina1989
alina1991
alina1992
alina1993
alina1994
alina1995
alina1996
alina1997
alina1998
alina1999
alina200
alina2000
alina2001
alina2002
alina2003
alina2005
alina2006
alina2007
alina2008
alina2009
alina2010
alina2011
alina2012
alina777
alinaalina
alinalove
alinamalina
alincoln
aline123
alinkamalinka
alino4ka
alinochka
aliquippa
alisa123
alisa2010
alisa280492
alisa333
alisaalisa
alisokskok
alison01
alison69
alison88
alistair
alitalia
alive13167
alkaline
alkaline3
alkaloid
alkanaft123
alkapone
alkatras
alkatraz
alkatrazz
alkogolik
alkohol6
all4free
all4love
alla1989
allaalla
allabout
allacces
allah123
allah786
allahabad
allahakbar
allahallah
allahgod
allahhoo
allahisgreat
allahoakbar
allahuakba
allahuakbar
allalone
allan123
allanon1
allblack
allblacks
alldaylong
alleenik
allegro1
allegro2
alleluia
allemaal
allen123
allen469
allenive
allentow
alleroid
alleskla
alleycat
alleykat
alleyoop
allforme
allforone
allgirls
allgood1
allheart
alliance
alliance1
alliecat
alliedog
alligato
alligator
allinone
allison0
allison1
allison2
allison3
allison5
allison6
allison7
allison8
allison9
allisonm
allister
alliswell
allizdog
allmighty
allmine1
allnight
allo1234
alloallo
allocate
allochka
allready
allright
allroad2
allsaint
allsaints
allseven
allsites
allsop12
allsorts
allsport
allstar1
allstar2
allstars
allstate
allsteel
allston1
allteens
allthat1
allthatass
alltheti
allthetime
allthewa
alltheway
alltimelow
alltosee
allwomen
allworld
allyally
allybong
allygirl
allyouneedislove
allyours
allyson1
almadena
almamater
almaz666
almazova
almendra
almighty
alocacoc
aloevera
aloha123
aloha808
alohamora
alohomora
alomar12
alone123
alonso14
alouette
aloysius
alpacino
alpamayo
alpeggio
alpengold
alpha001
alpha100
alpha101
alpha111
alpha123
alpha135
alpha135792468
alpha190
alpha1906
alpha200
alpha321
alpha666
alpha999
alphaalp
alphaalpha
alphabet
alphabet1
alphabeta
alphaboy
alphabra
alphabravo
alphadog
alphamal
alphamale
alphaman
alphaome
alphaomega
alphaone
alphaphi
alphasig
alphatan
alphaz15
alphonse
alphonso
alpine11
alpine12
alpinestars
alpinist
alptraum
alptraum49
alpujols
alquimista
alrighty
alsa4you
alsatian
alsk1029
alskdjfh
alskdjfhg
alt73alt
altagracia
altair04
altair12
altaloma
altamira
altamirano
altamont
altavist
altavista
alteclan
alteclansing
alterego
altermin
alternat
alternativ
alternativa
alternative
although
altima03
altimete
altitude
altoids1
altomare
altosax1
alucard1
alucard2
aluminiu
aluminium
aluminum
alupigus
alvarado
alvarez1
alvarito
alvin123
always69
alyasmina
alysheba
alyssa01
alyssa10
alyssa11
alyssa12
alyssa14
alyssa69
alzado77
alzheime
am005781
am1scott
am4h39d8nh
amabelle
amadabla
amadeus1
amadeus3
amadeus7
amadeusptfcor
amaizrul
amalgama
amanaman
amanda00
amanda01
amanda10
amanda11
amanda12
amanda123
amanda13
amanda14
amanda16
amanda17
amanda18
amanda19
amanda20
amanda21
amanda22
amanda23
amanda27
amanda36
amanda69
amanda77
amanda81
amanda96
amanda98
amanda99
amandasu
amandine
amanecer
amangret
amanhecer
amar1111
amarachi
amaranta
amarante
amaranth
amaretto
amarillo
amateras
amaterasu
amaterasy
amateur1
amateur2
amateurs
amatory667
amatuers
amazing1
amazing20
amazing8
amazonas
amazones
amazonia
amazonka
ambareen
ambasador
ambassad
ambassador
amber001
amber101
amber111
amber121
amber123
amber321
amber420
ambercat
ambercone
amberdog
amberite
amberjac
amberlee
amberlou
amberlyn
ambermew
amberrose
ambertje
ambiance
ambience
ambiente
ambiguit
ambition
ambitious
ambrella
ambrose1
ambrosia
ambrosio
ambulanc
ambulance
amc20277
amccj789
amd642800
amdathlo
amdduron
amdk6233
amdkgb1889
amdsempron
ameedlove123
amekpass
amenamen
amer1530
amercada
america0
america1
america10
america12
america123
america2
america3
america4
america5
america6
america7
america9
american
american1
americana
americanidol
americano
americans
americas
amerika6
amerique
ameritec
amersham
amethyst
ametista
amfetamin
amfitamin
amfooter
amicable
amidamaru
amieamie
amiga123
amiga500
amigados
amigo123
amilcare
amillion
amine123
amir1234
amir2009
amiramir
amirkhan
amitabha
amity123
amlink21
ammanfor
amnesia1
amnesiac
amomhrer
amon2001
amonamarth
amoramor
amorcito
amoremio
amoretern
amoreterno
amorphis
amorreal
amorteam
amorzinho
amosamos
amoureux
ampegsvt
ampersan
amphetamine
amphibia
amphores
amplifie
amr12ias
amritsar
amstel12
amsterda
amsterdam
amsterdam1
amstream
amundsen
amusemen
amway123
amwayone
amydumas
amygdala
amyglori
amygrant
amyishot
amysuxcox
amzscott
an1204an
an123456
an1234dy
an300484
an83546921an13
anaanaan
anabasis
anabella
anabelle
anabiose2
anabolic
anacarolina
anacleto
anaconda
anacristina
anahs2468
anaisnin
anakin01
anakin12
anakin99
anakonda
analanal
analaura
analcunt
analfuck
analiese
analii70
analintruder
anallick
anallove
analogue
analprob
analsex1
analslut
analysis
anamaria
anamaria1
anamaria143
ananasik
anand123
anapaula
anarchia
anarchie
anarchist
anarchy0
anarchy1
anarchy7
anarchy99
anarh666
anarhist
anastaci
anastacia
anastasi
anastasia
anastasia1
anastasija
anastasiy
anastasiya
anastasy
anastasya
anathema
anatolie
anatolievna
anatolii
anatolij
anatolivna
anatoliy
anatomia
anatomic
ancaster
ancella2
ancestor
anchorag
anchorage
anchorat
anchovie
and12345
andalucia
andantes
anderlec
anderlecht
anderley2011
anderman
anders01
anders0n
anders123
andersen
andersen1
anderso1
anderson
anderson1
anderson123
anderson2
andersso
andersson
anderton
andgayto
andgaytoo
andiandi
andmoons
andolini
andrade123
andranik
andre100
andre123
andre1991
andre300
andre3000
andrea00
andrea01
andrea03
andrea05
andrea10
andrea11
andrea12
andrea17
andrea19
andrea2002
andrea21
andrea22
andrea23
andrea33
andrea34
andrea55
andrea66
andrea69
andrea73
andrea78
andrea99
andreaco
andreana
andreand
andreas1
andreas123
andreas2
andreas7
andreas8
andreasa
andreash
andreass
andree04
andreeva
andreevna
andrei123
andrei1234
andrei12345
andrei1969
andrei1989
andrei1990
andrei1992
andrei1998
andrei2000
andrei2010
andrei2011
andrei23
andreiandrei
andreika
andreina
andreita
andrejka
andremarcos
andreone
andres11
andres12
andresen
andresit
andresito
andressa
andretti
andrew00
andrew01
andrew02
andrew03
andrew05
andrew08
andrew10
andrew11
andrew12
andrew123
andrew13
andrew14
andrew15
andrew17
andrew18
andrew19
andrew1988
andrew1994
andrew1o2p3e4n
andrew20
andrew21
andrew22
andrew23
andrew24
andrew26
andrew27
andrew28
andrew33
andrew34
andrew55
andrew67
andrew69
andrew77
andrew85
andrew87
andrew88
andrew89
andrew92
andrew93
andrew95
andrew96
andrew97
andrew99
andrewjackie
andrews1
andrewwo
andrey007
andrey12
andrey123
andrey1234
andrey12345
andrey13
andrey19
andrey1975
andrey1976
andrey1980
andrey1986
andrey1989
andrey1990
andrey1992
andrey1993
andrey1994
andrey1995
andrey1996
andrey1997
andrey1998
andrey2010
andrey22
andrey24
andrey26
andrey44714
andrey77
andrey777
andrey86
andrey87
andrey90
andrey92
andreyka
andreyko
andriana
andrienko
andriy113
andriy123
andriy1996
android1
android1102
android2
androide
andromed
andromeda
andron12
andrusha
andrushka
andrzej1
andy1234
andy2000
andy73taylor
andy9622
andyandy
andycole
andynato
andyod22
andypand
andypaul
aneczka1
aneliese
anella123
anenerbe
anesthes
anetov_32541
aneurysm
anewhope
anewlife
anfernee
anfetamin
anfield1
anfield6
anfisa1989
angel000
angel001
angel007
angel100
angel101
angel1010
angel111
angel123
angel1234
angel12345
angel143
angel1979
angel198
angel1985
angel1986
angel1987
angel1988
angel199
angel1990
angel1991
angel1993
angel1996
angel1998
angel200
angel2000
angel2007
angel2008
angel201
angel2010
angel2011
angel222
angel2726722
angel320
angel555
angel666
angel777
angel999
angela01
angela10
angela12
angela21
angela22
angela42
angela69
angela99
angelalways
angelang
angelangel
angelass
angelbab
angelbaby
angelboy
angelcaid
angelcat
angeldevil
angeldog
angeldus
angeldust
angeles1
angeleye
angeleyes
angelfac
angelface
angelfir
angelfire
angelfis
angelfish
angelgir
angelgirl
angelhea
angelic1
angelica
angelica1
angelico
angelidis
angelik3
angelika
angeliluv
angelina
angelina1
angelina2
angeline
angeliqu
angelique
angelita
angelito
angelitos
angelkiss
angellcd
angellov
angellove
angellover
angelmor
angelo001
angelo01
angelo4ek
angelo62
angelo69
angeloche
angelochek
angelofdeath
angelofwar
angelone
angeloni
angelous
angelove
angelozi
angels01
angels02
angels11
angels12
angels20
angels22
angels69
angels77
angelsex
angelus1
angelus15
angelwin
angerfist
angerine
angharad
angie123
angilina
angryb1u
angryman
angstrom
anguilla
angus123
angusang
angyalka
anhchiyeuminhem
anhcuong
anhnhoem
anhyeuem
anhyeuem1
anhyeuem123
anhyeuemnhieulam
anilorac
animal01
animal11
animal12
animal2000
animal99
animales
animalis
animals1
animals2
animalse
animalsex
animania
animated
animatio
animation
animator
anime123
animeanime
animefan
animelove
animesex
animorphs
anisimov
anisimova
anisoara
anisteve
anistonx
anjaanja
anjelica
anjelika
anjelina
anjingsemua1
anjinsan
ankhankh
ann0unce
anna1234
anna12345
anna123456
anna1975
anna1976
anna1977
anna1978
anna1979
anna1980
anna1981
anna1982
anna1983
anna1984
anna1985
anna1986
anna1987
anna1988
anna1989
anna1990
anna1991
anna1992
anna1993
anna1994
anna1995
anna1996
anna1997
anna1998
anna1999
anna2000
anna2001
anna2002
anna2003
anna2004
anna2005
anna2006
anna2007
anna2008
anna2009
anna2010
anna2011
anna2614
annaanna
annabel1
annabell
annabella
annabelle
annabeth
annalena
annalisa
annalise
annaliza
annalove
annamari
annamaria
annamarie
annangel
annapoli
annapolis
annapurn
annarbor
annarose
anneanne
annehowe
anneiday
annelies
anneliese
annelise
annemari
annemarie
annerice
annerose
annesmith
annette1
annette6
annie123
anniedog
anniegirl
anniemae
anniemax
annihilation
annihilator
annina80
anniston
anniversary
annmarie
anno1503
anno1602
announce
annoying
annushka
annyshka
anointed
anoliefoe
anomalia
anomaly1
anonelbe
anonimus
anonymer
anonymo1
anonymou
anonymous
anonymus
anorexia
anorexic
another1
anotherone
anpanman
anri1337
anschutz
answer42
antananarivu
antarcti
antares1
antarktida
antartic
anteater
antelope
anthology
anthoney
anthony0
anthony01
anthony1
anthony10
anthony11
anthony12
anthony123
anthony13
anthony14
anthony17
anthony2
anthony21
anthony22
anthony23
anthony25
anthony29
anthony3
anthony4
anthony5
anthony6
anthony7
anthony8
anthony88
anthony9
anthonyb
anthonyc
anthonyd
anthonyl
anthonym
anthonyp
anthonys
anthrax1
anthro76
anthropo
anti4iter
antiapantiap
antibiotik
antibody
antichrist
antidote
antietam
antiflag
antigone
antihack
antihero
antihero77
antihrist
antikiller
antilles
antilock
antilopa
antilope
antimarn
antimony
antioch1
antipidrid
antipova
antiques
antisnap
antitank
antitrust
antiviru
antivirus
antjuan1
antofagast
antoine1
antoinet
antoinette
antomara
anton123
anton1234
anton1981
anton1982
anton1983
anton1985
anton1986
anton1987
anton1988
anton1989
anton1990
anton1991
anton1992
anton1993
anton1994
anton1995
anton1996
anton1997
anton1998
anton2000
anton2002
anton2010
anton2011
anton3003
anton523
anton777
anton8067
antonanton
antonell
antonella
antonello
antonenko
antonia1
antonia2
antonida
antoniet
antonina
antonino
antonio1
antonio111
antonio12
antonio123
antonio2
antonio22
antonio27
antonio3
antonio4
antonio6
antonio7
antonio8
antoniob
antonioj
antonios
antonius
antonov3d
antonova
antoschka
antoshenechka
antoshin
antoshka
antoxa123
antqueen
antqueen2010
antwerp1
antwerp2
antwerpe
antwerpen
antwoine
anulik22
anulikdenya
anundead
anunnaki
anupriya
anuradha
anuschka
anusrice
anya2010
anya2011
anyaanya
anyplace
anything
anything1
anytimetoday
anywhere
anzelika
anzhelika
aolsucks
aotearoa
aoxomoxo
ap1969ap
apache11
apache12
apache22
apache64
apachelake
apakabar1
aparicio
apartmen
apartment
apassword
apcompat
apeldoorn
apelsinka
aperalta
aperture
apesin14
apexapex
apfelbau
aphelion
aphextwi
aphextwin
aphrodit
aphrodite
apietroo
aping719
apjrmswb
apneatic
apocalipse
apocalipsis
apocalyp
apocalyps
apocalypse
apocalyptica
apoelara
apokalips
apokalipsa
apokalipsis
apolinaria
apolinariya
apollo01
apollo11
apollo12
apollo123
apollo13
apollo15
apollo16
apollo17
apollo31
apollo44
apollo440
apollo69
apolloapollo
apolloni
apollyon
apologize
apolonia
apoplexy
apothecary
app1gl3t
appelboom
appelmoes
appelsiini
appelsin
appeltje
appetite
applause
apple001
apple123
apple12345
apple200
apple360
appleapp
appleapple
applebed
applebee
applebees
applebomb
applecor
applecore
applegat
applegate
applejac
applejack
applejacks
applejui
applejuice
applemac
appleman
applemou
applepie
apples01
apples10
apples11
apples12
apples123
apples13
applesau
applesauce
applesee
appleseed
appleton
appletre
appletree
appleven
appliance
applicatiom
application
appollon
apppatch
appraisa
appraise
appraiser
apprecia
apprenti
apprentice
approach
approval
approved
aprecio123
aprel2010
apricot1
apricots
april123
april196
april197
april199
april1991
april200
april2000
aprilfoo
aprilia1
aprillee
aprillia
aprillynn
aprvcyms
aptiva12
apulanta
apuleius
aq12wsde3
aq1sw2de3
aqaqaqaq
aqmidway
aqswdefr
aqswdefrgt
aqswdezake
aqua_3253
aquaaqua
aquabats
aquafina
aquafina12
aqualung
aquamann
aquamari
aquamarin
aquamarine
aquanaut
aquapower
aquarian
aquarious
aquarium
aquarius
aquatics
aquavist
aqueduct
aquemini
aquinas1
aquitain
aqwzsxed
aqwzsxedc
ar123456
ar4ibald
ar990601
arabella
arabesque
arabians
araceli1
aracelis
arachnid
aradhana
aragorn1
aragorn2
aragorn3
aragorn6
aragorn9
arakelyan
aramhaik
aramzamzam
arapah03
arapahoe
arapahoel
arathorn
arbogast
arboleda
arboretu
arbroath
arbuckle
arcachon
arcadia1
arcadian
arcanapower
arcangel
archange
archangel
archbold
archer11
archer12
archer22
archery1
archiarchi
archibal
archibald
archie11
archie123
archie28
archimed
architec
architect
architecture
architek
architetto
archives
archmage
archon23
arclight
arcobaleno
arcoiris
arcticca
arcticcat
arcturus
ardennes
ardeshniki
ardiente
arealman
areej111
aregdone
aregstyl
arellano
aremania
arenchik
arenrone
arequipa
areyukesc
arf1arf1
argentin
argentina
argentina1
argentum
argetyvi
arghargh
argo2233
argonaut
argos123
arguments
arhangel
arhangel9797
arhipova
arhitektor
arianna1
ariapro2
ariel123
arielle1
aries123
arijuana
arikarik
arina123
arina1998
arina2002
arina2005
arina2007
arina2008
arina2009
arina2010
arinaarina
ariocarp
arisaris
aristarh
aristide
aristokrat
aristote
aristotel
aristotl
aristotle
arizona1
arizona2
arizona4
arizona5
arizona6
arizona8
arizona9
arjun123
arjunasa
ark4fall
arkangel
arkansas
arkology
arkroyal
arlekino
arlequin
arlingto
arlington
armadill
armadillo
armag4edd
armagedd
armageddon
armagedo
armagedon
armagedon1
armagedon666
armagged
armagidon
armags45
armalite
armancho
armando1
armani11
armani12
armastus
armature
armchair
armenchik
armenia15
armenian
arminonly
armitage
armitron
armo9014
armored1
armsport
armstead
armstron
armstrong
army1234
army2001
army2009
army2769
armyada2
armyarmy
armybrat
armygirl
armyofon
armyofone
armyrang
armyrotc
armystud
arnhem44
arnie100
arnie123
arnold10
arnold12
arnold13
arnold14
arnold70
arnshrty
arnster55
aronaron
aroshidze
arovamam
arpeggio
arquette
arquitecto
arquitectur
arquitectura
arrakis1
arranmor
arriflex
arrington
arripala
arrogant
arrow105
arrow123
arrowhea
arrowhead
arrowmak
arschfic
arschfick
arschloc
arschloch
arsearse
arseface
arsehole
arsen2010
arsenal0
arsenal01
arsenal1
arsenal10
arsenal11
arsenal12
arsenal123
arsenal14
arsenal1886
arsenal2
arsenal23
arsenal25
arsenal4
arsenal5
arsenal6
arsenal7
arsenal8
arsenal9
arsenal98
arsenalf
arsenalfc
arsenalfc1
arsenall
arsenals
arsenico
arsestar
arshavin
arshavin23
arslonga
arsonist
art12345
art131313
art5213a
art_06.05
artakgold
artamonov
artamonova
artartart
artcast2
artcrime
artearte
artefact
artem007
artem111
artem123
artem1982
artem1983
artem1984
artem1985
artem1987
artem1988
artem1989
artem1990
artem1991
artem1992
artem1993
artem1994
artem1995
artem1996
artem1997
artem1998
artem200
artem2000
artem2001
artem2002
artem2003
artem2004
artem2005
artem2007
artem2008
artem2009
artem2010
artem2011
artem2012
artem777
artemartem
artemenko
artemida
artemis1
artemis1908
artemis2
artemis8
artemisa
artemka123
artesian
arthur00
arthur10
arthur11
arthur12
arthur123
arthur21
arthur23
arthur42
arthur69
arthur88
articcat
artichok
artichoke
articuno
artifact
artifice
artificial
artiller
artillery
artist10
artistic
artistry
artix1234
artlight
artlover
artmoney
artofwar
artrod19
arttatum
artur123
artur12345
artur1994
artur1995
artur1996
artur2000
artur2007
artur2010
artur2011
artur4ik
artur666
artur777
arturchik
arturino
arturito
artworks
artworkz
artyr0005
aruba123
arunkumar
arveladze
arvidson
arvopart
arwpls4u
arxangel
arzamas16
arzum3113
as028035
as123456
as1234567
as123456789
as124589
as1298kl
as12as12
as12az23
as12df34
as225054
as375047
as5ffz17i
as5fz17i
as5fzf17i
as790433
as95fz17i
as9ffz1712
as9ffz1721
as9ffz17i
asadasad
asadbhai
asapasap
asas1212
asas1234
asasas12
asasasas
asasasasas
asasin123
asatiani
asbestos
ascensio
ascension
asd123321
asd12345
asd123456
asd123456789
asd123as
asd123asd
asd123asd123
asd123fgh456
asd123qwe
asd123zxc
asd230256
asd321edc
asd34120
asd456asd
asd515wasya
asdaasda
asdasd11
asdasd12
asdasd123
asdasd123123
asdasd22
asdasdas
asdasdasd
asdasdasd123
asdasdasdasd
asdasdrr
asddsa123
asddsaasd
asdewq12
asdewq123
asdf0987
asdf1212
asdf1234
asdf12345
asdf123456
asdf1983
asdf2010
asdf4321
asdf4567
asdf5678
asdf6789
asdf67nm
asdf;lkj
asdfasdf
asdfasdf1
asdfasdfasdf
asdfdsasdf
asdffdsa
asdfg123
asdfg1234
asdfg12345
asdfg456
asdfgasdfg
asdfgfdsa
asdfggfdsa
asdfgh00
asdfgh01
asdfgh11
asdfgh12
asdfgh123
asdfgh123456
asdfgh13
asdfghhh
asdfghj1
asdfghj123
asdfghjk
asdfghjkl
asdfghjkl0
asdfghjkl1
asdfghjkl111
asdfghjkl12
asdfghjkl123
asdfghjkl12345
asdfghjkl123456
asdfghjkl;
asdfghjkll
asdfghjklz
asdfghjklzx
asdfghjklzxc
asdfghjklzxcvbnm
asdfgqwerty
asdfgzxcvb
asdfhjkl
asdfjkl1
asdfjkl;
asdfjkll
asdflkjh
asdfqwer
asdfqwer123
asdfqwer1234
asdfqwerty
asdfrewq
asdfsadf
asdfvcxz
asdfzxcv
asdkaj89809
asdqwe12
asdqwe123
asdqwezxc
asds1234qa
asdzxc12
asdzxc123
asdzxcqwe
ase2girl4
asecret1
asencion
asf5fz17i
asf9fz17i2
asfab234
asfasfasf
asfnhg66
asgq34ttsd
ashanti63
ashashash
ashbrook
ashcroft
asheashe
ashevill
ashewitt2003
ashfield
ashgrove
ashitaka
ashlee11
ashleigh
ashleigh1
ashleigh69
ashley00
ashley01
ashley02
ashley03
ashley04
ashley08
ashley10
ashley11
ashley12
ashley123
ashley13
ashley14
ashley15
ashley16
ashley19
ashley20
ashley21
ashley22
ashley23
ashley24
ashley26
ashley32
ashley69
ashley90
ashleyga
ashleysparks
ashleywilliams2010
ashtray1
ashutosh
ashville
ashworth
ashymipoutr
asiaasia
asiagirl
asianass
asianboy
asiangir
asianlov
asianlover
asianman
asianporn
asianpus
asianpussy
asiansex
asianteen
asistent
aska1234
askardia
askarova
askimaskim
askimbenim
aslanbek
asmodean
asmodeus
asowders
asparagu
asparagus
aspentree
asphalt1
asphodel
aspirant
aspire12
aspire5315
aspire5920
aspire5920g
aspire6930
aspireone
aspirina
aspirine
aspirine1
aspirine123
aspiring
aspnetoc
asprilla
asprmopa
asprulez
asprulez2
asroma27
assa1234
assa9731
assaassa
assamite
assasinecreed
assasins
assass12
assassas
assassass
assassin
assassin1
assassin2
assassins
assclown
asscrack
asse1998
asseater
assemble
assembler
assembly
assemblylist
assfuck1
assfucke
assfucker
assfucki
assh0les
asshole0
asshole1
asshole12
asshole123
asshole2
asshole3
asshole4
asshole5
asshole6
asshole69
asshole7
asshole8
assholee
assholes
assignment
assist72
assistan
assistant
assistante
assistpc
asskicke
asskicker
asslicke
asslicker
asslover
assluver
assman12
assman69
assman77
assmaste
assmaster
assmonke
assmonkey
assmoody
assmunch
associat
associates
associazione
assorted
asssssss
asstastic
assumpta
assumption
assuranc
asswhole
asswiper
assword1
assyrian
astahova
astalavi
astalavista
astaroth
asteriks
asterios
asterios123
asteriostm
asterisk
asterix1
asterix2
asterix4
asterix6
asterixx
asterlam
asteroid
asteroth
astondb9
astonishing
astonmar
astonmartin
astonvil
astonvilla
astoria1
astoriy1
astra123
astra16v
astra334566
astragal
astragte
astrahan
astrasri
astro123
astroboy
astrocreep
astrodog
astrolog
astrology
astroman
astronau
astronaut
astronom
astronomy
astronut
astros05
astrovan
astudent
asturian
asturias
asub4yes
asuncion
asusasus
asusp535
aswqaswq
asyaasya
asyafeeq
asynceqn
asystole
aszxaszx
at1asat1as
at4gftlw
ataglanc
atahualp
atalanta
atamanen
ataraxia
atari520
atartsis
atcnbdfkm
atging01
athelsta
athena00
athens20
athens2004
atherton
athlete7
athletic
athletics
athlon64
athlonxp
atiixpaa
atiixpad
atiixpag
atiradeon
atiradn1
atividin
atjljcbz
atk23tksfj
atk24bam
atk29sx2
atk44rfn
atk83jmh
atk95tgh
atkinson
atlanta1
atlanta5
atlanta7
atlantag
atlantic
atlantid
atlantida
atlantide
atlantik
atlantika
atlantis
atlantis666
atlas123
atlas250
atletico
atletika
atljhjdbx
atljhjdf
atljhtyrj
atljnjdf
atmosfera
atmosphere
atom1992
atombomb
atomic13
atomic99
atomis14
atonement
atrc0nhp
atreides
atrevido
atriedes
atrocity
atropine
atsonlinejobs
attentio
attention
attila12
attitude
attitude1
attlebor
attorney
atwater1
atyjvty666
atyjvtyjy
atyourbusiness
atzsopak
au100500
aubergin
auburn01
auburn34
auburn69
auburntigers
auchhall
auckland
auckland2010
auction1
auctions
audacity
audanros
audelino
audencia
audi1000
audi4000
audi5000
audiaudi
audie123
audioline
audiosla
audioslave
audiovox
audition
auditori
audrey11
audreyco
auerbach
aufstieg
aug12345
aug18ust
augiedog
augmentin
augsburg
august01
august04
august05
august06
august08
august10
august11
august12
august13
august15
august16
august17
august18
august19
august20
august21
august22
august23
august24
august25
august26
august27
august28
august29
august30
august31
august69
august73
august74
august84
august88
augusta1
augusta2
augustin
augustine
augusto1
augustus
auisgold
aumimis5
auntarctic
auntjudy
aurangabad
aurapasswor
aurelian
aurelien
aurelius
aurevoir
aurora32
aurorita
ausrinfo
austenit
austerlitz
austin00
austin01
austin02
austin05
austin08
austin10
austin11
austin12
austin123
austin13
austin15
austin16
austin17
austin20
austin21
austin22
austin23
austin24
austin25
austin26
austin27
austin30
austin31
austin316
austin33
austin39
austin51
austin69
austin89
austin91
austin94
austin95
austin96
austin97
austin98
austin99
austine1
austinpo
austintx
australi
australia
australia1
australian
australie
australo
austria1
austrian
autechre
authcode
authenti
authorit
authority
authoriz
autobahn
autobody
autobot1
autobots
autocock
autococker
autoexec
autogyro
autohaus
automate
automati
automatic
automation
automobi
automobil
automobile
automoti
automotive
autonomi
autopas1
autopass
autosale
autostop
autosurf
autozone
autumn23
autumn99
auvergne
aux1aux2
auxiliary
av5875116
avadakedavra
availabl
available
avalanch
avalanche
avalenta
avaliani
avalon11
avalon12
avalon13
avalon19
avalon77
avanesov
avangard
avatar01
avatar12
avatar13
avatar2010
avatar88
avatar99
avdeenko
avefenix
avellaneda
avellino
avemaria
avengedsevenfold
avenger1
avenger2
avenger5
avengers
avengers1
aventura
aventure
averages
avermedia
avery123
avesatanas
avetisyan
aviation
aviator1
avicenna
avidguru
avionics
avir0043
avogadro
avondale
avonnova
avosdloc
avram8vadim
avramenko
avril123
avrillavigne
avsb7ne6
avtoritet
avvocato
avzihw71
aw159753
aw53641927
awacsf22
awakened
awakening
awangard
awarenes
awdawdawd
awdqseawdssa
awdrgyjil
awdrgyjilp
awdsawds
awesome0
awesome1
awesome11
awesome123
awesome2
awesome6
awesome7
awesome8
awesome9
awesomeness
awo8rx3wa8t
awsdqwer1
awsedrft
awsome123
ax420cpd
ax5mtmsv
ax6368e1
axelaxel
axelou21
axelrose
axelsson
axiakell
axl5rose
axlepole
axtn543c
ayacdc69h
ayamjago8
ayanami1
ayatolla
ayc5ndl4
ayklololo
aylaayla
ayman200
aynrand1
ayrtonse
ayylfhl911
az.1996.
az005gah
az09az09
az123456
az123456789
azakathe
azatazat
azathoth
azaz0909
azazazaz
azazelka
azazello
azazo911
aze1t00n
azer1234
azerazer
azerbaij
azerbaijan
azerbaycan
azerty00
azerty01
azerty12
azerty123
azerty1234
azerty413
azerty66
azerty789
azertyui
azertyuio
azertyuiop
azflkjw1
azfpc310
azhar123
aziz2000
azizaziz
azlk2141
azmol100
azn4life
aznolind
aznpride
azroleui
azsailor
azsx1234
azsxdc123
azsxdcfv
azsxdcfvgb
azsxdcfvgbhn
azsxdcfvgbhnjm
aztec123
aztecian
azul8ver
azulazul
azureray
azwdct04
azwebitalia
azxcvbnm
azza0990
azzarra23
b0ll0ck5
b0ll0cks
b0nehead
b109m262
b1111111
b1234567
b12345678
b123456789
b12345c6
b161pz1a
b164002202
b16delta
b16delta19
b1b2b3b4
b1b2b3b4b5
b1bomber
b1g5mall
b1h2b3y4f5
b1qwkv66
b1rdcage
b2bomber
b2rlkcjg
b2urnham
b328906a
b33rtje5
b3947313
b4486456z
b4llhaus
b4nafter
b54eano8
b5kl36hbat
b5ullie1
b648b85d
b70wm0nk3y5
b74cx6qs7328
b7b7vhig5ij5
b7h0bart
b7o7n7d7
b85d07f2
b8wrk624
b929ezzh
ba21dele
ba3grymh
ba8050272
baasdconn
baba1234
babababa
bababayo
bababooe
bababooey
babacool
babajaga
babajana
babajide
babalaca
babalola
babamisha
babangida
babatund
babatunde
babay123
babazina
babbages
babbette
babbione
babe1234
babe1987
babe2000
babebabe
babeland
babemagn
babemagnet
baberuth
babes123
babes200
babes2000
babettex
babigirl
babigurl
babilon5
babiloni
babilonia
babinski
babochka
baboshka
babounet
babsaroo
babsimus
babubabu
baburdas
babuschk
babushka
baby10n5
baby1234
baby2000
baby2001
baby2003
baby2229
baby4sna
babyangel
babybaby
babyback
babybash
babybean
babybear
babybear1
babybell
babybird
babyblue
babyblue1
babyboom
babyboomer
babyboy1
babyboy2
babyboy3
babyboy6
babyboys
babybull
babybutt
babycake
babycakes
babycakes1
babycat1
babycham
babydadd
babydoll
babyduck
babyface
babygirl
babygirl0
babygirl1
babygirl12
babygirl2
babygirl7
babygurl
babygurl1
babygurl11
babygyrl
babyhead
babyhuey
babyjack
babyjake
babyjame
babyjane
babyjohn
babykitty
babyland
babylon1
babylon2
babylon4
babylon5
babylon6
babylon9
babylone
babylonx
babylove
babylove1
babymama
babymoon
babyphat
babyrose
babyruth
babysitt
babystar
babyteen
babytony
babywkasta2
bac21708
bacardi1
bacbaphi
baccarat
bacchus1
bacdafucup
bach1234
bach1685
bach4150
bachelor
bachman1
bachmann
bachstra
bacillus
back2225
back2bac
back2back
back2ira
backagai
backagain
backbeat
backbone
backd00r
backdoor
backdraf
backdraft
backdrop
backfill
backfire
backflip
backgamm
backhand
backhome
backlash
backlink
backnine
backpack
backpacker
backpain
backseam
backseat
backside
backspac
backspace
backspin
backstab
backstay
backstop
backstre
backstreet
backstroke
backward
backwards
backwash
backwell
backwood
backwoods
backyard
bacon123
baconbit
baconmania
bacteria
bad11bad
bad2bone
badabang
badabing
badaboom
badaboum
badactor
badalona
badapple
badass00
badass11
badass12
badass19
badassmf
badbadba
badbadbad
badbadboy
badbitch
badboy007
badboy01
badboy05
badboy10
badboy11
badboy12
badboy123
badboy1234
badboy13
badboy14
badboy21
badboy23
badboy25
badboy32
badboy65
badboy69
badboy78
badboy99
badboys2
badboys3
badbrain
badcompa
badcompany
baddabin
baddog12
baddog22
baddog2p
baddog69
baddoggy
badenbaden
badfish7
badger12
badger123
badger33
badger69
badger99
badgerin
badgers1
badgers2
badgirl1
badgirls
badhabit
badiman28200
badkarma
badkitty
badlands
badlarry
badman01
badminto
badminton
badminton10
badmonkey
badmutha
badnaamhere
badnews1
badpuppy
badrelig
badreligion
badseeds
badstuff
badtaste
badthing
baerchen
baetros9
bagautdinova
bagceg11
bagelboy
bagelman
baggies1
baggins1
baggins3
baggio10
baggio16
bagheera
baghouse
bagpiper
bagpipes
bagpuss1
bagration
baguette
bahamas1
bahamut0
bahamut01
bahra1n1
bahtiyar
bailamos
bailarin
bailbond
bailey01
bailey05
bailey10
bailey11
bailey12
bailey123
bailey13
bailey15
bailey20
bailey22
bailey24
bailey29
bailey33
bailey34
bailey44
bailey66
bailey69
bailey73
bailey75
bailey95
bailey98
bailey99
baileyboo
baileyboy
baileydo
baileydog
baino123
baiserst
bajaboat
bajenfans34
bajingan
bajsbajs
bajskorv
bakabaka
bakalavr
bakaneko
bakanova
bakasama
bakayaro
bakekang
baker123
baker951
bakerboy
bakerman
bakersfield
bakesale
bakibaki
baklajan
baksbaks
baksteen
bakubaku
bakugan12
balabala
balabama
balabolka
balaclava
balaklava
balakovo
balakris
balalafka
balalaika
balamuck
balance1
balance2
balanced
balancer
balandin
balashov
balcombe
balcones
baldassa
baldbull
baldcunt
baldeagl
baldeagle
balderda
baldhead
baldisar
baldpuss
baldric3
baldrick
balduini
baldwin1
baldyman
balearic
balefire
balefull
balera321
balerina
balerina369
balibali
balishag
balkrish
balla007
ballack1
ballack13
ballanti
ballantines
ballarat
ballard1
ballbag1
ballbags
ballball
ballbase
ballbust
ballbuster
ballcock
baller12
baller15
baller20
baller22
baller23
baller25
baller30
baller33
baller69
ballerin
ballesta
balleste
ballfour
ballgame
ballhair
ballin23
ballin69
ballistic
ballkick
balloon1
balloons
balloons99
balloonssnoollab
ballpark
ballplay
ballroom
balls123
ballsack
ballsdeep
ballsout
ballsroy
ballston
ballyhoo
balmoral
balon230
balonces
baloncesto
balrog12
balrog66
baltasar
baltazar
balthaza
balthazar
baltika7
baltimor
baltimore
balubalu
balvenie
bamabama
bambam01
bambam11
bambam12
bambam123
bambam69
bambam78
bambam93
bambamb1
bambamba
bambambam
bambarbia
bambi212
bambinos
bambolbi
bambolina
bambolotto
bambucha
bamidele
bammargera
bammbamm
bamor123456
ban30622
banaan123
banaan69
banan007
banan123
banana00
banana01
banana10
banana11
banana12
banana123
banana20
banana22
banana69
banana77
banana88
banana99
bananama
bananaman
bananana
bananara
bananas1
bananas123
bananas2
bananass
banane2007
bancroft
bandaids
bandanna
bandband
bandera1
banderas
banderlog
banderos
banderos88
bandgeek
bandicoo
bandicoot
bandidos
bandit01
bandit10
bandit11
bandit12
bandit123
bandit15
bandit21
bandit22
bandit25
bandit33
bandit69
bandit88
bandit92
bandit99
bandits1
bandoler
bandpass
bandwago
banebane
banfield
bangalor
bangalore
bangaram
bangbang
bangbros
bangcock
bangdoll
banger66
bangkok1
bangkok2
banglade
bangladesh
banglore
banister
banjoman
bank1one
bank6755
bankaab1
bankbank
bankcard
bankhead
banking1
bankkort
bankomat
bankroll
bankrupt
bankshot
bannerma
banniste
banshee1
banshee2
banshees
banthony
banzai41
baphomet
baptiste
bar588bar588
barabaka
barabanova
barabara
barabash
barabashka
barabbas
barabuika
baracuda
baracuda123
barakuda
baramidze
baranova
baranski
barashka
barb6901
barbados
barbados1
barbara0
barbara1
barbara11
barbara2
barbara6
barbara9
barbaraa
barbaras
barbarat
barbarel
barbaria
barbarian
barbarian13
barbaris
barbariska
barbarit
barbaros
barbarossa
barbecue
barbeque
barber20
barber69
barbershop
barbie12
barbie123
barbossa
barbucha
barbwire
barcel0na
barcelon
barcelona
barcelona0
barcelona1
barcelona12
barchett
barchetta
barclay1
barclays
bardachok
bardejov
bareback
barebott
barebutt
barefeet
barefoot
barelank
barelegs
barely18
barenake
barenaked
barends1
baresole
bargains
bargrill
baribari
bariloche
barinova
baritone
barkbark
barkette
barkley1
barkley3
barley11
barmaglot
barmalei
barmaley
barnabas
barnabus
barnaby1
barnacle
barnbarn
barndoor
barnes11
barnes88
barney01
barney10
barney11
barney12
barney123
barney20
barney21
barney23
barney77
barney99
barneycat
barneyrubble
barnhart
barnsley
barnyard
barnz1ba
baron123
baroness
baronessa
barrabas
barracks
barracud
barracuda
barracuda20876
barragan
barrakuda
barranca
barrayar
barreled
barrelfish
barrett1
barrett2
barretta
barrette
barricade
barringt
barriste
barrister
barron13
barry123
barry196
barry976
barrymor
barrynov
barselon
barselona
barsik544
barslund
barstool
bartbart
bartbartbart
bartende
bartender
bartfast
barthe06
bartholo
bartholomew
bartleby
bartlett
bartlisa
bartman1
bartman2
bartmann
bartolin
bartolomeo
bartolotm
bartsimpson
barvadoc
basabasa
base7dog
baseba11
basebal1
baseball
baseball01
baseball1
baseball10
baseball11
baseball12
baseball123
baseball13
baseball14
baseball15
baseball17
baseball2
baseball21
baseball22
baseball24
baseball25
baseball27
baseball3
baseball33
baseball4
baseball5
baseball6
baseball7
baseball8
baseball9
baseball91
baseball99
baseballs
basebase
basehead
basejump
baseline
basement
bashbash
bashford
bashirov
bashment
basic100
basic123
basiilik
basilcat
basildog
basildon
basileus
basilica
basilisk
basinger
basket12
basketba
basketbal
basketball
basketball1
basketball10
basketball11
basketball12
basketball2
basketball3
basketbol
basketboll
basquiat
bass1234
bass2000
bass2277
bassbass
bassboat
bassclef
bassdrum
basset12
bassett1
bassfish
bassguitar
basshead
basshole
basshunter
bassingw
bassingwe
bassingwel
bassingwel99
bassingwell
bassingwell1
bassline
bassman1
bassman2
bassmast
bassmaster
bassoon1
bassotto
bassplay
bassplayer
bassrock
basstuba
basswood
bastard1
bastard2
bastard6
bastard69
bastard9
bastardo
bastards
bastiaan
bastian1
bastille
bastinda
bastogne
bastoune
bat2bat2
bataille
batareika
batareya
bateman1
baterflay
baterfly
batesmot
batesmotel
batgirl1
bath0208
bathgate
bathroom
bathsheba
bathtime
bathurst
batista1
batistut
batistuta
batman00
batman01
batman02
batman05
batman08
batman10
batman11
batman12
batman123
batman1234
batman13
batman14
batman18
batman19
batman20
batman21
batman22
batman23
batman24
batman25
batman32
batman33
batman333
batman42
batman44
batman55
batman56
batman66
batman67
batman69
batman74
batman76
batman77
batman78
batman81
batman82
batman88
batman90
batman97
batman98
batman99
batmannwill
batmobile
bats1234
battagli
battalio
battelle
batterfly
batteria
batterie
batteries
batterse
battery1
battery2
battle69
battleax
battlefield
battlefield3
battleon
battlesh
battlest
battlestar
battlete
battletech
battman1
battousa
battousai
batty123
battyboy
batucada
bauer123
baumbaum
baura-megapass
bautista
baux1945
bavarian
baxter04
baxter12
baxter123
baxter21
baxter82
baxter99
baxterdo
bayadera
bayberry
bayern00
bayfield
bayliner
baylor22
bayonets
bayouboy
baypoint
bayramov
bayreuth
bayshore
bayside1
bayside4
bayview1
baywatch
bazarova
bazebaze
bazhenov
bazongaz
bazooka1
bazookas
bb123456
bb8g408v
bba25547
bbaggins
bball101
bball123
bball4life
bballman
bballref
bbbb2000
bbbb2222
bbbb7777
bbbb8888
bbbbb2000
bbbbbb2000
bbbbbb99
bbbbbbb1
bbbbbbbb
bbbbbbbbb
bbbbbbbbbb
bbbbbbbbbbbb
bbbbffff
bbc17594
bbiilltt
bbq6d2mj6x
bbqychu5rt
bbrother
bbroygbv
bbwlover
bc020690
bc101010
bc796521
bcash2008
bcbawhrj
bcdjudo7
bcfc1875
bcfields
bcnjhbzhjccbb
bcnjxybr
bcnthbrf
bcooke69
bcpfamil
bcpfamily
bcreccndj
bcrfntkm
bcrfylth
bd160471
bd2485gq
bd4797jc
bdfyeirf
bdfyjdbx
bdfyjdyf
bdfysx22
bdfytyrj
bdfyxtyrj
bdsmbdsm
be92nj74am56in
beach123
beach2010
beachboy
beachboys
beachbum
beachbum1
beaches1
beachguy
beachlif
beachman
beadlady
beagle10
beagle11
beagle12
beaker12
bealeton
beammeup
beanbean
beandish
beaner00
beanhead
beanie21
beano002
beanpole
beans4me
beanstal
beanstalk
beansteak
beantown
bear1129
bear1234
bear2000
bear2327
bear2400
bear7333
bearbear
bearbear1
bearboon
bearcat1
bearcats
bearclaw
bearcreek
beardog1
beardown
bearfoot
bearhead
bearkats
bearlake
bears123
bears198
bears2006
bearsfan
bearshar
bearshare
bearshit
bearswin
bearvark
beasley1
beast123
beast666
beastboy
beastboy6
beastie1
beastieb
beastieboys
beasties
beasting
beastman
beastmaster
beastmode
beastsex
beatarmy
beatdown
beathead
beatiful
beatles1
beatles2
beatles4
beatles6
beatles9
beatnavy
beatnick
beatnik1
beatnuts
beatrice
beatrice1
beatriz1
beatties
beaubeau
beaucham
beaucoup
beaudoin
beauford
beaufort
beaujeu21
beaulieu
beaumont
beauties
beautifu
beautiful
beautiful1
beautifull
beauty12
beauty21
beauty98
beautyful
beauzeau
beaver10
beaver12
beaver20
beaver69
beaver99
beaverlo
beaverma
beavers1
beavers3
beaversx
beavis01
beavis12
beavis2001
beavis69
beavis78
beavis99
bebebebe
bebemi27
bebop123
because1
becca777
beccaboo
beckbeck
beckett1
beckham1
beckham2
beckham23
beckham7
beckstei
beckster
beckwith
becky123
beckyboo
beckyray
becoming
becool141
bedazzle
bedford1
bedrock1
bedtimes
beeblebr
beechjet
beechnut
beechwoo
beechwood
beefbeef
beefcake
beefcake12
beefeate
beefeater
beefhear
beefheart
beefjerk
beefstew
beeldbuis
beelzebu
beelzebub
beemer12
beener22
beenther
beepbeep
beer1234
beer2006
beer2007
beer2337
beer4you
beerbeer
beerbong
beercans
beergood
beerisgo
beerisgood
beerlove
beerman1
beermann
beernuts
beerpong
beerschot
beertime
beerzone
beesting
beethove
beethoven
beetle01
beetle11
beetle68
beetlebu
beetleju
beetlejuice
beetroot
beeyatch
beezerdog
befscp47
befucked
befuddle
beg7470hoo
begemotik
begin123
begining
beginner
begonias
begovico
behappy1
behavior
behemoth
beholder
beijing1
beinacht
beksultan
beky86er
bela1970
beladona
belafont
belaganda
belair57
belanger
belcanto
belencita
belfast1
belgacom
belgarat
belgarath
belgario
belgarion
belgique
belgium1
belgorod
belgrade
belgrano
belgrave
belial01
believe1
believer
belikova
belinda1
belka123
belka2011
belka777
belkabelka
bell2000
bella123
bella200
bellabea
bellabel
bellabella
bellaboo
bellacat
bellaco1
belladog
belladon
belladona
belladonna
bellagio
bellaire
bellaros
bellatlantic
bellavis
bellbell
bellbook
belldand
belldandy
belle123
belle200
belle777
belleair
belleami
bellebel
bellebelle
belledog
bellefle
bellevie
bellevil
belleville
bellevue
bellezza
bellingh
bellisim
bellissi
bellissima
bellissimo
bellsout
bellsouth
bellucci
bellview
bellwood
bellyboy
bellybut
bellybutton
belmondo
belmont1
belmonte
belochka
belochka090619
belomorkanal
belousov
belousova
beloved1
belsebub
beltaine
belveder
belvedere
belzagor
ben12345
ben123456
benabena
benaknoun
benavide
benching
benchley
benchmar
benchmark
benchpress
bendavid
bendis-chrisbln
bendover
benduvid
benedett
benedetto
benedick
benedict
benedicta
benedikt
benefits
benessere
beneteau
benetton
benevole
benfica1
benfica4
benfolds
bengals1
bengamax
bengrimm
benharper
benhogan
benidorm
benihana
benjam1n
benjami1
benjamin
benjamin1
benjamin123
benjamins
benji123
benjiboy
benjidog
benladen
bennett1
bennett2
bennett6
bennetts
bennevis
benning2
benningt
benno007
benny123
bennyben
bennyboo
bennyboy
bennydog
bennyhil
bennyhill
bennymac
bennyman
bennythe
bennythepoo
benoit29
benqfp783
bensalem
benson10
bensusen
bentley1
bentley2
bentley5
bentley50
bentley7
bentley8
bentleys
benvolio
benyamin
benz300d
benzene1
benzocar
beowolf1
beowulf5
beqemotik
berbatov
berdnikov
berenger
berenice
beresfor
beretta1
beretta9
berezina
berezuckiy
bergamot
bergberg
bergdogg
bergen09
bergerac
bergeron
berghaus
bergkamp
bergkamp10
bergmann
beriberi
beringer
berkeley
berkeley1
berkscoun
berkshir
berkshire
berkut25
berl1952
berlin01
berlin12
berlin13
berlin19
berlin1945
berlin2010
berlin45
berlin99
berliner
berlingo
berlusca
berlusconi
bermuda1
bermudas
bermudez
bernabeu
bernadet
bernadett
bernadette
bernadine
bernados1
bernaola
bernard1
bernard2
bernard24
bernard4
bernard7
bernardi
bernardo
berne123
bernhard
bernice1
bernie12
bernie19
bernie51
bernie69
bernoull
bernstei
bernstein
berolina
berretta
berryboo
berryboy
berrybus
berryman
bersa380
bersercer
berserk1
berserke
berserker
bert1234
bert1969
bertande
bertandernie
bertbert
bertelli
bertha10
bertha12
bertha23
berthold
bertie01
bertone1
bertram1
bertrand
bertuzzi
beruashvili
berwynil
berzerker
beserker
besevere
besiktas
bespalov
bespalova
bessemer
bessless
best123admin
bestbest
bestever
bestfrien
bestfriend
bestfriends
bestgame
bestgirl
bestiality
bestlove
bestmate
bestpker09
bestporn
bestrong
bestseller
bestshot
bestwish
bestwood
beszoptad
beta1234
beta2000
betaband
betabeta
betatest
betelgeu
betelgeuse
betelnut
beth2384
bethanie
bethann1
bethany1
bethbeth
bethesda
bethoven
bethpage
betobeto
betrayal
betrayed
betsy231
bette000
better99
betterth
bettina1
bettis36
betty123
bettyann
bettyb00
bettyboo
bettyboop
bettyboop1
bettyboy
bettyjean
bettylou
beutiful
beverage
beverlee
beverley
beverly1
beverlyhills
bevinlee
bewitche
beyblade
beyeu192
beyonce1
beyonce2
beyonder
beyrouth
bezarto1
bezerker
bezobrazie
bezopasnost
bezparola
bezparolya
bfb181818
bfrerick
bfxd2591
bg562189
bg6njokf
bgenuine
bgfnmzgfgf
bgxz32an
bhagavan
bhandari
bhangra1
bharathi
bhardwaj
bhbcjxrf
bhbitxrf
bhbyeirf
bhbyf123
bhbyf2009
bhbyf2011
bhbyf777
bhbyjxrf
bhelliom
bhenchod
bhillyer
bhrh0h2oof6xbqjeh
bhu89ijn
bianca69
bianchi1
biarritz
biathlon
biay-che
bibendum
bibibibi
biblical
biblioteka
bibobibo
bibq1yjg
bicester
bichette
bicicleta
bickford
bicknell
bicuriou
bicuspid
bicycle1
bicycles
biedronka
biedronka1
bielefel
bielefeld
bienvenu
bienvenue
bienvivre
bierbier
biermann
bif4ever
bifemale
biff5459
biffbiff
biffster
big1bear
big1foot
big4boob
bigal112
bigal333
bigal777
bigapple
bigasses
bigb00bs
bigbadbo
bigbaddo
bigbadwo
bigballa
bigballe
bigballer
bigballs
bigballz
bigbang1
bigbarabum
bigbass1
bigbear1
bigbeast
bigberth
bigbertha
bigbetty
bigbigbig
bigbill1
bigbird1
bigbird2
bigbird7
bigbitch
bigblack
bigblackcock
bigblock
bigblue1
bigblue2
bigblues
bigblunt
bigboner
bigboobi
bigboobs
bigboots
bigbooty
bigbooty1
bigboy10
bigboy11
bigboy12
bigboy19
bigboy20
bigboy22
bigboy40
bigboy50
bigboy69
bigbreas
bigbrian
bigbroth
bigbrother
bigbrown
bigbruce
bigbubba
bigbuck1
bigbucks
bigbunny
bigbutt1
bigbuttl
bigbutts
bigcajun
bigcat69
bigchase
bigcheese
bigchief
bigchill
bigchris
bigchuck
bigchudos
bigcity1
bigclara
bigcock1
bigcock2
bigcocks
bigcount
bigcountry
bigdadd1
bigdaddy
bigdaddy1
bigdaddy12
bigdaddy2
bigdaddy69
bigdaddyal20
bigdawg1
bigdawg5
bigdawgs
bigdeese
bigdick1
bigdick123
bigdick2
bigdick6
bigdick69
bigdick7
bigdick9
bigdickd
bigdickdaddy
bigdicks
bigdildo
bigdippe
bigdog01
bigdog10
bigdog11
bigdog12
bigdog123
bigdog22
bigdog23
bigdog51
bigdog52
bigdog59
bigdog69
bigdog77
bigdog99
bigdoggs
bigdoggy
bigdogs1
bigdogs2
bigduke6
bigdummy
bigeagle
bigeddie
bigeight
bigfatbo
bigfatty
bigfella
bigfish1
bigfoot1
bigfoot2
bigfoot7
bigfoots
bigfrank
biggame1
biggate1
biggbigg
biggbutt
biggdaddy
biggdogg
biggdude
biggenius
biggirl1
biggirls
biggles1
biggles2
biggreen
biggrunt
biggsexy
biggtits
biggusdi
biggwill
bighands
bighappy
bighardo
bigheads
bighill509
bighoote
bighorse
bighotta
bighouse
bighunter
bighurt1
bigjake1
bigjames
bigjim10
bigjimmy
bigjohn1
bigjohns
bigjohnson
bigjuggs
bigjuicy
bigkahun
bigkahuna
bigkitty
biglobe1070
bigloser
biglover
bigmac12
bigmac25
bigmac70
bigmamma
bigman12
bigman22
bigman30
bigman69
bigmaxxx
bigmike1
bigmikey
bigmomma
bigmoney
bigmoose
bigmouth
bignasty
bignippl
bignose1
bigone12
bigone69
bigones1
bigorang
bigorange
bigowner
bigpants
bigpapa1
bigpappa
bigpenis
bigpimp69
bigpimpi
bigpimpin
bigpimpn
bigpoppa
bigprick
bigpussy
bigqueer
bigred11
bigred12
bigred66
bigred69
bigredma
bigredone
bigriver
bigscott
bigscree
bigsexxy
bigsexy1
bigshark
bigshoot
bigshot1
bigslick
bigsmall
bigsmile
bigsmoke
bigsmurf
bigsnake
bigstar1
bigsteve
bigstick
bigstuff
bigswole
bigswoll
bigthang
bigthing
bigticket
bigtiger
bigtime00
bigtime1
bigtime2
bigtimer
bigtimerush
bigtires
bigtities
bigtits1
bigtits2
bigtits4
bigtits6
bigtits69
bigtits7
bigtitss
bigtitti
bigtitts
bigtitty
bigtrain
bigtrees
bigtrout
bigtruck
bigtuna1
bigtymer
bigviolet
bigwally
bigwaves
bigwheel
bigwhite
bigwilli
bigwillie
bigwilly
bigwolf1
bigworm1
bigwreck
bikebike
biker222
bikerboy
bikeride
bikerider
bikerman
bikeshop
bikinies
bikmikit
bikobiko
bikov127
bilabong
bilal123
bilallam
bilancia
bilbo111
bilbo123
bilbo666
bilbobag
bilbobaggins
biliamee
bill1234
bill1945
bill1989
bill2000
bill2222
bill2455
bill6969
bill7718
billabon
billabong
billabong1
billards
billbill
billboar
billbob1
billbong
billclin
billclinton
billdawg
billfish
billgate
billgates
billhick
billiard
billiards
billiboy
billidikii
billie11
billiejean
billiejo
billiejoe
billiisa
billiken
billing1
billing6
billingh
billings
billingt
billiona
billionaire
billions
billllib
bills072
billthec
billtodd
billwill
billy007
billy123
billy1bo
billy200
billybad
billybil
billyblu
billybo1
billybob
billybob1
billyboo
billyboy
billyboy02
billycat
billydee
billydfp
billydog
billygoa
billygoat
billygun
billyjoe
billykid
billyray
billythe
billythekid
biltmore
bimbo111
bimka212
bimmerm3
bimshire
binanybuigo
binaries
binatang
binaural
bingbang
bingbing
bingbong
bingo007
bingo100
bingo123
bingobin
bingobon
bingoboy
bingodog
bingoman
binion24
binkbink
binkilin
binkley1
binky111
binky123
binkyboo
binladen
bioboost
biochem1
biochemi
biochemistry
biohazar
biohazard
biohazard5
biologia
biologic
biologis
biologist
biology1
biomedical
biomtric
bion4444
bionicle
bionicman
bioshock
biosinfo
biotopuser
biotxdhn
birdbath
birdbird
birdcage
birddogg
birdhead
birdhous
birdhouse
birdie01
birdie12
birdie18
birdiema
birdies1
birdies2
birdland
birdman1
birdman2
birdman2000
birdofpr
birdofprey
birdsall
birdseed
birdseye
birdshit
birdsong
birgitta
birgitte
birimba1
birkjen-jengele
birmingh
birmingham
birnbaum
birthdat
birthday
birthday0
birthday1
birthday10
birthday100
birthday11
birthday131
birthday133
birthday135
birthday144
birthday19
birthday2
birthday21
birthday24
birthday25
birthday26
birthday27
birthday28
birthday299
birthday3
birthday30
birthday333
birthday36
birthday37
birthday38
birthday4
birthday424
birthday46
birthday5
birthday52
birthday53
birthday54
birthday55
birthday6
birthday71
birthday8
birthday9
birthday99
bis2mark
biscayne
bischoff
biscotte
biscotti
biscuit1
biscuit7
biscuits
biset117
biset366
bisexual
bishop11
bishop69
bismarck
bismark1
bismilah
bismilla
bismillah
bisounours
bisquick
bistecca
bitch101
bitch123
bitch231
bitch420
bitch501
bitch666
bitchass
bitchass1
bitchbitch
bitchboy
bitchedu
bitchedup
bitches1
bitches2
bitches7
bitchess
bitching
bitchmag
bitchplease
bitchsla
bitebite
bitefight
biteme00
biteme01
biteme11
biteme12
biteme123
biteme22
biteme66
biteme69
biteme99
bitemeha
bitemyas
bitethis
bitowsky
bitsprx2
bittebit
bitterma
bittersw
bittersweet
bizarre1
biznatch
biznitch
bj200ex1
bjackson
bjam1021
bjbjbjbj
bjohnson
bjpalmer
bjps1353
bkbkbkbk
bkite123
bkjyjxrf
bkmlfhbr
bkmxtyrj
bkmz1234
bkmz1991
bkmz1998
bkmz2005
bkmz2009
bkmzbkmz
bkmzctljd
bkpimpin
bks4life
bkw28hefex3
blabla12
blabla22
blablabl
blablabla
black100
black111
black123
black150
black1989
black23k
black444
black666
black777
black999
blackadd
blackadder
blackand
blackandwhite
blackang
blackangel
blackass
blackbag
blackbal
blackball
blackbart
blackbas
blackbea
blackbear
blackbel
blackbelt
blackber
blackberr
blackberry
blackbetty
blackbir
blackbird
blackbit
blackbla
blackblack
blackblu
blackblue
blackboa
blackboard
blackboi
blackboo
blackbow
blackbox
blackbox5
blackboy
blackbra
blackbull
blackbur
blackburn
blackbus
blackcap
blackcar
blackcat
blackcat1
blackcoc
blackcock
blackcocks
blackcom
blackcow
blackcum
blackdaw
blackdea
blackdeath
blackdevil
blackdic
blackdick
blackdicks
blackdog
blackdog1
blackdra
blackdragon
blackduc
blackeagle
blackelk
blackened
blacker777
blackersha
blackest
blackestnight
blackeye
blackfeet
blackfin
blackfire
blackfis
blackfla
blackflag
blackfly
blackfoo
blackfoot
blackfor
blackford
blackfox
blackgir
blackgol
blackgold
blackguy
blackhat
blackhaw
blackhawk
blackhawks
blackhea
blackheart
blackhoe
blackhol
blackhole
blackhor
blackhorse
blackice
blackice1
blackie1
blackie2
blackie5
blackie7
blackies
blackink
blackjac
blackjack
blackjack21
blackjak
blackjeep
blackjesus
blackkat
blackkni
blackknight
blacklab
blacklabel
blacklig
blacklight
blacklio
blacklis
blacklist
blackloo
blacklot
blacklov
blacklove
blackluv
blackmag
blackmage
blackmagic
blackmai
blackmail
blackmamba
blackman
blackman57512
blackmar
blackmen
blackmes
blackmet
blackmetal
blackmol
blackmon
blackmoo
blackmoon
blackmor
blackmore
blacknes
blackness
blacknight
blackoak
blackone
blackops
blackops1
blackops2
blackout
blackout1
blackpan
blackpanther
blackpearl
blackpen
blackpoo
blackpool
blackpower
blackpus
blackpussy
blackrain
blackrain1
blackrat
blackrav
blackred
blackroc
blackrock
blackrod
blackros
blackrose
blacksab
blacksabbath
blacksea
blacksex
blackshadow
blackshe
blacksheep
blacksky
blacksmi
blacksmith
blacksna
blacksnake
blackson
blacksonblon
blacksox
blacksta
blackstar
blacksto
blackstone
blackstr
blacksun
blackswan
blacktea
blacktie
blacktiger
blacktit
blacktom
blacktop
blacktru
blackwat
blackwatch
blackwater
blackwel
blackwell
blackwhite
blackwid
blackwidow
blackwol
blackwolf
blackwoo
blade111
blade123
blade666
blade900
bladedancer
blademan
blademaster
bladerun
bladerunner
bladibla
blagodat
blagovest
blah1234
blahblah
blahblah1
blahblahblah
blairwitch
blake123
blakebla
blakeley
blakeman
blakjack
blakmajik
blakstar
blalenakpa
blan1128
blanchar
blanchard
blanche1
blanches
blanchet
blanco69
blank123
blanket1
blankets
blankleg
blankman
blanquit
blanston
blasphem
blasphemy
blast123
blaster1
blaster2
blaster3
blaster6
blaster7
blasters
blasting
blastoff
blaubaer
blaublau
blaugrana
blax1968
blaylock
blaze420
blazedup
blazer01
blazer12
blazer25
blazer72
blazer83
blazer88
blazer91
blazer95
blazer98
blazers1
blbdgbple
blbjn007
blbjnbpv
blbjnbyf
bleach12
bleach123
bleacher
bledsoe1
bledsoe11
bleeding
blehbleh
blenheim
blenston
bless123
blessed0
blessed1
blessed2
blessed7
blessedb
blessing
blessings
blessings888
blessthefall
blessyou
bleu2rou
blinchik
blinddog
blindman
blindpig
blindsid
blindside
bling123
blingbli
blingbling
blink123
blink182
blinkers
blinking
blinknc1
blissful
blister1
blister3
blisters
blitzball
blitzer1
blitzing
blitzkri
blitzkrieg
blivit01
blizzard
blizzard1
blkmagic
blkpre99
blkpussy
blmeflmm
blobblob
blobster
blockbus
blockbuster
blocked1
blockhea
blockhead
blodgett
blodymary
bloembol
bloempot
bloggins
blomberg
blond007
blonda229404
blondage
blonde20
blonde69
blondell
blondes1
blondes8
blondgir
blondie1
blondie2
blondie3
blondie9
blondies
blondinka
blood100101
blood123
blood411
blood666
bloodand
bloodang
bloodaxe
bloodban
bloodbat
bloodbath
bloodboy
bloodclot
bloodgang
bloodhou
bloodhound
bloodless
bloodlet
bloodlin
bloodline
bloodlus
bloodlust
bloodman
bloodmoo
bloodmoon
bloodome
bloodrayne
bloodred
bloodshot
bloodspo
bloodsport
bloodsto
bloodstone
bloodwolf
bloodyhell
bloomber
bloomberg
bloomers
bloomfie
bloomfield
blooming
bloomwinx
bloopers
blossom1
blossom5
blossoms
blowblow
blowfish
blowhard
blowhole
blowjob1
blowjob2
blowjob6
blowjob69
blowjobs
blowme12
blowme23
blowme69
blowmeno
blowschu
bls6hdff
bltynbabrfwbz
blubblub
bluberry
blublade
blucat226
bludgeon
bludrag3
blue1000
blue1006
blue1234
blue12345
blue1957
blue2000
blue2002
blue2020
blue2222
blue2245
blue2468
blue4711
blue8844
blue9999
blueange
blueangel
bluearmy
bluebaby
blueball
blueballs
bluebear
bluebeard
bluebell
bluebells
blueberr
blueberry
blueberry1
bluebike
bluebill
bluebir1
bluebird
blueblack
blueblue
bluebook
blueboot
bluebottle
blueboy1
blueboys
bluebull
bluebunny
bluecard
bluechee
bluechip
bluecoat
bluecrab
bluedemo
bluedemon
bluedev1
bluedevi
bluedevil
bluedevils
bluedevs
bluedog1
bluedog2
bluedogs
bluedoor
bluedrag
bluedragon
blueduck
bluedust
blueeagl
blueeyes
blueface
bluefalc
bluefilm
bluefin1
bluefire
bluefish
blueflam
blueflame
blueflow
blueford
bluefour
bluefrog
bluefunk
bluegame
bluegate
bluegill
bluegirl
bluegold
bluegras
bluegrass
bluegree
bluegreen
bluegrey
bluehair
bluehawk
bluehill
bluehole
bluehouse
bluejack
bluejackets
bluejay1
bluejay7
bluejay9
bluejays
bluejean
bluejeans
bluejeep
bluelake
blueleaf
blueligh
bluelight
blueline
bluelion
bluelite
bluelove
blueman1
bluemarl
bluemarlin
bluemax1
bluemint
bluemond
bluemonk
bluemonkey
bluemoon
bluemoun
blueness
bluenile
bluenose
bluenote
blueoval
bluepill
blueprin
blueprint
bluepuppy
bluerain
blueridg
bluerive
bluerock
blueroom
bluerose
blues123
bluesail
bluesand
bluesboy
bluesbro
bluesclues
bluesers
bluesfan
blueshir
blueskie
blueskies
bluesky1
bluesky2
bluesky7
blueskye
blueskys
blueslov
bluesman
bluestar
bluestar1
bluestee
bluesteel
bluestem
blueston
bluestone
bluesurf
bluetang
bluethun
bluetick
bluetoot
bluetooth
bluetree
bluetruc
bluevelv
bluewate
bluewater
bluewave
bluewind
bluewing
bluewolf
blueynjw
blumberg
blumchen
blumentopf
blumpkin
blunt420
bluntman
blushing
blustery
bm30nwnc
bma2bwtx
bmbgnkag
bme12345
bmfc2353
bmlg1955
bmonster
bmvm3e46gtr
bmw12345
bmw318ci
bmw318is
bmw318ti
bmw323ci
bmw325ci
bmw325is
bmw325xi
bmw328ci
bmw328is
bmw330ci
bmw750il
bmw850cs
bmwbmwbmw
bmwk1100
bmwk1200
bmwm3gtr
bmwpower
bmwr1100
bmx4life
bmxbikes
bmxbmxbmx
bn0996an
bnasztas
bnfkmzytw
bnimdasflgbnq
bnmbnmbnm
bo11ocks
bo4e6361
board123
boarding
boardman
boardwal
boardwalk
boatboat
boatdrin
boatdude
boathook
boathous
boathouse
boating1
boatsman
boatswain
boavista
boazboaz
bob12345
bobaboba
bobafett
boballen
bobb1120
bobbafet
bobbarker
bobbie12
bobbiejo
bobbilly
bobbob12
bobbob123
bobbobbo
bobbobbob
bobby007
bobby101
bobby111
bobby123
bobby222
bobby666
bobbybea
bobbybob
bobbybobby
bobbyboy
bobbyjoe
bobbylee
bobbymac
bobbyorr
bobbypas
bobbysox
bobbytwo
bobbyyyy
bobcat12
bobdobbs
bobdole1
bobdylan
boberino
bobesponj
bobesponja
bobik123
bobiscoo
bobjones
bobmarle
bobmarley
bobmarley1
bobo1234
bobo6969
bobobo12
bobobobo
bobobson
boboflop
bobojohn
bobolina
bobolink
bobrmuda
bobrocks
bobsaget
bobsbobs
bobshome
bobsmith
bobson88
bobsters
bobstorm
bobsucks
bobthebuilder
bobthedo
bobuncle
bobvilla
bobwhite
bobyboby
bobzilla
bocaccio
bocachic
bocajshi
bocarato
bocaraton
bocastro
bocephus
bocharova
bodaciou
bodacious
bodensee
bodie123
bodiroga
bodo2184
bodya1712
bodyboar
bodybuil
bodybuilder
bodydrop
bodyguar
bodyguard
bodyhamm
bodyrock
bodyshee
bodyshop
bodyshot
bodywork
boebodaq1
boeing69
boeing72
boeing73
boeing74
boeing747
boeing75
boeing757
boeing76
boeing77
boeing777
boff8324
bogatova
bogbrush
bogdan123
bogdan2009
bogdan2010
bogdanov
bogdanova
boger123
bogeyman
boghampton
bogie123
bogomolov
bogomolova
bogosian
bogus100
bogus123
bogwuast
bohannon
bohemian
bohica15
boiler27
boilerma
boilermaker
boilers1
boing747
boing777
boingboing
bojangle
bojangles
bojyajer
bokertov
bolabola
bolander
bolbo6a6s
boleslaw
bolgarin
bolivar1
bolivarist
bolivian
bollemus
bolletje
bollinger
bollock1
bollocks
bollocks1
bollox12
bollywoo
bollywood
bolobolo
bologna1
bologna6
bolotova
bolshakov
bolster7
bolthead
bombadil
bombarde
bombardier
bombasti
bombbomb
bomber12
bomber123
bomber21
bomber69
bomberma
bomberman
bomberos
bombers1
bombshel
bombshell
bommel12
bomobomo
bonabona
bonadrag
bonafide
bonafont
bonanza1
bonapart
bonaparte
bond0007
bond0077
bond1007
bond2000
bond9007
bondage1
bondage2
bondage3
bondage6
bondage7
bondage9
bondagem
bondages
bondarchuk
bondarenko
bondarev
bondareva
bondbond
bondgirl
bondjame
bondra12
bondsman
bondstreet
bonebone
bonechka
bonedadd
boneebutt
bonefish
bonehead
bonekane
boneless
boner123
bonerboy
bonerman
boners69
bones123
bonethug
bonethugs
boneyard
bongbong
bonghits
bongiovi
bongload
bongloads
bongo123
bongo222
bongoboy
bongtoke
bongwate
bongwater
bonhomme
boniface
bonifaci
bonifacio
bonified
bonjour1
bonjour2
bonjours
bonjovi1
bonkers1
bonkers2
bonnaroo
bonnbonn
bonnevil
bonneville
bonnie11
bonnie12
bonnie123
bonnie19
bonnie22
bonnie99
bono6oll
bonobono
bonoedge
bonovox1
bonscott
bonzodog
bonzzzos
boobboob
boobear1
booberry
boobies1
boobies2
boobies4
boobies7
boobless
booblove
booblover
booboo01
booboo11
booboo12
booboo123
booboo14
booboo22
booboo23
booboo69
booboo77
booboo99
booboobo
boobooboo
booboois
boobooki
booboy56
boobs123
boobs4me
boobscie
boobster
boobstotoot
boobtube
boofhead
boogaboo
boogaloo
booger00
booger06
booger10
booger11
booger12
booger22
booger69
booger99
boogerma
boogerman
boogers1
boogerss
boogeyman
boogie01
boogie11
boogie12
boogie13
boogie66
boogie69
boogiedo
boogiema
boogieman
boogienights
boogieon
boognish
boogyman
book2938
bookbook
bookcase
bookitty
bookkeeper
booklady
booklover
bookmark
books123
books4me
bookshop
bookstore
bookworm
booky000
boom2000
boomanime
boombast
boomboom
boomboom1
boomboompow
boomer07
boomer11
boomer12
boomer123
boomer19
boomer20
boomer21
boomer22
boomer31
boomer44
boomer45
boomer47
boomer69
boomer82
boomer99
boomeran
boomerang
boomerbo
boomersooner
boomstic
boomstick
boomtown
boomvang
boomzaday
boondock
boondocks
boondogg
boonedog
booooooo
boopboop
boopsies
booradle
boosted1
booster1
boosucka
boosucka-wanger
bootboot
bootcamp
bootdisk
bootfoot
boothbay
boothill
boothusr84
bootiful
bootjack
bootlace
bootlegg
bootlegs
bootlick
bootlove
bootmort
bootneck
boots123
bootsboo
bootsdog
bootsman
bootsnber
booty123
bootyboy
bootycal
bootycall
bootylicious
bootyman
bootynow
boozehou
bopomofo
borabora
boracho1
boragud02
borboleta
bordeaux
bordello
borden26
borderli
borderline
bordon33
borealis
boreanaz
bored767
bored7t7
boredboi4u
borgborg
boricua1
boricua7
boricuas
boris001
boris007
boris123
boriscat
borisenko
borisova
borisovna
borisvian
borka200
bormental
born1950
born1958
born2die
born2fly
born2run
born2win
bornagain
bornfree
borntokill
borntorun
borntowin
boroboro
borodina
borodino
borovikova
borracho
borrelli
borromeo
bortacon
bortbort
borussia
bosanova
bosco123
boscodog
boscoe01
bosephus
boss1234
boss1969
boss2010
boss3000
bossanova
bossboss
bossdog1
bosshog1
bosshogg
bosshoss
bosslady
bossman1
bossman2
bossross
bosssue1
bosstone
bosstones
bossyak123
bostitch
boston01
boston11
boston12
boston13
boston14
boston16
boston19
boston21
boston22
boston27
boston32
boston42
boston69
boston77
boston99
bostonbb
bostonia
bostonli
bostonma
bostonre
bostonredsox
boswell1
bosworth
bot_schokk
botafogo
botanica
botanics
boterham
bothered
botswana
bottleca
bottlecap
bottleneck
bottomli
bottomsup
bottomup
bottorff
boubaker
bouboule
bouboune
bouchard
bouche12
boucher1
boudreau
boudreaux
boulange
boulanger
boulder1
boulders
boulette
boulevar
boulevard
boulogne
boumboum
bouncer1
bouncing
boundary
bountyhunter
bourbon1
bourdeau
bourgeois
bourgeon
bournemo
bourque7
bouss111
boutique
bouttime
bouzouki
bowditch
bowerman
bowflexx
bowhunte
bowhunter
bowie198
bowl2000
bowler02
bowling1
bowling2
bowling3
bowlings
bowman67
boxer123
boxerboy
boxerdog
boxerfan
boxerman
boxing123
boxlunch
boxofrai
boxster1
boxster9
boxsters
boy1cool23
boy4u2ownnyc
boyardee
boyboybo
boyboyboy
boydboyd
boydnedz
boyfrien
boyfriend
boylover
boymodel
boynton1
boyohboy
boyracer
boyscout
boyshort
boystown
boywonde
boywonder
boyz2men
bozo1111
bozo2000
bozobozo
bozotron
bozz9999
bp123456
bpfeffer
bpgjldsgjldthnf
bpiantad
br00klyn
br1ttany
bra1n1ac
bracelet
bracken1
brackets
brackish
bradbrad
bradbury
braddock
bradesco
bradford
bradfute
bradley0
bradley1
bradley2
bradley7
bradleyb
bradleyj
bradman1
bradpitt
bradshaw
bradster
bradwell
brady123
braeside
brain123
brainchi
braindea
braindead
brainded
braindog
brainerd
brainiac
brainsic
brainsout
brainsto
brainstorm
braintre
brakeman
bralover
bram7777
brambles
brampton
bramwell
branbran
branches
brancusi
brandee1
branden1
brandi69
brandie1
branding
brandish
brandnew
brandon0
brandon00
brandon1
brandon11
brandon123
brandon13
brandon2
brandon20
brandon21
brandon23
brandon3
brandon4
brandon5
brandon6
brandon7
brandon8
brandon9
brandonb
brandonc
brandone
brandonh
brandonj
brandonl
brandonn
brandonp
brandons
brandont
brandy01
brandy10
brandy11
brandy12
brandy13
brandy19
brandy27
brandy69
brandy94
brandy99
brandywine
branford
branigan
branisla
branson0
branson1
branston
brantley
branzino
brasil10
brasil20
brasil66
brasileiro
brasilia
brasilie
brassbal
brassens
brasshol
brassier
brasskey
brassman
brassmon
brassmonkey
brastrap
braswell
bratbrat
bratface
bratishka
bratisla
bratpack
bratwurst
brauberg
bravehea
bravehear
braveheart
braves00
braves01
braves10
braves12
braves95
braves96
braves99
bravo123
braxton1
brazerin
brazil10
brazil66
brazil99
brazilia
brazilian
brazzers
breadfan
breadman
break1995
breakaway
breakbea
breakbeat
breakdan
breakdance
breakdow
breakdown
breaker1
breakers
breakfas
breakfast
breaking
breakout
breakstuff
breanna1
breasts1
breathe1
brechen3
breckkryt
bredband
breeanna
breebree
breeches
breeders
brehznev
breitlin
breitling
bremerton
brenbren
brenda10
brenda123
brenda69
brendan1
brendan2
brendan22
brendan25
brendan3
brendanm
brendanp
brenden1
brenmac0
brennan1
brent123
brentfor
brentford
brento11
brentwoo
brentwood
bret1827
bret4fav
bretagne
brethart
brett123
brettfav
brettfavre
brettlee
brettsax
brettski
brewcrew
brewhaha
brewster
breyslab
bri5kev6
brian111
brian123
brian195
brian8me
briana69
brianaba
brianbor
briancap
brianeno
brianfox
briankrause
brianlee
brianmay
brianna1
brianna2
brianne1
briareos
briarwoo
briciola
brickhou
brickhouse
bricklay
bricklin
brickman
brickyar
brickyard
bridgeport
bridges1
bridgest
bridget1
bridgeto
bridgett
bridgette
briefcase
brigadier
brigadir
brigadoo
brigante
brigantina
brigette
brighter
brightey
brighteyes
brightness
brighton
brightst
brightstar
brigitta
brigitte
brigitte1
brijam24
briliant
brillant
brillian
brilliant
brillo021
brimston
brimstone
brindisi
bringiton
brinki12
brinkley
brinkman
brisbane
briscoe1
brisher1
brissonl
brista10
bristol1
bristol2
bristolc
britania
britanic
britanni
britannia
britbrit
britches
britishgold
britney1
britney916
britneys
britneyspears
britojohn
britt123
britta12
brittain
brittani
brittany
brittany1
brittany2
brittanyv
brittney
brittney1
brittny1
britton1
brmfcsto
brmfcumd
brmfcwia
brmfport
broadban
broadband
broadband1
broadcas
broadcast
broadsword
broadway
broadway2012
broccoli
brochure
brock200
brockley
brockman
brockton
broderic
brodiaga
brodie01
brody123
brodyaga
brogaard
brokeass
broken27
brokenarrow
brokencyde
brokenheart
broker01
bromalex
bromberg
brompton
bromwich
bronchos
bronco11
bronco19
bronco69
bronco77
bronco91
bronco96
broncoii
broncos0
broncos1
broncos2
broncos3
broncos30
broncos5
broncos7
broncos8
broncos9
bronson1
bronson2
bronxboy
bronyaur
bronzepe
bronzero
bronzeta
broodwar
brooke10
brooke12
brooke123
brooke14
brooke21
brooke69
brooke90
brooke99
brookejp
brookens
brookfie
brooking
brooklan
brooklin
brooklyn
brooklyn1
brooks12
brooks55
brooks99
brooksid
brookside
brooksie
brooktro
brookwoo
broomhaw
broomstick
broother
brother1
brother2
brother3
brother4
brother6
brothere
brotherh
brotherhood
brothers
brothers1
brothers3
brothers98
brougham
brouhaha
broussar
brown123
brownale
brownbea
brownboy
brownbrown01
browncat
browncow
browndog
browneye
browneyes
brownfox
brownhair
brownie1
brownie2
brownie4
brownies
browniesunda
browning
brownlov
brownman
brownpride
browns05
browns08
browns19
browns21
browns99
brownsto
brownsugar
browntro
browscap
browseui
bru27hqf
brubaker
bruce100
bruce123
bruce1961
bruce999
brucedog
brucelee
bruceway
brucewayne
bruckner
bruins00
bruins11
bruins14
bruins77
bruins99
bruiser1
bruisers
brujeria
brumbies
brunello
brunetka
brunette
brunhild
bruno007
bruno123
bruno1666
bruno200
bruno546
brunob21
brunodog
brunswic
brunswick
bruselee
brusnika
brussell
brussels
brutality
bruteforce
brutus01
brutus11
brutus12
brutus44
brutus69
brutus99
bruxelle
bruxelles
bry23kwz
bryan123
bryant24
bryce123
bryck5bt
brynmawr
bsabbath
bsads716
bsanders
bschmuec
bshanner
bsheep75
bsquared
bstaf1fo
bteyslab
btimmons
btzhsepa
bu11shit
bu11wink
bu76e1wc
bu7re8au
bubabuba
bubba100
bubba111
bubba122
bubba123
bubba14090
bubba200
bubba2000
bubba222
bubba247
bubba5292
bubbabear
bubbabob
bubbaboo
bubbaboy
bubbabub
bubbacat
bubbadog
bubbagum
bubbagump
bubbajoe
bubbalini
bubbaloo
bubbaluv
bubbaman
bubbaone
bubbaroo
bubble01
bubble14
bubble33
bubblebox
bubblebu
bubblebutt
bubblecat
bubblegu
bubblegum
bubblegum1
bubblehead
bubbles1
bubbles12
bubbles123
bubbles2
bubbles3
bubbles4
bubbles5
bubbles7
bubbles9
bubbless
bubby123
bubbydog
bubipump
bubsbubs
bubububu
bubulina
bucabuca
bucaneer
bucanero
bucarest
buccanee
buccaneer
buccaneers
bucefalo
buceta123
buceta2007
bucetinha
bucetuda
buchanan
buchanan1
buchholz
buchmann
buck1234
buck2000
buckaroo
buckbuck
buckdeer
buckeroo
buckethe
buckethead
buckeye0
buckeye1
buckeye3
buckeye6
buckeye7
buckeyes
buckeyes1
buckfast
buckfutt
buckhall
buckhead
buckhorn
buckingh
buckingham
buckland
buckler0
buckley1
buckmast
bucknake
bucknell
bucknuts
buckshot
buckskin
buckssss
buckstar
buckster
buckstop
bucktown
buckweat
buckweet
buckwhea
buckwheat
buckwild
bucurest
bucuresti
budabuda
budakpandai80
budakyz1
budapest
budbundy
buddamus
buddbudd
buddha00
buddha10
buddha12
buddha122
buddha69
buddhism
buddhist
buddies1
buddmann
buddy000
buddy001
buddy007
buddy101
buddy111
buddy123
buddy127
buddy200
buddy321
buddy420
buddy777
buddy888
buddybea
buddyboy
buddybud
buddybuddy
buddycat
buddydog
buddydog1
buddyguy
buddylee
buddylove
buddyluv
buddyman
budgeons
budgiebu
budha123
budlight
budlight1
budman22
budndrew
budsmoke
budsmoker
budweise
budweiser
budweiser1
budweiser2
budwiese
budwiser
budwizer
buenavista
buendler
buenosaires
buersche
buffa000
buffallo
buffalo0
buffalo1
buffalo2
buffalo3
buffalo4
buffalo5
buffalo6
buffalo7
buffalo8
buffalo9
buffalob
buffaloe
buffaloes
buffalos
buffbuff
buffdadd
buffett1
buffett2
buffness
buffster
buffy123
buffy1ma
buffybuf
buffydog
buffyman
buffysum
buffysummers
buffythe
buford55
bugatti1
bugeater
bugeye23
bugg6611
buggaboo
bugger13
buggered
buggerit
buggerme
buggerof
bughouse
bugleboy
bugman69
bugmenot
bugsbugs
bugsbunn
bugsbunny
bugsbunny1
bugslife
bugspray
bugssgub
bugzilla
buhftvdkf2
buhgalter
buhjvfybz
buhshfpevf
buick1998
buick455
build123
builder1
builders
building
buildings
bujangan
bujhm1108
bujhm123
bujhm1976
bujhm1992
bujhmbujhm
bujhmhekbn
bujhtdbx
bujhtdyf
bujhtirf
bujinkan
bukashka
bukkake1
bukkake2
bukowski
bulabula
bulafiji
bulanova
bulat1996
bulatova
bulawayo
bulbasaur
bulbesox
buldogue
buldozer
bulgakov
bulgakova
bulgaria
bulkhead
bullbear
bullbull
bullcrap
bulldawg
bulldog0
bulldog1
bulldog2
bulldog3
bulldog4
bulldog5
bulldog6
bulldog69
bulldog7
bulldog8
bulldog9
bulldogg
bulldogs
bulldogs1
bulldoze
bulldozer
bullet01
bullet11
bullet123
bullet69
bullet77
bulletin
bulletproof
bullets1
bullfrog
bullfrog1
bullhead
bullhorn
bullmastiff
bullnose
bullnuts
bullnuts2003
bullocks
bullomvp
bullride
bullrider
bullrush
bulls123
bullseye
bullsfan
bullsh1t
bullshark
bullshi1
bullshit
bullshit1
bullwhip
bullwink
bullwinkle
bully123
bullyboy
bulochka
bulverde
bulwinkl
bumbar23
bumbarash
bumblebe
bumblebee
bumbling
bumbumbu
bumbumbum
bumer777
bumerang
bumerbumer
bump6931
bumpers1
bunch009
bunda123
bundulis
bundyrum
bungalow
bungh0le
bunghole
bungholi
bungholio
bunker12
bunkerfly
bunkyboy
bunnies1
bunnihoni
bunny123
bunny2000
bunnyboo
bunnyboy
bunnybun
bunnybunny
bunnycat
bunnyhop
bunnyluv
bunnyman
bunnymen
bunnyrabbit
bunty123
buongiorno
buratino
burbank1
burberry
burdette
burebist
burgandy
burger01
burger12
burger69
burgerki
burgerking
burghguy
burglar1
burgoyne
burgundy
burkhart
burlakova
burlbed2
burlbird
burlbook
burlchai
burlcouc
burldesk
burldoor
burlfish
burlfloo
burlgoat
burlingt
burlington
burlpen44
burlpony
burlroad
burlroof
burlsink
burltree
burnbaby
burnburn
burnette
burnley1
burnout1
burnside
burpburp
burrfoot
burrhead
burriana
burrito1
burritos
burrobon
burrough
burrows1
burton12
burton13
burton99
burtonst
burunduk
busa1300
buscando
busdrive
busdriver
bush2004
bushbaby
bushbush
bushido1
bushmast
bushmaster
bushmill
bushnell
bushwack
bushwacker
bushwick
bushwood
busines1
business
business1
business123
businessbabe
bustanut
buster00
buster01
buster03
buster04
buster05
buster06
buster10
buster101
buster11
buster12
buster123
buster13
buster14
buster16
buster19
buster20
buster2000
buster21
buster22
buster23
buster25
buster32
buster33
buster34
buster42
buster44
buster65
buster66
buster69
buster77
buster78
buster81
buster83
buster88
buster98
buster99
busterbo
busterbr
busterdo
busterdog
bustin23
bustlust
butch123
butchdog
butcher1
butchers
buterfly
butkus51
butler55
butler99
butlerandsly
butmunch
butt2000
buttbutt
buttchee
buttcheese
butter11
butter12
butter24
butter69
butterac
butterba
butterball
butterbe
butterbean
buttercu
buttercup
buttercup1
buttered
butterfi
butterfl
butterflies
butterfly
butterfly1
butterfly2
butterfly25
butterfly3
butterme
butternu
butternut
butters1
buttersc
butterscotch
butterst
buttery1
buttfac3
buttface
buttfuck
butthea1
butthead
butthead1
butthole
buttkiss
buttlick
buttlove
buttman1
buttmann
buttmonk
buttmonkey
buttmunc
buttmunch
buttnutt
buttocks
button12
buttons1
buttons2
buttplug
buttrock
butts123
buttsex1
buttslam
buttslut
buttugly
buttwipe
butupuki
buunderk
buy90ssk
buyfnmtd
buyfnmtdf
buyfntyrj
buystuff
buziaczek
buzzard1
buzzards
buzzbait
buzzbomb
buzzbuzz
buzzcock
buzzfunk
buzzfuzz
buzzhead
buzzkill
buzzman1
buzzword
buzzyboy
buzzzzzz
bv931op1
bvac0324
bvantage
bvc7xr635
bvgthfnhbwf
bvgthfnjh
bvhix707
bville24
bvncnbnvvbn
bvvtkmcnjhy
bwanadik
bwcc2009new
bxdsahsxk
byabybnb
byajhvfnbrf
byajhvfwbz
byascythe
byascyther
bybdinu1
bycgtrnjh
bycnbnen
bycnhevtyn
bydesign
byebye19
byington
byjcnhfytw
byjrtynbq
bynebwbz
bynthathtywbz
bynthrhjcc
bynthyfn
bynthytn
byntkktrn
byntuhfk
byntuhfwbz
byrdbpbnjh
byrdbpbwbz
byrjuybnj
byron123
byronbay
bytheway
byufkbgn
byusdg23
byusucks
byyf1991vensuper
byyjrtynbq
c.ronaldo
c04fa372a7
c06ff265
c0cac0la
c0l0rad0
c0ltrane
c0m1cb00k
c0m1cb00kdb
c0mput3r
c0mputer
c0nfus3d
c0ntr0ls
c0rnwall
c0rvette
c0sw0rth
c0urtney
c0xswa1n
c1234567
c123456789
c12h22o11
c1c2c3c4
c1c2c3c4c5
c1f1i1f1
c1f2i3f4
c1h9n9i1
c212bb587
c24woods
c2766605
c32649135
c3hfpyteuflftim
c3p0r2d2
c3poc3po
c3por2d2
c43dae874d
c43qpul5rz
c459df55
c4jx7u4uoi
c4m28549
c5galaxy
c5vbwl6k
c6g38kinsl
c7130c0406
c72e74a2
c78r51l0
c79901277
c7e4f8ezqh
c8irepost
c970c88c
c9rjuxzm
cab4ma99
caballer
caballero
caballos
cabbage1
cabbages
cabbie23
cabernet
cabibble
cabinboy
cabinets
cabir123
cabledog
cableguy
cableman
cabocabo
caboose1
cabowabo
cabriole
cabriolet
caca1234
cacacaca
cacahead
cacamaca
cacapipi
cacapopo
cacheton
cachonda
cachondo
cachorra
cachorro
cachorros
cactusjack
cadaques
cadberry
caddilac
caddyman
caddysha
caddyshack
cadence1
cadillac
cadillac1
cadr14nu
cae7sar2
caerdydd
caesar01
caesar12
caesar1962
caesar21
caesar74
caesar88
caesaron
cafecafe
caffeine
caffiene
caffinee
caffreys
cagliari
cagliostro
cahek0980
cain2632
caitlin1
caju1329
cajunboy
cajunman
cakecake
cakewalk
cal18950
cal77der
calabash
calabaza
calabres
calabrese
calabria
calafelt
calamares
calamari
calamaro
calamity
calandra
calavera
calbears
calcavecchia
calcetto
calcity1
calculat
calculator
calculus
calcutta
caldera1
calderon
caldwell
caleb123
caledoni
caledonia
calendar
calender
calenicno1
calexico
calgary1
cali1234
cali4nia
caliban5
calibrat
caliburn
calicali
calico11
caliente
calientes
californ
californi
california
california1
caligirl
caligul1
caligula
calilove
calimera
calimero
calisto1
callahan
callaway
callcall
callejero
callerid
callgirl
callie12
calliope
callista
callisto
callofdu
callofduty
callofduty123
callofduty4
callofduty5
calloway
callrunoncea
callscesetup
callsign
callum123
calmdown
calmered
calogero
calstate
calstorm
calvados
calvin01
calvin10
calvin11
calvin12
calvin123
calvin13
calvin23
calvin25
calvin26
calvin56
calvin66
calvin69
calypso1
cam19801
camaguey
camaleon
camaleun
camarada
camarilla
camaro01
camaro11
camaro22
camaro28
camaro67
camaro68
camaro69
camaro70
camaro79
camaro82
camaro88
camaro91
camaro94
camaro95
camaro99
camaroph
camarors
camaross
camaroz2
camaroz28
camasutra
cambiami
cambodia
cambria1
cambridg
cambridge
camden01
camdsh20
camdton2
camel123
camel420
camel666
cameleon
camelfil
cameljoe
camellia
camellig
camelman
camelmit
camelot1
cameltoe
cameocat
cameosis
camerama
cameraman
cameron0
cameron1
cameron11
cameron12
cameron2
cameron21
cameron22
cameron23
cameron24
cameron3
cameron4
cameron5
cameron6
cameron7
cameron9
cameron97
camerond
camerone
cameronn
camerons
cameroon
cameroun
camgirls
camilla1
camille1
camille2
caminero
caminiti
camiseta
cammello
cammeray
camneely
camoufla
camouflage
camp0017
camp2000
campagno
campagnolo
campaign
campanit
campanita
campbe11
campbel1
campbell
campbell1
campbellsport
campeche
camper99
camperva
campfire
campinas
campione
campioni
campjahn
campkill
campsite
campus100
camshaft
camvid20
camvid30
can'tremember
canabiss
canada00
canada01
canada06
canada11
canada12
canada123
canada19
canada20
canada22
canada23
canada66
canada69
canada75
canada77
canada99
canadaeh
canadarr
canadian
canadian1
canadians
canadien
canadiens
canar1es
canarias
canaries
canarino
canarsie
canberra
cancelle
cancer45
cancer69
cancer76
cancerma
canchola
cancun09
candace1
candance
candelar
candice1
candice2
candidate
candies2
candiman
candiria
candle98
candlebo
candpass
candy123
candy4me
candyass
candybab
candybar
candyboy
candycan
candycandy
candycane
candycat
candydish
candyeater
candyfinger
candyfloss
candygir
candygirl
candylan
candyland
candyman
candypop
cane1000
canecane
canes371
canesfan
canfield
cangetin
cani1234
caniinac
canilive
canislup
canister
cannabis
cannabis1
cannabis90
cannavaro
cannelle
cannibal
cannibis
cannibus
cannonba
cannonball
cannonda
cannondale
canon10d
canon123
canoncanon
canoneos
cantbefa
cantdoit
canterbu
canterbury
canticle
cantjump
cantona07
cantona1
cantona7
cantrell
cantstop
canttell
cantwait
canucks1
canyamel
cap.2006
capa2009
capacity
caparica
capebobbi
capecod1
capedina
capedory
capefear
capehorn
caperuci
caperucita
capetown
capilla951
capitain
capitaine
capital1
capital2
capital5
capitale
capitalo
capitalone
capitals
capitano
capitola
capitole
capo9730
capoeira
capone12
caponord
cappello
cappucci
cappuccino
caprice2
capricho
capricor
capricorn
capricorn1
capricorni
capricornio
capriott
caprisun
caprone00
capslock
capslock1
capstick
capsules
captahab
captain0
captain1
captain11
captain12
captain2
captain3
captain5
captain6
captain7
captain8
captain9
captaina
captainb
captainc
captaind
captainh
captaink
captainm
captains
captjack
captkirk
captmike
captured
capuchin
capucine
capulina
capybara
car12345
car4sale
carabeth
carabine
caracara
caracarn
caracas1
caracola
caracole
caracoles
caracter
caraculo
caracus66
caralho1
caramail
caramba100500
carambar
carambas
carambol
caramel1
caramel2
caramel3
carameli
caramelito
caramell
caramella
caramelo
carantin
caraudio
caravaggio
caravans
caravell
carbon12
carbon123
carbon14
carcass1
carcrash
card1nal
cardamom
cardboar
cardcard
cardenas
cardgame
cardiff1
cardigan
cardinal
cardinal1
cardinals
cardinals1
cardio20
cardiology
cards110
cardsfan
cardunal
cardwell
care1839
carebear
carebear1
carebears
carefree
careless
caretake
carhartt
caribadive
caribbea
caribbean
caribean
carillon
cariniema
carissa1
carla123
carla1970
carlbach
carlcarl
carleone
carleton
carletto
carling2
carlisle
carlito1
carlitos
carljung
carlocarlo
carlos01
carlos07
carlos10
carlos11
carlos12
carlos123
carlos1234
carlos13
carlos14
carlos15
carlos19
carlos22
carlos25
carlos26
carlos64
carlos68
carlos69
carlos77
carlos86
carlos98
carlos99
carlosjr
carlotta
carlsaga
carlsbad
carlsber
carlsberg
carlson1
carlsson
carlton1
carlton2
carmasso
carmelina
carmelit
carmelita
carmella
carmello
carmelo1
carmelo15
carmen00
carmen01
carmen02
carmen12
carmen123
carmen30
carmen69
carmenci
carmencit
carmichael
carmilla
carmine1
carnage1
carnahan
carnales
carnation
carnaval
carnegie
carneiro
carnifex
carnival
carnivor
caro1968
carocaro
carokann
carol123
carol198
carol1na
carolann
carolbe3
carolcox
caroleen
caroless
carolien
carolin1
carolina
carolina1
caroline
caroline1
caroline2
carollee
carolsue
carolyn1
carolyn8
carolyne
carolynn
carousel
carpedie
carpediem
carpediem69
carpente
carpenter
carpenter1
carpentr
carpet22
carpfish
carquest
carramba
carranza
carrasco
carraway
carrefour
carrera1
carrera2
carrera4
carrera8
carrerag
carreras
carreter
carriage
carrick1
carrie28
carriean
carrieann
carrier1
carrigan
carrillo
carringt
carroll1
carrot39
carrotto
carryon1
cars1234
carsales
carscars
carson12
carsten1
carsten2
carswell
cartagen
cartagena
cartelli
carter01
carter11
carter12
carter15
carter2010
carter41
carter80
carteret
carthage
carthago
cartman1
cartman2
cartman5
cartman6
cartman69
cartman7
cartman8
cartmann
cartmans
cartoon1
cartoon123
cartoon5
cartoon7
cartoons
cartouch
cartwheel
cartwright
carvalho
carwash1
casablan
casablanca
casablanka
casacasa
casamm69
casandra
casanova
casanova1
casarini
casavant
casbah49
cascade1
cascades
case2388
casebook
caselogi
casey100
casey111
casey123
caseyboy
caseycas
caseydog
caseyjoe
caseylee
caseylou
caseyman
cash1234
cash12345
cash1943
cash1985
cash2000
cash2274
cashcash
cashflow
cashless
cashman1
cashmere
cashmone
cashmoney
cashmoney1
casillas
casimiro
casino123
casino21
casio123
casiocasio
casiofin
casiopea
casmcasm
casper00
casper01
casper10
casper11
casper12
casper123
casper13
casper19
casper20
casper22
casper23
casper234
casper31
casper33
casper69
casper76
casper99
cassandr
cassandra
cassanov
cassanova
casscass
cassette
cassiane
cassidy1
cassie01
cassie11
cassie12
cassie13
cassie69
cassiope
cassiopea
cassius6
cassoule
casstech
castagno
castaneda
castania
castanza
castaway
castella
castello
castilla
castille
castillo
castings
castiron
castle11
castle14
castlevania
castrate
castrol1
casualty
caswell1
cat12345
cat1dog2
cata1985
cataclysm
catacomb
catalano
catalin1
catalina
catalog1
catalog9
catalunya
catalyst
catamoun
catamount
catanddog
catapult
cataract
catarina
catastro
catatoni
catcatca
catcatcat
catch222
catch2222
catcher1
catdaddy
catdog12
caterham
caterina
catering
caterpil
caterpillar
catfight
catfish1
catfish2
catfish3
catfish4
catfishs
catharine
catharsi
catharsis
cathcart
cathedral
catherin
catherine
catherine1
cathexis
cathleen
catholic
cathomra
cathouse
cathrine
cathy123
catilina
catinhat
catinthehat
catlover
catman12
catmando
catocato
catolica
catpower
catracho
catriona
cats1234
catscats
catsdogs
catseyes
catshark
catskill
catsmeow
catspaws
catsrule
catsrule1
catsrvps
catsterr
cattails
cattleya49
cattman3
catullus
catwoman
catwomen
catzilla
caudillo
cauldron
caulfield
caution1
cavalera
cavalie1
cavalier
cavaliere
cavaliers
cavalry1
cavanagh
cavanaugh
cavebear
caveman0
caveman1
cavender
cavendis
cavendish
cavjatbi
cavscout
caw10fxy
caxiteju
cayetano
cazzarol
cazzimie
cazzimiei
cazzocazzo
cazzoduro
cb123456
cb156caa
cb3be910b65
cb9tocjiab
cbarkley
cbcbcbcb
cbcbgbcb
cbcflvby
cbd5387838
cbdbpass
cbew8695
cbhtytdsq
cbhtytdtymrbq
cbkmvfhbkkbjy
cbljhjdf
cbljhtyrj
cbnybrjd
cbnybrjdf
cbotcbot
cbr1000f
cbr1000r
cbr1000rr
cbr1100x
cbr1100xx
cbr600f2
cbr600f3
cbr600f4
cbr600fs
cbr600rr
cbr900rr
cbr929rr
cbr954rr
cbubpveyl
cbufhtnf
cbvajybz
cbvathjgjkm
cbvcbvjnrhjqcz
cbvfrjdf
cbvgcjys
cbvjytyrj
cbvjyxbr
cbvtycbyjrbz
cbyjgnbr
cbyuekzhyjcnm
cbyufgeh
cc120156
cc123456
cc3036302
ccbill12
ccbill124
ccbillte
cccc1111
ccccccc1
cccccccc
ccccccccc
cccccccccc
cccckkkk
ccd89eaac
ccddee11
ccdecode
cchaiyas
ccxxzzcz
ccy26720
ccyndiii
cdavis2000
cdbhbljd
cdcdcdcd
cde1fe414
cde32wsx
cde34rfv
cde3vfr4
cde453296
cdewsxzaq
cdexswzaq
cdfcnbrf
cdh43624
cdma2000
cdnamrna
cdplayer
cdsnkfyf
cdthlkjdcr
cdtnekmrf
cdtnf123
cdtnf1988
cdtnfcdtnf
cdtnj4rf
cdtnjajh
cdtnjxrf
cdtnkfyf
cdtnkfyf1
cdtnkfyf20
cdtnkfyrf
cdtnkzxjr
cdw61494
cdznjckfd
ce5939ae
ceballos
cebucity
cecilia1
cedjhjdf
cedrick1
cegthcnfh
cegthgegth
cegthgfhjkm
cegthlegth
cegthujdyj
cegthvtuf
cegthvty
cehjxtrbrjn
ceilidh1
ceilings
ceisi123
celebgir
celebrat
celebrate
celebration
celebrex
celebrit
celebrity
celentano
celerity
celeron1
celeron5
celeste1
celeste2
celeste7
celestia
celestial
celestic
celestin
celestina
celestine
celestino
celestro
celibida
celica00
celica01
celica20
celicagt
celicagts
celinedion
cellardo
cellardoor
cellnetw
cellphon
cellphone
cellular
celtic01
celtic12
celtic16
celtic18
celtic1888
celtic22
celtic33
celtic67
celtic88
celticfc
celtics1
celtics3
celtics33
celtics8
celtique
celular1
cemebet6
cement21
cemented
cemetery
cencaleb1
cenicero
cenobite
censored
centauri
centauro
centaurs
centenar
centenni
centerfi
centerfo
centinel
central1
central2
central7
centrale
centralia
centralv
centre50
centrevi
centrgroup
centrino
centurio
centurion
century1
century2
cepseoun
ceramica
ceramics
cerber148
cerberus
cerbycsy
cercvadze
cerebral
cerebrum
cerebrus
cerebus1
cerf1234
cerfcerf
cerfcerfcerf
cerfgblfhfc
cerfnegfz
cerfrfhftn
cerfytktpmdfrr
ceridian
ceridwen
cernunno
cerritos
certclas
certific
certifie
certified
cerulean
cervante
cervantes
ces6hclk
cesar123
cesare01
cespedes
cessna01
cessna07
cessna15
cessna17
cessna172
cesspool
cestlavie
cevckbz928
cevthrb123
cexjyjr1
cezer121
cf273db6
cf29if10547
cfahjyjd
cfajyjdf
cfcbnthuy
cfdbyjdrf35
cfdtkmtdf
cfdxtyrj
cfgbkend
cfiekmrf
cfiektymrf
cfif1234
cfif12345
cfif1982
cfif1985
cfif1993
cfif1997
cfif1999
cfif2000
cfif2001
cfif2002
cfif2005
cfif2009
cfif2010
cfifcfif
cfifcfifcfif
cfiflehf
cfifnfyz
cfifvfif211
cfirfhekbn
cfirfrfrfirf
cfitymrf
cfkfvfylhf
cfkmdfljh
cflxbrjdf
cfnfybcns1
cfnfyf666
cfr43edx
cft67ujm
cft67ygv
cft6vgy7
cfvfhrfyl
cfvfzcfvfz
cfvfzcxfcnkbdfz
cfvfzkexifz
cfvfzrhfcbdfz
cfvfzvbkfz
cfvjcdfk
cfvjqkjd
cfvjqkjdf
cfvjqktyrj
cfvjythajhtdf
cfvlehfr
cfvnfrjq
cfycbnb527
cfycfysx
cfynbvtnh
cfytr123
cfytrcfytr
cfyz1993
cfyzcfyz
cfyzhekbn
cgbhbljy
cgbhbljyjd
cgbhbljyjdf
cgbyjuhsp
cgfcbntgr
cgfcbujcgjlb
cgfcfntkm
cgfctybt
cgfhnfrvjcrdf
cgfhnfrxtvgbjy
cghbtpljv6
cghbynth
cghfdjxybr
cghfdtlkbdjcnm
cgjhncvty
cgjldsgjldthnjv
cgjrjqcndbt
cgktnybwf
cgn00729
cgtkcbyuth
cgtwbfkbcn
cgtwyfp777
cgzfrhuf
ch1ldren
ch1n0sux
ch1tt1ck
ch3ch2oh
ch3hali1
ch4nnel0
chachach
chachacha
chaching
chacmool
chad1234
chadchad
chaddock
chadmurray
chadwick
chaichai
chaikovsky
chaingang
chainmai
chainnet
chainsaw
chair123
chairchair
chairleg
chairman
chakazul
chakazulu
chakkala
chakotay
challeng
challenge
challenger
chalmers
chalmette
chamberl
chambers
chambord
chameleo
chameleon
chaminad
chamonix
chamorro
champ123
champagn
champagne
champers
champion
champion1
champion24
champions
champlain
champloo
champs01
chan1215
chanakya
chance03
chance11
chance12
chance13
chance22
chance32
chance69
chancell
chanchal
chanchan
chanclas
chandana
chandigarh
chandini
chandler
chandler1
chandra1
chandram
chandran
chandras
chandrika
chanel09
chanelle
chanelli
chang3m3
change00
change12
change123
change99
changed_due_to_fraud
changeit
changelangms
changeme
changeme1
changepa
changes1
changeup
changing
changito
changkyu
changnoi
changpee
channel0
channel1
channel2
channels
channing
chanshin
chantal1
chantale
chantel1
chantell
chantelle
chantill
chantilly
chao-yan
chaochao
chaofeng
chaos666
chaos888
chaospas
chaossss
chaotic1
chaparra
chaparrit
chaparro
chapchap
chaplain
chaplin1
chapman1
chapmanpk1995
chapmans
chappell
chappers
chappy12
chapstic
chapstick
chapter1
chapters
characte
character
characters
charchar
charchsr
charcoal
charctxt
chardonn
chardonnay
charger1
charger6
charger69
charger7
chargers
chargers1
chargers21
charging
charisma
charissa
charisse
charity1
charizard
charlata
charleen
charlena
charlene
charles0
charles1
charles12
charles123
charles14
charles2
charles21
charles23
charles3
charles4
charles5
charles6
charles69
charles7
charles8
charles9
charlesa
charlesb
charlesc
charlesd
charlesdon
charlesk
charlesm
charless
charlest
charleston
charlesw
charley1
charlie0
charlie01
charlie07
charlie1
charlie10
charlie11
charlie111
charlie123
charlie18
charlie2
charlie3
charlie33
charlie4
charlie5
charlie6
charlie7
charlie8
charlie9
charlieb
charlieboy
charliebrown
charliec
charlied
charlied0g
charliedog
charliee
charlieg
charlieh
charliel
charliem
charliep
charlier
charlies
charliet
charliew
charline
charlize
charlot1
charlota
charlote
charlott
charlotte
charlotte1
charlton
charly12
charly25
charly88
charmain
charmaine
charmander
charmane
charmant
charmed1
charmed2
charmed3
charming
charmuta
charrito
charter1
charters
chartier
charybdi
chas1162
chase101
chase123
chase911
chaseman
chaser12
chasseur
chassis1
chastity
chatchat
chateaux
chatham1
chatline
chatnoir
chatou1l
chatouille
chatroom
chatter1
chatterbox
chatters
chatting
chaucer1
chaudhary
chaudhry
chauffeur
chauncey
chauncy1
chavarri
chawanxan
chazchaz
chbfloyd
chealsea
cheaphornybastar
cheaphornybastard
cheaptri
cheaptrick
cheater1
cheaters
cheatham
cheating
cheburashka
cheburator
cheburek
chechnya
check123
checkboo
checkcar
checker1
checkers
checking
checkinglevel
checkito
checkitout
checkman
checkmat
checkmate
checkmeo
checkout
checksix
checola1
cheddar1
cheddars
cheechee
cheekymonkey
cheelion
cheer123
cheerful
cheering
cheerios
cheerlea
cheerleade
cheerleader
cheerleaers
cheers16
cheers2u
cheese01
cheese10
cheese101
cheese11
cheese12
cheese123
cheese13
cheese15
cheese23
cheese27
cheese33
cheese69
cheese72
cheese88
cheese99
cheeseballs
cheesebu
cheeseburger
cheeseca
cheesecake
cheesedi
cheesehe
cheesema
cheeseman
cheetah1
cheetah2
cheetah3
cheetahs
chefchef
chefkoch
cheftj78
chegevara
cheggers
cheguevara
cheguevara1
chehali1
chehalis
chekmate
chel0328
chelidze
chelmsfo
chelovek
chelsea0
chelsea01
chelsea1
chelsea10
chelsea11
chelsea12
chelsea123
chelsea1905
chelsea2
chelsea25
chelsea3
chelsea4
chelsea5
chelsea6
chelsea7
chelsea8
chelsea9
chelseab
chelseaf
chelseafc
chelseas
chelsey1
chelsie1
chemaine
chemical
chemist1
chemistr
chemistry
chemnitz
chemodan
chempion
chen0000
cheney19
cheow-to
chepalle
chepizenko
chepugay
chequers
cher0kee
cherelle
cherisse
cherkashina
chernenko
chernikov
chernoby
chernobyl
chernova
cherokee
cherokee1
cherries
cherry11
cherry12
cherry123
cherry13
cherry15
cherry20
cherry69
cherry73
cherryco
cherrycoke
cherrypi
cherrypie
cherrypo
cherrytr
cherrytree
cherubim
chesapea
cheshire
chessie1
chessiem
chessman
chessmas
chessmaster
chester0
chester07
chester1
chester12
chester1220
chester123
chester2
chester3
chester4
chester5
chester6
chester7
chester8
chester9
chesterd
chesterf
chesterfield
chesters
chestert
chestman
chestnut
chestnut1
chethefu
chetwynd
chevalie
chevalier
chevell2
chevelle
chevette
chevigno
chevrole
chevrolet
chevrolet1
chevy0124
chevy123
chevy1500
chevy195
chevy196
chevy200
chevy327
chevy350
chevy400
chevy404
chevy454
chevy4x4
chevyboy
chevycha
chevyman
chevynov
chevynova
chevys10
chevytrk
chevytru
chevytruck
chevytrucks
chevyvan
chevyz24
chevyz28
chevyz71
chewbaca
chewbacc
chewbacca
chewchew
chewy123
chewydog
chexrice
cheyanne
cheyenne
cheyenne1
chezochek
chglogon
chgobndg
chi74casu
chia-hua
chia-lin
chia-yin
chiana19
chiangmai
chibears
chibuike
chibulls
chicago0
chicago1
chicago2
chicago23
chicago3
chicago4
chicago5
chicago6
chicago7
chicago8
chicago9
chicagob
chicagobulls
chicagoc
chicagos
chicaner
chicargo
chicco22
chichago
chicharito
chicheng
chichest
chichester
chichi13
chichiri
chickade
chicken0
chicken1
chicken12
chicken123
chicken2
chicken3
chicken4
chicken5
chicken6
chicken7
chicken8
chicken9
chickenb
chickenbutt
chickenc
chickenh
chickenhawk
chickenman
chickens
chickenwing101
chickies
chickles
chicklet
chicks77
chico123
chicodog
chicoman
chidoone
chidori1
chiebradrieri
chief123
chief1234
chiefchi
chiefdog
chiefs58
chieftai
chieftain
chieftan
chiefton
chiemsee
chiggi99
chihchia
chihuahu
chihuahua
chijioke
chikenlove
chilango
chilavert
childers
childish
children
children2
children3
children4
children5
childres
chilidog
chilipepper
chillers
chillie8
chillies
chillin0
chilling
chillout
chillywilly
chiltern
chimaera
chimaira
chimchim
chimera1
chimera2
chimezie
chimpanz
china123
china200
chinacat
chinadog
chinadol
chinadoll
chinagir
chinakin
chinaman
chinaski
chinatow
chinatown
chinchil
chinchilla
chinchin
chinese1
chinesep
chingada
chingado
chingate
chingchi
chingching
chingo01
chingon6
chinka12
chinook1
chipchip
chipchop
chiphead
chiphi96
chiplirm
chipmonk
chipmunk
chipolino
chipotle
chipper1
chipper10
chipper2
chipper3
chipper7
chipper9
chippers
chippewa
chippy33
chips123
chipsets
chipshot
chipster
chiquill
chiquita
chiquiti
chiquitin
chiquito
chirodoc
chiropra
chisheng
chisholm
chisinau
chispita
chiswick
chitarra
chitchat
chitchit
chitown1
chitown2
chittagong
chitwood
chivalry
chivas01
chivas10
chivas11
chivas12
chiyeuminhem
chjobral
chloe111
chloe123
chloe200
chloe247
chloeann
chloecat
chloechloe
chloedog
chloride
chlorine
chobits1
chocha10
chocha28
chochita
choclate
chocobos
chococat
chocola1
chocolade
chocolat
chocolate
chocolate1
chocolate12
chocolate2
chocolate5
chocolate7
chocolate88
chocolates
chodaboy
choder78
chogchog
choirboy
chokolate
cholco01
chompers
chomsky1
chonchee
chonchon
chong123
chooch23
choochie
choochoo
choosing
chopchop
chopin67
chopper0
chopper1
chopper2
chopper6
chopper69
chopper7
chopper9
choppers
choppy12
chopshop
chopstic
chopstix
chopsuey
chord328
chosenone
chostomo
chouchou
chouette
choupett
choupette
chowchow
chowdary
chowdhur
chowhoun
chowmein
chris001
chris007
chris0304
chris100
chris111
chris123
chris1234
chris12345
chris143
chris149
chris197
chris198
chris199
chris200
chris2000
chris222
chris313
chris4me
chris508
chris666
chris888
chris911
chris999
chrisand
chrisbln
chrisbrown
chriscar
chrischr
chrischris
chriscra
chrisman
chrispen
chrisreh
chrisrey
chrissie
chrissy1
chrissy2
christ01
christ07
christ12
christa1
christabel
christain
christal
christan
christch
christel
christell
christelle
christen
christensen
christer
christi1
christia
christiaan
christian
christian0
christian1
christian5
christiana
christiane
christiano
christie
christin
christina
christina1
christina2
christine
christine1
christma
christmas
christmas1
christo1
christof
christoffer1
christop
christoph
christophe
christopher
christopher1
christos
christus
christy0
christy1
christy2
chromium
chronic1
chronic420
chronicle
chronics
chronocross
chrysler
chrystal
chrystel
chtlcndj
chubby12
chubby123
chubchub
chuchita
chuchundra
chuck001
chuck123
chuck652
chuckie1
chuckle1
chuckles
chuckman
chucknorris
chucks94
chuckste
chudchud
chuen-ch
chugunov
chujciwdupe
chukanov
chukotka
chukwudi
chuluthu
chumchum
chumley4870
chun-lin
chung-na
chunky12
chupacab
chupacabra
chupacabras
chupachups
chupakabra
chuquinn
churches
churchil
churchill
chutchut
chutzpah
chuy7616
chwittiw
ci1ga2re
cia12345
ciadci99
ciaobaby
ciaociao
ciaociao1234
ciara7191
cibaejmi
ciccione
cichlids
ciclismo
cicocico
ciderman
cidkid86
cidsinga
cielbleu
cigarbox
cigarett
cigarette
cigarettes
cigarman
cilantro
cillyang
cimarron
cimbombo
cimbombom
cimwin32
cincadze
cincinna
cincinnati
cincotta
cindelyn
cinder12
cinderel
cinderell
cinderella
cinders1
cindy123
cindylee
cindylou
cindylov
cindysue
cinemabizarre
cinemaxx
cinerama
cingular
cinnabar
cinnam0n
cinnamin
cinnamon
cinquece
cinzenta
cipan7412
cippalippa
cipriann
cipriano
circle77
circuits
circulat
circus99
cirederf
cireeric
ciretose
cirmikzaken
cisco123
ciscok1d
ciscokid
cisneros
citabria
citadel1
citadell
citation
citbanna
citibank
citizen1
citizen2
citizens
citroen1
citroena
citroenc
citycity
citygirl
cityhall
cityhunt
cityhunter
cityline
cityofangels
cityrno1
cityview
civic199
civic200
civicsir
civileng
civilian
civility
civiliza
civilization
civilwar
cixoxike
cjabz2006
cjamchild
cjames99
cjcbcerf
cjcbcjxrf
cjcbcmrf
cjcbpfkege
cjcfnmdctv
cjcyjdrf
cjdthitycndj
cjdthityyjctrhtnyj
cjdtncrfz
cjdx42az
cjghjvfn
cjhjrbyf
cjkjdmtd
cjkjdmtdf
cjkjdtqrf
cjkjvbyf
cjklfnbr
cjkm14881488
cjkysirj
cjkysirj1
cjkysirjvjt
cjkytxyfz
cjkywt1402
cjkywtvjt
cjnybrjdf
cjohnson
cjpdtplbt
cjplfntkm
cjrhjdbot
cjrjkjdcrbq
cjrjkjdf
cjustklp6l
cjwbjkjubz
cjxb2014
cjxfsl27
cjybthbrcjy
cjyeteyx
cjyz2002
cjyz2005
cjyz2009
cjyzcjyz
ck2330ha
ck6znp42
ckbgryjn
ckel1727
ckent875
ckfdenbx
ckfdenbx14
ckfdfrgcc
ckfdfuthjzv
ckfdjxrf
ckfdzyrf
ckfljcnm
ckfltymrbq
ckfltymrfz
ckhn1secri
ckjyckjy
ckjyjgjnfv
ckjyjgjnfvs
ckjytyjr
cktljgsn
claddagh
clairefo
clairsie
clambake
clampit7
clandestino
clansman
clanwolf
clapton1
claptone
clara123
clarabel
clarabino
clare123
claremont
clarence
clarence1
clarendon
claretta
claribel
claridge
clarinet
clarinete
clarion1
clarissa
clarisse
clariton
clark123
clarkent
clarkken
clarkkent
clarkson
class200
class2007
classact
classdescrip
classic1
classic2
classic6
classic8
classica
classical
classico
classics
classifi
classified
classof0
classof07
classof08
classof09
classof1
classof201
classof2010
classof6
classof9
classroom
classwar
claudemonet
claudett
claudette
claudia0
claudia1
claudia2
claudia6
claudia69
claudia8
claudia9
claudiar
claudine
claudio1
claudius
clavicle
clavicula
clavinova
clawfinger
clawmstr
claybird
clayborn
clayclay
claymore
claypole
claypool
clayton1
clayton2
clbcatex
clean874524
cleancut
cleaner1
cleaners
cleaning
clearcre
clearnet
clearwat
clearwater
cleavage
cleburne
cledus83
cleju666
clematis
clemence
clemency
clemens1
clement1
clement2
clement6
clemente
clementi
clementin
clementine
clements
clemenza
clemmons
clemson1
clemson3
clemson8
cleo1234
cleocleo
cleonice
cleopaco
cleopatr
cleopatr1
cleopatra
cleophus
cleric17
cleric66
clermont
clevelan
cleveland
clh57680
click123
clickers
clickerx
cliconfg
cliegaliases
cliff177
cliffhanger
clifford
clifford1
cliffton
clifton1
clikaone
climber1
climbers
climbing
clinical
clinique
clinton1
clinton2
clinton9
clioclio
clipper1
clippers
clips123
clitclit
clitgirl
clitlick
clitlicker
clitlikr
clitoris
clitorus
clitring
cliweder
cliz0805
clk55amg
clkanime
clkbitch
clkchair
clkflash
clkhentai
clkhomer
clknewbie
clkparty
clkproxy
clkthesims
clkwhore
clochette
clock123
clockers
clockman
clockwor
clockwork
cloeandzoey
cloister
clonshire
clorka777
close-up
clothing
clotilde
cloud123
cloud242
cloud999
cloudnine
cloudrah
clouds11
clouds12
cloudstar
cloudstrife
clouseau
cloutier
clover12
clover22
clown123
clownass
clownboy
clownfis
clownlov
clownluv
clownman
clownsho
clrdaybg
clubbers
clubbing
clubcapt
clubcapt01
clubclub
clubfoot
clubhous
clubjenn
clubpenguin
clubspor
clubsport
clubstar88
clueless
clusters
clyde123
clydedog
cm6e7aumn9
cm7aj7ia
cmdevtgprov
cmigtvo7
cmppassw
cmptrboy
cmu9ggzh
cmxmyi9h
cnbdtyrbyu
cnboydcyy
cnctech1
cnekmxfr
cneltyn1
cneltynrf
cnfc35762209
cnfctdbx
cnfdhjgjkm
cnfhibyf
cnfhjcnf
cnfhjghfvty
cnfhsqgfhjkm
cnfkbyuhfl
cnfnbcnbrf
cnfybckf
cnfybckfd
cnfybckfd1900
cnfybckfdf
cnfylfhn
cnhbgnbp
cnhbgnbpth
cnhfnjcathf
cnhfntubz
cnhfqrth
cnhfyybr
cnhjbntkm
cnhjbntkmcndj
cnhjqrf2011
cnhtkjr1
cnhtkmybrjd
cnhtkmybrjdf
cnhtrjpf
cnjgbwjn
cnjghjwtynjd
cnjvfnjkju
cnjvfnjkjubz
cnn988651
cntafybz
cntgfirf
cntgfyblf
cntgfyjd
cntgfyjdf
cntgfytyrj
cnthdjpf
cnthdjxrf
cnthkbnfvfr
co25lumb
co861351
coach123
coaches9
coaching
coachman
coalchamber
coalesce
coalitio
coalmine
coastalvac
coaster1
coasters
coastgua
coastguard
coates45
coatings
cobacoba
cobalt22
cobalt60
cobattu8
cobblers
cobra001
cobra007
cobra100
cobra123
cobra302
cobra351
cobra427
cobra444
cobra777
cobracob
cobradiv
cobradiver
cobrajet
cobraman
cobrasqb
cobrasvt
cobretti
cocacol1
cocacola
cocacola1
cocaine1
coccinel
coccinella
cochabam
cochabamb
cocheese
cochonne
cochrane
cocicell
cock2000
cockatoo
cockblock
cockburn
cockcock
cockface
cockgobbler
cockhard
cockhead
cocklick
cocklove
cocklover
cockmast
cockmaster
cocknbal
cockring
cockroac
cockroach
cockrock
cockslut
cocksman
cocksuck
cocksucker
cocktail
coco1234
coco2000
cocoa123
cocoa1234
cocobean
cocobolo
cocobong
cococo07
cocococo
cocodril
cocodrilo
cocojambo
cocolino
cocoliso
cocoloco
cocomang
coconut1
coconuts
cocopops
cocopuff
cocorico
cocosmells
cocowawa
code1234
codeblue
codebook
codebreaker
codecode
codegeass
codename
codename47
codered1
codeword
codpiece
cody1234
cody1988
cody1992
cody2000
codybear
codycody
codydog1
codyjames
coffee01
coffee11
coffee12
coffee123
coffee22
coffee42
coffee66
coffee69
coffeebean
coffeebn
coffeecu
coffeecup
coffeema
coffeeman
cogitate
coglione
cohasset
cohf9999
cohocoho
coilover
coincoin
coinstallers
cojonudo
coka2923
cokacola
cokecoke
cokecola
cokeisit
cola2000
colacola
colchest
colchester
cold2000
coldasic
coldasice
coldbeer
coldblood
coldcash
coldcold
coldfeet
coldfile
coldfire
coldfish
coldfusi
coldfusion
coldlava
coldmilk
coldplay
coldshot
coldsore
coldstee
coldsteel
coldston
coldstre
coldwate
coldwell
cold|fusion
colecash
colecole
colegiata
coleman1
coleman2
coleslaw
colette1
colgate1
colin123
coliseum
collants
collect1
collecte
collecti
collection
collective
collecto
collector
colledge
colleen1
colleen2
college08
college1
college2
college3
collegeg
colleges
collette
collie12
collin12
collin21
collin42
collings
collingw
collingwood
collins1
collins2
collins6
collinss
collision
colnago1
colocolo
colole57
colombia
colombia1
colombian
colombo5
colombus
colonel1
colonels
colonia1
colonial
colony42
colorad1
colorado
colorado1
colorful
coloring
colossus
colt0120
colt1911
coltar15
coltcolt
coltrain
coltrane
colts123
coltsfan
colubrid
columbia
columbia1
columbin
columbus
comaddin
comadmin
comanche
comander
comandor
comandos
comandur
comatose
combat123654
combat84
combatacct1
combinat
combined
combo101
comcast0
comcast1
comctl32
comdisco
comeagain
comeback
comecaca
comecome
comedian
comedyclub
comehere
comehome
comemierda
comeonin
comercia
comet123
cometman
cometome
comewithme
comfort1
comforts
comic123
comicboo
comicbook
comicbookdb
comicbookdb1
comicbooks
comics33
comicsans
comm3000
commanch
command1
command2
commanda
commande
commander
commander1
commando
commandor
commandos
commands
commedia
comments
commerce
commerci
commercial
commilla
committe
commodog
commodor
commodore
commoncommon
commoner
commonwealth
commtech
communic
communicatio
communication
communis
communit
community
community1
commuter
comodore
comodoro
comp1234
comp967r
compac44
compact1
compacto
compadre
company1
compaq01
compaq11
compaq12
compaq123
compaq21
compaq23
compaq77
compaq99
compass1
compassi
compatibility
compatible
compatui
competit
compgod1
compiling
complain
complete
completed
completing
complex1
complian
compliance
complica
complicated
component
composer
composes
composit
composite
composte
composure
compound
compress
compressor
compro75
compton1
compton2
compton7
compudoc
compusa1
compuserve
computado
computador
computadora
compute1
computec
computer
computer1
computer10
computer12
computer123
computer2
computer3
computer7
computer9
computers
computin
computor
comrades
comrereg
comstock
comunica
conan123
concentr
concepcio
concepcion
concepts
concerto
concerts
concetta
conchita
concierg
concmarc
concord1
concorde
concordi
concordia
concords
concours
concrete
concubine
condemned
conditio
condition
condor01
condor12
condor99
condorit
conducto
conehead
conejito
conexion
coneyhall24
confeder
conferen
conference
confessi
confetti
confiden
confidenc
confidence
confident
confidential
configuratio
configure
configured
configuring
configwizard
conflict
confmrsl
confused
confused1
confusio
confusion
congoman
congress
conguito
coniglio
coniston
conjupiter
connect1
connect3
connect4
connecte
connected
connecti
connecticut
connection
connecto
connelly
conner12
connery1
connexion
connie10
connie12
connie27
connoisseur
connolly
connor01
connor02
connor04
connor11
connor12
connor123
connor98
conqueror
conquest
conquist
conrad12
conrail1
consegur
consense
conserva
conserve
consider
consilium
conspira
conspire
constabl
constanc
constance
constant
constanta
constanti
constantin
constantine
constantino
constanz
constellation
constitu
constitution
constric
constrictor
construc
construct
construction
consuela
consuelo
consult1
consulta
consultant
consulti
consulting
consume1
consumed
consumer
consumercomm
contabilida
contact1
contacto
contacts
contador
containe
contains
contender
content1
content3
content99
contentpass
contents
conterga
contessa
contest1
contests
continen
continent
continental
continuar
continue
contorti
contortionist
contract
contractor
contracts
contrail
contrary
contrase
contrasen
contrasena
contrast
contrera
contreras
control0
control1
control123
control2
control5
control6
control9
controle
controll
controller
controlp
controls
controlx
conundru
conundrum
conventi
converge
convergy
converse
conversions
converti
convertible
convince
conyeume
cookbook
cookcook
cookie01
cookie10
cookie11
cookie12
cookie123
cookie13
cookie14
cookie16
cookie20
cookie30
cookie45
cookie54
cookie59
cookie66
cookie69
cookiedough
cookieman
cookiemo
cookiemonster
cookiepuss
cookies1
cookies12
cookies1234
cookies2
cookies3
cookies4
cookiess
cookietime
cooking1
cooksdom
cool-cat
cool1234
cool12345
cool1996
cool2000
cool2010
coolbabe
coolbaby
coolbean
coolbeans
coolblue
coolboy1
coolbree
coolbsu35
coolbugi2000
coolcars
coolcat1
coolcat101
coolcat2
coolcats
coolchic
coolchip
coolcool
coolcool1
cooldeal
cooldewd
cooldog1
cooldood
cooldown
cooldude
cooldude1
cooler12
coolerblik56
coolermaster
coolfool
coolgirl
coolguy1
coolguys
coolhand
coolhouse
coolidge
coolio12
coolio123
coolio69
coolkid1
coolkids
coolluke
coolmama
coolman1
coolman2
coolmann
coolmint
coolness
coolpass
coolperson
coolpics
coolqq12
coolride
coolserg
coolshit
coolspot
coolwate
coolwater
coolwhip
cooly123
coondog1
coondogg
coopdawg
cooper01
cooper02
cooper10
cooper11
cooper12
cooper123
cooper13
cooper21
cooper22
cooper23
cooper24
cooper33
cooper44
cooper45
cooper69
cooper99
cooperdh
coopersp
coopster
coors123
coorslig
coorslight
coorslit
coorslite
cooter20
cooter69
copacaba
copacabana
copaceti
copeland
copenhag
copenhagen
copernic
copernicus
copiague
copkiller
copper10
copper12
copper13
copper23
copper69
copperbe
copperbi
copperch
copperco
copperdo
copperdoor
copperfi
copperhe
copperhead
copperta
coppertr
coppin47
copy2004
copybook
copyrigh
copyright
coquette
coquili4
coquille
corabeth
coraline
coralree
coralreef
coralsea
corazon1
corazoncit
corazone
corbier2
corbusie
corcoran
cordeiro
cordelia
cordless
cordoba1
cordova1
corduroy
core2duo
core2rap
corecore
coredump
corellia
coremess
corentin
corey123
corey777
coreytaylor
corgidog
coriande
corinne1
corinthian
corinthians
coriolan
coriolis
coritiba
corkydog
corleon1
corleone
cornball
cornbeef
cornbrea
cornbread
cornchip
corncorn
corndog1
corndogg
corndogs
cornelia
cornelio
cornelis
corneliu
cornelius
cornell1
cornell2
cornell4
cornelle
cornerst
cornerstone
cornerve
cornetto
cornflak
cornflake
cornflakes
cornflower
cornhead
cornhill
cornhole
cornholi
cornholio
cornhusk
cornhusker
cornnuts
cornwall
cornwell
corolla1
corona12
corona42
coronado
coronati
coronation
coronita
corperfmonex
corperfmonsy
corporal
corporat
corporate
corporation
corps4ne
corpse13
corpsman
corrado1
corrado9
corrados
corraggi
corraine
corrales
corratec
correcti
correction
corregid
corrigan
corrine1
corrinne
corsair1
corsairs
corsario
corsican
cortina1
cortland
coruscan
corvet07
corvett1
corvette
corvette1
corvetus
corvidae
corycory
cosanost
cosanostra
cosgrove
cosmetic
cosmo111
cosmo123
cosmocat
cosmocos
cosmodog
cosmopolitan
cosmorex
cosmos090
cosmos33
cossacks
cossette
costa123
costanza
costaric
costarica
costella
costello
costruzioni
costumes
cosworth
cotopaxi
cotswold
cottage1
cottage6
cottages
cotton12
cotton99
cottoncandy
cottonwo
cottonwood
cottus02
couchman
cougar01
cougar11
cougar12
cougar22
cougar33
cougar88
cougar99
cougars0
cougars1
cough123
coughing
coughlan
coughlin
couilles
couillon
coun5138
counchac
counselo
counselor
countach
countdow
counter1
counter2
counters
counterstrike
countess
counting
country1
country2
country90
countryb
countryboy
countrys
countyli
countzer
coupland
courage1
courage7
courgett
courier1
couriers
courious
courrier
courtena
courtene
courtesy
courtier
courtne1
courtnee
courtney
courtney1
courtsid
couscous
cousinit
cousteau
covenant
coventry
coverage
coverall
covingto
covington
cowabung
cowabunga
cowboy00
cowboy01
cowboy10
cowboy11
cowboy12
cowboy123
cowboy19
cowboy20
cowboy22
cowboy23
cowboy24
cowboy25
cowboy44
cowboy59
cowboy69
cowboy76
cowboy77
cowboy88
cowboy98
cowboyds
cowboys0
cowboys1
cowboys11
cowboys2
cowboys22
cowboys3
cowboys5
cowboys6
cowboys7
cowboys78
cowboys8
cowboys9
cowboyss
cowboyup
cowboyup1
cowchips
cowgirls
cowscows
cowsrule
coxswain
coyote11
coyote69
coyoteugly
cpb.hjxyfs
cpcp3333
cpe1704t
cpfc22nu
cpjmtamh
cpmodcpmod
cpp241bs
cprofile
cptnz062
cq34hrcq1
cqub6553
cr055bow
cr4shing
cr53rh29
crabby28
crabcake
crabtree
crack666
crackass
crackbab
cracker1
cracker2
crackerj
crackerjack
crackers
crackhea
crackhead
cracking
crackpot
cracksevi
crackwho
crackwhore
cracovia
craddock
cradleoffilth
craftman
craftsma
crag2637
craig123
craig257d
craigory
craigpaul
craigslist
cranberr
cranberries
cranberry
crandall
cranford
crankers
cranking
cranksha
cranston
cranwell
crapcrap
craphead
crapjunk
crapola1
crapper1
crappie1
crappola
crapshoo
crash123
crash3823776
crashand
crashday
crashing
crashman
cravchina
crawdads
crawfish
crawford
crawling
crayfish
crazines
craziness
crazy101
crazy123
crazy4you
crazyass
crazybab
crazybit
crazybitch
crazyboo
crazyboy
crazycat
crazydog
crazydude
crazyfoo
crazyfox
crazyfro
crazyfrog
crazygir
crazygirl
crazyguy
crazyhor
crazyhorse
crazyjoe
crazykid
crazylady
crazyleg
crazylegs
crazylove
crazyman
crazymoney
crazyone
crazysex
crazytax
crazytra
crazytrain
crazyzil
crckd2xpw
crdjhwjd
crdjhwjdf
cre8tive
cream123
creaming
creampie
creampuf
creampuff
creams25
creamy12
creamyou
creat1ve
creatine
creation
creativ1
creative
creative1
creative7
creator1
creators
creature
credence
credible
credit12
creditca
creditcard
creed363
creedence
creeksid
creepers
creeping
creeps21
creepsho
crehfnjd
creighto
crem9491
crenshaw
creosote
crepusculo
crescent
cressida
crevette
crewchie
crewgift
crfhktnn
crfkmgtkm
crfkzhbz
crfpjxybr
crhbgybr
cribbage
crichton
cricket1
cricket123
cricket2
cricket3
cricket5
cricket6
cricket7
cricket8
cricket9
cricketer
crickets
crickett
cricri10
crimedog
crimewav
criminal
crimson1
crimson2
crimson3
crimson7
crimson9
crimsons
crippler
crisanto
criscris
cristaline
cristhia
cristian
cristiana
cristiano
cristianoronald
cristianoronaldo
cristin1
cristina
cristina1
cristinalov
cristine
cristoba
cristobal
cristofer
cristopher
cristoteam
cristoviv
criswell
critical
critter1
critters
crjbk7ylxe
crjhgbjy
crjhjcnm
crjhjktnj
crm15700
croatoan
crockett
crocodil
crocodile
croissan
cromarty
cromo2002
crompton
cromwell
cronaldo
cronaldo7
cronulla
crooked1
crooklyn
croppers
croquette
crosby87
crosfire
crossbow
crosscheck
crosscou
crosscountry
crossdre
crossfac
crossfir
crossfire
crossing
crossman
crossmen
crossove
crossover
crossram
crossroa
crossroad
crossway
crosswor
crossword
crotalus
croucher
crowbars
crowcrow
crowder1
crown123
crownlin
crownroy
crownvic
crows2000
crowther
crrun752
crtt9854
crucible
crucifix
cruelito
cruiser1
cruiser2
cruisers
cruising
crujones
crumpler
crunch23
cruncher
crunchie
crunchy1
crunkass
crusader
crusadercrusader
crusaders
crusades
crusher1
crushers
crushing
crutches
cruzados
cruzazul
cruzeiro
cryptic1
cryss392
crystal0
crystal1
crystal123
crystal2
crystal3
crystal5
crystal6
crystal7
crystal8
crystal8970
crystal9
crystalb
crystali
crystall
crystalm
crystalp
crystals
crzywhtboy
cs101132
cs19ha43da
csaa7277
csaimonc
csapi3t1
cscatino
cscompmgd
cscscscs
cservice
csfbr5yy
csgolfer
cshvtxvfhr6
cska159951
cska1911
cska2005
cskacska
cskamoscow
cslistserv
csonka39
csrnsdrfh
csseqchk
cstanley
csyekmrf
cszebesl
ctcnhtyrf
ctdfcnjgjkm
ctdthjldbycr
ctdthjvjhcr
ctdthysq
ctdthysq777
ctgjhfnjh
cthbqrekbr
cthfabvf
cthltxrj
cthnbabrfn
cthsq123
cthsqdjkr
cthtuf12
cthtuf123
cthtymrbq
cthubtyrj
cthulhu1
cthulhu7
cthulhu8
cthulhup
cthusqrj
cthutq12
cthutq123
cthutq1975
cthutq1976
cthutq1988
cthutq87
cthutqcthutq
cthutqsergey
cthuttdbx
cthuttdf
cthuttdyf
ctktyfujvtp
ctlbyf98
ctqkjhvey
ctrcctrc
ctrcvfibyf132
ctrfc123
ctrhtn47
ctrhtnbr
ctrhtnfhm
ctrhtnyj
ctrnjhufpf
ctswaj13
ctvbhfvblf
ctvbwdtnbr
ctvmz2010
ctvmzvjz
ctvtyjdf
ctvyflwfnm
ctycfwbz
cualquiera
cuarenta
cuasimodo
cuba1111
cubacuba
cubalibr
cubalibre
cubanita
cubanito
cubbear1
cubbies1
cubs1908
cubs1984
cubs2004
cubs2827
cubscubs
cubsrule
cubssuck
cubswin1
cucarach
cucciola
cucciolo
cuchillo
cuckoldroy
cucucucu
cucum_be
cucumber
cudacuda
cuddles1
cuddles2
cuestick
cufflink
cuhas6km
cuinheck
cujo_da_cat
cukierek
cukricek
culebron
culinary
cullinan
culloden
culoculo
culpeppe
culpepper
cultural
culture1
cumagain
cumberla
cumberland
cumbubbl
cumdrink
cumeater
cumfiesta
cumforme
cumfreak
cuminher
cumjunky
cumlaude
cumlover
cumming1
cummings
cummins1
cumondag
cumonher
cumonnow
cumonyou
cumpussy
cumqueen
cumsalot
cumshot1
cumshots
cumsluts
cumstain
cumsucker
cumsucking
cumwhore
cunicuni
cunnilingus
cunningh
cunningham
cunnylic
cuntcunt
cuntface
cuntfinger
cuntfuck
cunthole
cuntlick
cuntlicker
cuntlips
cuntlove
cuntlover
cuntsoup
cuntwhor
cupballs
cupboard
cupcake1
cupcake2
cupcake3
cupcakes
cupid0ns
cupid123
cupoftea
curcubeu
curepipe
curiosit
curiosity
curious1
curious2
curious7
curitiba
curling1
curlyjoe
curlymoe
curlyone
curlysue
curlytop
curmudge
currahee
currency
current9
curt1965
curtains
curtis10
curtis12
curtis69
curtis98
curvanord
curveball
cuspidor
cussler3
custer76
custom12
custom22
customer
custommarsha
custompa
cutebaby
cutebutt
cutecute
cutefeet
cutegirl
cuteness
cutethings
cutgrass
cuthbert
cutie101
cutie123
cutiepie
cutiepie1
cutlass1
cutlass6
cutlass7
cutter10
cutthroa
cutthroat
cuyahoga
cvbhyjdf
cvbncvbn
cvbnnbvc
cvdfer34
cvetlana
cvetochek
cvjhjlbyf
cvjktycr
cvthnmdctv
cvthnybr
cvtifhbr
cvtifhbrb
cvtybgfhjkm
cvzefh1gk
cvzefh1gkc
cwilliam
cwizintr
cwoodson
cx1dfb1v
cxfcnkbdf
cxfcnkbdfz
cxfcnkbdsq
cxfcnkbdxbr
cxfcnmt7
cxfcnmttcnm
cxfcnmtvjt
cxxcsdssw
cxzdsaewq
cyanamid
cyb3r333
cyber7u89
cyberboy
cyberclu
cybercom
cybercop
cyberdog
cyberdud
cybergod
cyberia1
cyberian
cyberlove
cyberman
cybermax
cybernet
cyberonline
cyberpun
cyberpunk
cybersan
cybersex
cybersho
cybershot
cyberslu
cybertron
cyberven
cyberway
cybrdome
cyclo327911
cyclone1
cyclone9
cyclones
cyclonus
cyclopes
cyclops1
cyclops2
cydvbb3qkc
cyecvevhbr
cygnus12
cygnusx1
cyjdsvujljv
cyjdsvujljv10
cylinder
cymru199
cymruamb
cyngielek1
cynthia1
cynthia7
cynthiaj
cynthias
cypress1
cypresshill
cyrano73
cytuehjxrf
cytuehrf
cytujdbr
cytujgfl
czcmrbvfczcmrb
czdf33150
czekolada
czps5nyndwcksc
czyclf4l
d07af4ac
d07f2a6f
d0gbreat
d0ntm3ss
d0oooo00
d1100357
d110886d
d1234567
d12345678
d123456789
d1a2n3i4l5
d1amonds
d1arrhea
d1d1d1d1
d1d2d3d4
d1d2d3d4d5
d1e2n3i4s5
d1e6a5d1
d1etc0ke
d1f2k3z4
d1i1m1a1
d1i2m3a4
d1lakiss
d21209as
d250900d
d2a3n4i5e6l
d2f3edde
d2koi82711
d36rkqdff
d36rkqdffd
d3e77ce8
d4441111
d48179be
d4c3b2a1
d4fh6srt
d5761954
d5fzuusd
d613547q
d6v1n41d6v1n41
d7777777
d78unhxq
d7q91db3tt
d8cy2h3ssn
d987654321
da010375
da0206sf
da108108
da5id272
da5ielle
dabadguy
dabears1
dabedada
dabl1125
dabomb86
dabulls1
dacd8re6
dachatec
dacheng198
dachkin7
dachshun
dachshund
dad2ownu
dadadada
dadadenis
dadaism6
dadandmo
dadaokok
dadaumpa
daddy111
daddy123
daddy179
daddybig
daddyboy
daddycool
daddydick
daddyfua
daddymac
daddyman
daddyof2
daddysgirl
dadodado
dadoxtea
dadsarmy
dadxxdoo
dae3evsi
daedalus
daehttub
daffodil
daffy123
daffyduc
daffyduck
daftpunk
dafxf105
dageng22
dagenham
dager007
dagestan
dagestan05
dagestanec
dagger01
dagger58
daggermaster
dagnabit
dagnasty
dagobert
dagored0
dagwood1
dahadaha
dahrjoej
daihatsu
daillest
daiquiri
dairyman
daisy111
daisy123
daisy3112
daisybel
daisydog
daisydoo
daisyduk
daisymae
daisymay
dak06ota
dakota00
dakota01
dakota10
dakota11
dakota12
dakota123
dakota13
dakota19
dakota22
dakota33
dakota42
dakota69
dakota88
dakota98
dakota99
dakotart
dalailam
dale1234
dale1959
dale2550
daledale
dalejr08
dalejr88
daleko123
dalessio
dalglish
dallas00
dallas01
dallas02
dallas03
dallas04
dallas05
dallas08
dallas11
dallas12
dallas123
dallas15
dallas20
dallas21
dallas214
dallas22
dallas23
dallas24
dallas280
dallas32
dallas33
dallas40
dallas42
dallas63
dallas66
dallas69
dallas80
dallas88
dallas98
dallas99
dallasco
dallascowboy
dallastexas
dallastx
dalmatia
dalmatio
dalmation
dalnesep
dalton12
dalton20
dam1san1
damage11
damagein
damascus
damaskus
damaster
dambldor
damgaard
damian01
damian12
damianek
damien123
damien666
damien79
damienlord12
damilola
damitajo
damitjim
dammeier
damnatio
damnation
damndamn
damned69
damnedworld
damnepoxu
damnfool
damngood
damnshit
damocles
damonhil
damonhill
dampdamp
damrongs
dan12345
dan123456
dana1020
dana1234
dana2003
dana2010
danadana
danajean
danascul
danbalan
danbrown
dance123
dance4life
dance4me
dancedan
dancedance
danceman
dancer01
dancer10
dancer11
dancer12
dancer123
dancer13
dancer23
dancer99
dancing1
dandaman
dandelio
dandelion
dandruff
danechka
danedane
danford1
dangdang
danger01
danger12
danger13
dangerbo
dangerboy
dangermo
dangermouse
dangerou
dangerous
dangling
dani1234
danibert
danidani
danie11e
daniel00
daniel007
daniel01
daniel02
daniel04
daniel06
daniel07
daniel10
daniel11
daniel12
daniel123
daniel1234
daniel12345
daniel13
daniel14
daniel15
daniel16
daniel17
daniel18
daniel19
daniel198
daniel1988
daniel20
daniel200
daniel21
daniel22
daniel23
daniel24
daniel25
daniel26
daniel27
daniel28
daniel30
daniel32
daniel33
daniel44
daniel53
daniel55
daniel65
daniel666
daniel69
daniel76
daniel77
daniel79
daniel84
daniel85
daniel88
daniel91
daniel95
daniel97
daniel99
daniela0
daniela1
daniela2
danieldaniel
danieled
danielit
danielito
danielka
daniell1
daniella
danielle
danielle1
danielle12
daniello
danifilth
daniil2000
daniil2003
daniil2009
daniilka
danijela
danil007
danil123
danil12345
danil1993
danil1998
danil1999
danil200
danil2000
danil2001
danil2003
danil2004
danil2007
danil2010
danil2011
danil777
danil8098
danila2000
danila2001
danildanil
danilka123
danilka123123456
danilkin
danilo123
danilova
danissimo
dankbuds
dankdank
dankness
danknugs
dankster
dankweed
danmarin
dann0587
danneman
danni123
danni42a
danniash
dannimem
dannipas
danniroc
danno123
danny000
danny001
danny123
danny200
danny422
dannyboy
dannydog
dannyjoe
dannylee
dannym88
dannyway
dano2240
danochka
danodano
danou812
dante007
dante123
dante197
dante666
danthema
dantheman
dantheman123
danthman
danville
danya123
danydany
danyelle
danzi11g
danzig66
danzig666
danziger
daociyiy
daomei13
daphne65
daphne67
dappadon
dappaman
dapzu455
darbydog
darcy010
darcyrhoda
daredevi
daredevil
daredevil1
daredevils
daria2050
darikwri
darius12
darjania
darjeeling
dark1234
darkages
darkange
darkangel
darkangel1
darkangels
darkaren
darkblad
darkblade
darkblue
darkcave
darkcavern
darkchild
darkcity
darkdark
darkdemon
darkdevil
darker88
darkevil
darkfall
darkfire
darkforce
darkhand
darkhawk
darkheart
darkhors
darkhorse
darkjavell9
darkjedi
darkknig
darkknight
darkland
darklife
darkligh
darkling
darklock
darklord
darklove
darkmage
darkmagician
darkman1
darkman28
darkman6
darkmanija
darkmanx
darkmatter
darkmaul
darkmetal
darkmind
darkmoon
darkmoor
darkmyth
darkness
darkness1
darknigh
darknight
darknite
darkomen
darkone1
darkover
darkprinc
darkprince
darkrain
darkride
darkroom
darkseed
darkshadow
darkside
darkside1
darkside1989
darksied
darksoul
darksta1
darkstar
darkstar1
darkstorm
darksyde
darkthrone
darktide
darktime
darktowe
darktower
darkvador
darkvoid
darkwind
darkwing
darkwizard
darkwolf
darkwood
darlene1
darling1
darling2
darlings
darlingt
darlington
darmstad
darnell1
darrell1
darren10
darren12
darren69
darren71
darrenlu
darrenshan
darrian1
darshini
dart3891
dartagnan
dartdart
dartford
darthban
darthmau
darthmaul
darthvad
darthvader
dartjunt
dartmout
dartmouth
darts180
dartvader
darulz16
daryouch
dasa1956
dasdasdas
daselang
dasha123
dasha12345
dasha1991
dasha1992
dasha1993
dasha1994
dasha1995
dasha1996
dasha1997
dasha1998
dasha1999
dasha200
dasha2000
dasha2001
dasha2002
dasha2003
dasha2004
dasha2005
dasha2006
dasha2007
dasha2008
dasha2009
dasha2010
dasha2626
dasha3282
dasha777
dashadasha
dashakakasha
dashboard
dashdash
dashenka
dasher06
dashiell
dashka25061997
dashunya
dashutka
dashytka
dasreich
dassault
dastardl
dastin23
data1021
data1111
data1701
data2000
database
datacomm
datadata
dataflow
dataking
datalife
datalink
datalore
datanova
dataperfcoun
datasafe
dataspec
datatrai
datawrite
dateless
dateline
daterape
datetime
datnigga
datodato
datsun74
daugavpils1
daughter
daughters
daunte11
dauntivi
dauphine
davcafat
davcprox
dave1135
dave1234
dave2000
dave2001
dave3283
dave3333
daveb318
davecole
davedave
davegahan
davegrantbrown
daveking
davelove
davematt
davenmcb
davenpor
davenport
daventry
davesasr
daveshea
davester
davettws
daveyboy
david001
david007
david101
david111
david123
david1234
david12345
david196
david197
david198
david1984
david200
david2000
david2002
david2006
david2009
david2010
david211
david321
david777
davidarenson
davidbow
davidbowie
davidcha
davidcoc
daviddav
daviddavid
davidddd
davidg63_2000
davidhbk
davidjos
davidkin
davidlee
davidmar
davidoff
davidovi
davidrai
davidray
davidrob
davidruiz
davidson
davidvilla
davinchi
davinci1
davinder
davipass
davis123
davitadze
davituliani
dawgdawg
dawggone
dawghous
dawgpoun
dawgpound
dawkins2
dawn1234
dawn5069
dawndawn
dawnstar
dawntown
dayanand
daybreak
daybyday
dayday123
daydream
daydreamer
daylight
daylighter
daymntum
dayshawn
dayshift
daysleep
daystate
dayton10
daytona1
daytona2
daytona5
daytonoh
daytrade
daytrader
daywalke
daywalker
dazdraperma
dazyxane
dazzling
dbab2575
dbarnett
dbcooper
dbdbdbdb
dbitymrf
dbiytdcrfz
dbjktnnf
dblbogey
dbledsoe
dbm123dm
dbmsshrn
dbnfkbr1
dbnfkbr22
dbnfkbyf
dbnfkmrf
dbnfkmtdbx
dbnfkmtdyf
dbnfvbyrf
dbntymrf
dbpfynbz
dbrecmrf
dbrekmrf
dbrf1999
dbrf2002
dbrf2010
dbrfdbrf
dbrflehf
dbrnjh572202
dbrnjhbyf
dbrnjhbz
dbrnjhbz1
dbrnjhbz2010
dbrnjhjdbx
dbrnjhjdyf
dbroncos
dbrstprx
dbyjrehjd
dbyjrehjdf
dbyjuhfl
dbyjuhfljd
dbyjuhfljdf
dbyxtcnth
dbzearthlink
dbzgoten
dbzmicrosoft
dbzmorpheus
dbzrules
dbzsimon
dbzursitesux
dbzwarez
dbzwhore
dc3dnh7h
dc51nb07
dcba1234
dccomics
dcfdcf17
dcomcnfg
dcool101
dcowboys
dcqvfegmgr
dcshoeco
dctcegth
dctdjkjl
dctgblfhfcs
dctghjcnj
dctgjkexbncz
dctjnkbxyj
dctktyyfz
dctrjpks
dctvcjcfnm
dctvgbplf
dctvgbpltw
dctvghbdf
dctvghbdtn
dcunited
dd121360
dd132089
dd8w7wss
ddamulag
dday1944
dddd1234
dddd2000
ddddddd1
dddddddd
ddddddddd
dddddddddd
dddddddddddd
ddffddff
ddiimmaa
ddinorth
ddmce23dd
ddrocky3
ddtlbntgfhjk
dduukkee
de1987ma
deacon12
deacon75
dead123123
dead123321
dead1234
dead3214
deadbeat
deadbeef
deadbird
deadbolt
deadboy1
deadcell
deaddead
deaddog1
deadduck
deader28
deadface
deadfish
deadfred
deadfrog
deadhead
deadkiller
deadlife
deadlift
deadline
deadlock
deadlocked
deadlove
deadman1
deadman123
deadman6
deadmanwalking
deadmau5
deadmazay
deadmeat
deadmoin
deadmoon
deadmule
deadness
deadoralive
deadpeople
deadpool
deadprez
deadrising
deadsexy
deadshit
deadshot
deadsoul
deadspace
deadspin
deadwing
deadwood
deadzone
dealna28
dean1234
deandean
deandre1
deangelo
deanster
dearborn
deardear
dearjohn
dearmond
death101
death123
death210
death2al
death2all
death666
death777
deathangel
deathblade
deathblo
deathcab
deathcore
deathdea
deathdealer
deathdeath
deathead
deathgod
deathlok
deathman
deathmet
deathmeta
deathmetal
deathnote
deathnote14
deathpig
deathray
deathrow
deathself
deathsta
deathstar
deathstars
deaththekid
deathtoa
deathwalker
deathwing
deathwis
deathwish
debarros
debasish
debbie01
debbie12
debbie69
debiase33
debil123
debiloid
debilyje
debojones
debonair
deborah1
deborah2
debsdebs
debtfree
debugger
dec25fum
dec56yhn
dec71941
decadenc
decadence
decadent
decarlos
decastri
decathlon
decatur1
decaview
deceased
deceiver
decembe1
december
december1
december12
december16
december2
december23
december25
december28
december5
december6
decembre
deception
decimate
decipher
decision
decker12
decktalk
declined
decorate
dededede
dedicate
dedicati
dedication
dedkenny
dedmoroz
dedperdyn1
dedushka
deebrown
deecash1234
deedee12
deedeede
deeelite
deego277
deejcent
deeker99
deepblue
deepdale
deepdeep
deepdish
deepdive
deepdiver
deephole
deephous
deepinass
deeplime
deeppurp
deeppurple
deeprive
deeproot
deepsea1
deepshit
deepspac
deepspace
deepspace9
deepstar
deepthro
deepthroat
deeptown
deepwate
deepwater
deepwood
deerdeer
deerfiel
deerfield
deerhead
deerhunt
deerhunter
deermeat
deerpark
deerskin
deerslay
deerslayer
deerwood
deescrever
deesnuts
deexxxxx
deezaste
deezaster
deeznuts
deeznuts1
deeznutz
default1
defaultwsdlh
defcon2387
defdcgpo
defeated
defender
defender1
defender12
defense1
defensor
defiance
defiant1
defil3dsmdme
defino76
defjoin123
defjoint
deflep27
defleppa
defleppard
defnall0
deforest
defrance
defsquad
deftones
deftones1
degaulle
degenera
degenerationx
degr9369
degrassi
degroote
deguzman
dehlfkfr
deinemutter
dekameron
dekkers2002
deklaroen8
delacruz
delahoya
delaluna
delameau
delaney1
delanoteslik
delariva
delarosa
delasoul
delavega
delaware
delcarme
delegate
delegwiz
delerium
delerius
delete12
deletecurren
deleteme
delfines
delgado1
delicate
deliciou
delicious
delight1
delights
delilah1
delirious
delirium
delivers
delivery
dell1234
dell2002
dell8100
della029
dellcomp
delldell
dellwood
delmonte
delmundo
deloitte
delorean
delorenz
delorian
delovely
delozier
delphian
delphine
delpiero
delpiero10
delta100
delta101
delta123
delta627
delta777
deltaair
deltachi
deltadel
deltadelta
deltadog
deltafor
deltaforce
deltafox
deltaone
deltasig
deltatau
deltateam
deltoids
deltron3
deltron3030
delusion
delvalle
dem09045
demabasa
demarcus
demarest
demarini
demarrer
demben424444
demchenko
demented
dementia
dementor
dementor1994
demetria
demetrio
demetriu
demetrius
demetrius1
demeyara
demidemi
demidenko
demidova
demilovato
demleloi
demo1234
democrat
democrata
demodemo
demodred
demokrat
demolish
demoliti
demolition
demon007
demon021295
demon111
demon1209
demon123
demon133
demon1985
demon1990
demon1992
demon333
demon444
demon666
demon999
demondemon
demondog
demoneo666
demongod
demonhunter
demoniac
demonic1
demonica
demonlord
demonlox
demonoid
demonoleg
demonshilen
demontfo
demonwar
demopass
demouser
dempster
den040791
den1020834880
den121255555
den12345
den92666
denahunt
denali12
denali99
denbosch
dendenden
dendrite
dendroid
denethor
denilson
denis007
denis100
denis111
denis123
denis1234
denis12345
denis123456
denis1980
denis1981
denis1982
denis1983
denis1984
denis1985
denis1986
denis1987
denis1988
denis1989
denis199
denis1990
denis1991
denis1992
denis1993
denis1994
denis1995
denis1996
denis1998
denis1999
denis2000
denis2002
denis2006
denis2010
denis2011
denis666
denis777
denis81z
denisdenis
denise01
denise11
denise12
denise29
denise69
deniska1
deniska7
deniska92
deniso4ka
denisova
denkiller
denman85
denmark1
denmark2
denning1
dennis10
dennis11
dennis12
dennis123
dennis18
dennis19
dennis22
dennis52
dennis56
dennis57
dennis81
dennis99
dennise1
dennison
denodeluxe
denodeno
denorion2
densmore
dentelle
dentinho
dentist1
dentista
dentists
dentring
dentures
denver00
denver01
denver05
denver07
denver12
denver123
denver25
denver33
denver97
denver99
denverco
denzxxxx
deo91172
departament
department
depeche1
depeche101
depechemode
depiha46
deportivo
depraved
depression
deprived
deptford
deranged
derbycounty
derbydog
derderder
derekcat
derekjet
derekjeter
derektor
derelict
derevneaall
derevnya
derevo123
derevo12345
derevorulez
derfderf
derlarm1
derlith808
derparol
derpderp
derr6565852
derrick1
derrick2
derrick4
derrickh
derricks
derrickx
derry789
dertyks67
desadesa
desantis
desantura
descarga
descarte
descartes
descent1
descent2
description
desdemon
desdemona
desdocdes
deseagle
desember
desert11
desertfo
desertfox
desertrose
desertstorm
deserved
deserves
desibaba
desideri
design12
design20
design69
design99
designed
designer
desire3302
desiree1
desires55
desjardins
deskjet1
deskjet2
deskjet3
deskjet6
desklamp
desktop1
desmadre
desmo900
desmoines
desmond1
desolate
desolati
desolation
despatch
desperad
desperado
desperado1
desperados
desperat
desperate
desperta
desplaine
desserts
destinat
destination
destined
destinee
destiney
destinie
destiny0
destiny1
destiny10
destiny2
destiny3
destiny4
destiny7
destiny8
destiny9
destinys
destroer
destroye
destroyed
destroyer
destroys
destruct
destruction
desudesu
detached
details1
detected
detectiv
detective
detector
detektor
determin
dethklok
detlions
detochka
detomaso
detritus
detroit0
detroit1
detroit3
detroit4
detroit6
detroit9
detwiler
deuce222
deucedog
deukecrh
deus1985
deusdeus
deusdoimpossivel
deuseamor
deusefie
deusefiel
deutsch1
deutsche
deutschl
deutschlan
deutschland
devadeva
devastat
devastator
devaughn
develope
developer
development
devendra
deventer
devereux
deviant1
deviants
deviatio
deviator
deviceclass
deviceid
deviceinfose
devil069
devil123
devil1234
devil666
devil_86
devilboy
devilcry
devildo1
devildoc
devildog
devildog1
devildriver
devilfis
devilish
devilman
devilman1
devilman666
devilmay
devilmaycry
devilmaycry4
devilock
devilray
devilrays
devils2000
devils22
devils30
devils95
devils99
devilstu
devin123
devinair
devinder
devine10
devious1
devious3
devo2706
devochka
devochki
devodevo
devon123
devostator
devotion
devushka
devxprop
dewalt17
dewberry
dewdrops
dewey123
dewpoint
dexless77
dexter00
dexter01
dexter11
dexter12
dexter123
dexter23
dexter25
dexter31
dexter69
dexter99
dexterdog
dextrous
dexxxter
deyh2dc546
dezamone
dezdemona
dezember
dezembro
dezenuts
deznutss
df300653
df3sypro
dfasijhads
dfatkmrf
dfcbkbcf
dfcbkbcr
dfcbkbq1
dfcbkbq37
dfcbkbyf
dfcbkmtd
dfcbkmtdbx
dfcbkmtdf
dfcbkmtdyf
dfcbktyrj
dfcf2290
dfctymrf
dfcz12345
dfcz1994
dfczdfcz
dfczgbljh
dfczgegrby
dfczhjujd
dfdddf45fdgh
dfdfdfdf
dfgdfgdf
dfgdfgdfg
dfgdfgdfgdfg
dfgdrb5se4
dfghdfgh
dfgys34ds432sd
dfhdfgdfg
dfhdfhf1
dfhrhfan
dfhrhfth
dfhtybrb
dfhtymrf
dfibyunjy
dfievfnm
dfinch49
dfkmltvfh
dfkmrbhbz
dfkmrbhbz1972
dfkmufkkf
dfknjhyf
dfkthbz1
dfkthf123
dfkthf12345
dfkthjxrf
dfkthmtdbx
dfkthmtdyf
dfktycbz
dfktynby
dfktynby1986
dfktynbyf
dfktynbyjdbx
dfktynbyrf
dfkzblfif
dfkzdfkz
dflbv123
dflbv2010
dflbvdflbv
dflbvghjrby
dflmqljm
dfnheirf
dfoskbdr
dfp21093
dfp21099
dfrektyrj
dfrfycbz
dfrgifps
dfrgsnap
dfsshlex
dfvdfvdfv
dfvgbh12
dfvgbh123
dfvgbh666
dfvgbhbpv
dfvgbhbr
dfvgbhdfvgbh
dfvgbhif
dfvgbhxbr
dfybkm66
dfybkmrf
dfyjdf846
dfyz1234
dfyzdfyz
dg46rckw
dghdg6ss
dgl70460
dh140663
dh98818600
dhalgren
dharmara
dharmesh
dharts72
dhelmet3
dhjnvytyjub
dhorse06
dhtlbyrf
di7771212
diabetes
diabetic
diabless
diablito
diablo01
diablo11
diablo12
diablo123
diablo13
diablo21
diablo22
diablo23
diablo25
diablo4419
diablo66
diablo666
diablo67
diablo69
diablo77
diablo777
diablo88
diablo99
diabloii
diablolexa
diabolic
diabolical
diabolik
diabolus
diactfrm
diafu494
diagonal
diakonos
dialedin
dialogue
dialtone
dialysis
diamante
diamond0
diamond1
diamond10
diamond123
diamond2
diamond3
diamond4
diamond442
diamond5
diamond6
diamond7
diamond8
diamond9
diamondb
diamondc
diamondd
diamondes
diamondg
diamondh
diamondj
diamondp
diamondr
diamonds
diamonds1
diamondt
diamondw
diamondz
diamonte
diana123
diana12345
diana199
diana1991
diana1995
diana1996
diana1998
diana1999
diana200
diana2002
diana2006
diana2007
diana2008
diana2009
diana2010
diana2011
diana777
diana94333
dianabol
dianadiana
diane000
diane123
dianelon
diano4ka
dianochka
diapason
diapers1
diaspora
diatonic
diatribe
diaza3a3
dibamasiah
dicaprio
dicedice
diceneeld
diciembr
diciembre
dick1234
dick2000
dickanus
dickchee
dickcunt
dickdick
dickdickdick
dickdown
dickens1
dickerso
dickerson
dickey17
dickface
dickfuck
dickhard
dickhea1
dickhead
dickhead1
dickhole
dickie12
dickinso
dickinson
dickless
dicklick
dicklips
dicklove
dicklover
dicknose
dickslap
dicksman
dickster
dicksuck
dicksucker
dicktrac
dickweed
dictator
dictatte
dictiona
dictionary
didactic
didi1972
didididi
didodido
didsbury
diealone
diebitch
diediedie
diego123
diego2000
dieguito
diehard1
diehard123
diehard2
diehard6
dienstag
diesel03
diesel11
diesel12
diesel22
diesel69
diesel99
dieselpower
diesirae
dietcoke
dietcoke1
dietpeps
dietpepsi
dietrich
differen
difference
different
difficult
difranco
digby1dig
digbydog
diggable
digger01
digger12
digger21
digger33
digger49
digger62
digger66
diggerdo
diggerdog
diggler1
digiasyn
digidigi
digimon1
digipen2
digital0
digital01
digital1
digital2
digital3
digital6
digital8
digital9
digitalb
digitald
digitale
digitali
digitalize
digitall
digitalprodu
digitech
digitman
digiulio
digiview
dignity7
dikkelul
dikobraz
dikusha777
dilantin
dilbert0
dilbert1
dilbert2
dilbert23
dilbert4
dilbert5
dilbert9
dildodildo
dildoman
diligenc
diligent
dillhole
dilligaf
dilligas
dillinge
dillon25
dillweed
dilmurod
dilworth
dim02feb
dima081996
dima1234
dima12345
dima123456
dima12345678
dima123456789
dima1396
dima1968
dima1970
dima1972
dima1974
dima1975
dima1976
dima1977
dima1979
dima1980
dima1982
dima1983
dima1984
dima1985
dima1986
dima1987
dima1988
dima1989
dima1990
dima1991
dima1992
dima1993
dima1994
dima1995
dima1996
dima1997
dima1998
dima1999
dima2000
dima2001
dima2002
dima2004
dima2005
dima2006
dima2007
dima2008
dima2009
dima2010
dima2011
dima2012
dima22331
dima2304
dima324315198540
dima3452
dima38821
dima583574
dima5vov
dimaaa14
dimabilan
dimadima
dimadimadima
dimaggio
dimalika1
dimalove
diman007
diman123
diman777
diman9999
dimanche
dimanfrolov
dimanrul
dimanucoz
dimaraja
dimas123
dimasd1994
dimawow1
dimazarya
dimebag1
dimedrol
dimensio
dimension
dimidrol
dimitri1
dimitrio
dimitris
dimitrova
dimka123
dimmu666
dimochka
dimon007
dimon0708
dimon123
dimon1396
dimon1986
dimon1990
dimon1991
dimon1992
dimon1995
dimon1996
dimon2010
dimon3240
dimon4ik
dimon777
dimonchik
dimondimon
dimonspy
dimonstr
dimples1
dina1234
dina2010
dina4217
dinadina
dinamita
dinamite
dinamo1927
dingalin
dingaling
dingding
dingdong
dinglebe
dingleberry
dingo666
dingoboy
dingodog
dingoman
dingwall
dinhhuy7
dinislam
dinkdink
dinkydog
dinmamma
dinnerout
dino1234
dino1288
dinochka
dinodino
dinodogg
dinomc47
dinosaur
dinosauri
dinosaurus
dinozaur
dinozavr
dinozavrik
dinsdale
diogenes
diojiman
diomedes
dionicio
dionisio
dionyios
dionys1s
dionysius
dionysos
dionysus
diopdiop
dioppoid
diosesamo
diosesamor
diosteam
dipascuc
dipazara12
dipietro
diplomat
dipshit1
dipstick
dipthong
directo1
director
directories
directory
directoryser
direktor
direngrey
direwolf
dirigent
dirk1234
dirkdiggler
dirkdirk
dirkpitt
dirtbags
dirtball
dirtbike
dirtbiker
dirtdart
dirtdirt
dirtlord
dirtroad
dirtybas
dirtybastard
dirtybir
dirtybird
dirtybitch
dirtyboy
dirtycunt
dirtydee
dirtydirty
dirtydog
dirtyfuc
dirtygir
dirtygirl
dirtyhar
dirtyman
dirtymin
dirtymind
dirtyold
dirtyone
dirtypop
dirtyred
dirtysex
dirtyslut
dirtysouth
dirtywhore
disabled
disaster
disastro
disavowe
discgolf
disciple
disciples
discipli
discjock
disco2000
discoboy
discoman
disconnect
discordi
discordia
discostu
discount
discove1
discover
discover1
discovery
discreet
discrete
discworl
discworld
disgorge
disgrace
disguise
dishonor
dishwash
diskette
diskst312002
disksvolumes
dismukes
disney12
disney55
disneyla
disneylan
disneyland
disorder
dispatch
displays
disposal
disraeli
dissident
distance
distemper
distinct
distorti
distortion
distress
distribu
district
distroer
distrust
disturbe
disturbed
disturbed1
disturbia
ditodito
diunilaobu8*
divadiva
divagirl
divedeep
divemast
divemaster
diver123
diverdan
diverdow
diverdown
diverman
divers05
divers99
diversio
diversion
diversit
diversity
divetime
dividend
divinity
division
division1
divorce1
divorce2
divorced
divxuhua
dixidixi
dixie100
dixie123
dixiecup
dixiedog
dixieland
diya2003
dizzyont
dj5136589
djacinto
django01
djarrett
djccnfyjdktybt
djcmvthrf
djcnjxysq
djdf1234
djdfdjdf
djdfhekbncgc
djdfyxbr
djdfyxtkj
djdjdjdj
djdrfgenby1
djdurkin
djerta78
djg4bb4b
djgabbab
djhjgftd
djhjybyf
djhjybys
djhjyjdf
djhjywjdf
djibouti
djkjcfnsq
djkjlbvbh
djkjxbtyrj
djkmltvfh
djkoshkin
djkrjlfd
djkujljycr
djkujuhfl
djkujuhfl34
djkxjyjr
djkxtyjr
djlbntkm
djljghjdjl
djljrfyfk
djm29017
djmotion
djnnfr27
djnnfrdjn
djnrfrnjnfr
djpdhfotybt1992
djpvtplbt
djqyfbvbh
djqyfvbhjd
djriesgo
djrnbklw
djskater
djsrochi
djtc7907
djtiesto
djtyrjvfn
djukjl12
djyplmh9
dk123456789
dkfcntkby
dkfcntkbyrjktw
dkfctyrj
dkfl1995
dkfl228888
dkflbckfd
dkflbckfdf
dkflbckfdxbr
dkflbdjcnjr
dkflbrfdrfp
dkflbvbh
dkflbvbh1988
dkflbvbhjd
dkflbvbhjdbx
dkflbvbhjdyf
dkfldkfl
dkflhekbn
dkfljxrf
dkirsch2
dkjfghdk
dkp6yej4
dkssud12
dl3cq1108
dleitvbhzm
dllcache
dlockyer
dm101242
dm6tzsgp
dm831216
dmasters
dmband41
dmc27234
dmfxhkju
dmhargis
dmichael
dmiller12as
dmitriev
dmitrieva
dmitriys
dmkdmkdm
dna123zebra1
dndndndn
dnepropetrovsk
dnflskfk
doberman
dobermann
dobiedog
dobwalls
doc44444
doc_0815
docalyea
docbones
dochenka
docholiday
docjones
dockland
dockside
docpaloh
docprop2
doctor11
doctor1488
doctor45
doctor69
doctor99
doctoral
doctordo
doctorma
doctorng
doctorno
doctorwh
doctorwho
doctrine
document
documents
docutech
dodadoda
dodge150
dodge1500
dodge200
dodge250
dodge2500
dodge318
dodge360
dodge440
dodge4x4
dodgebal
dodgeboy
dodgecit
dodgecummins
dodgedak
dodgedar
dodgeman
dodgeneo
dodger12
dodger22
dodgeram
dodgers1
dodgers2
dodgers5
dodgevip
dodgeviper
dodobird
dododidi
dodododo
doeidoei
doesntma
dog12345
dog4life
dogandca
dogandcat
dogballs
dogbert1
dogbone1
dogbones
dogbowl5
dogboy69
dogbreat
dogbreath
dogbreth
dogdogdo
dogdogdog
dogeatdo
dogeatdog
dogface1
dogfather
dogfence
dogfight
dogfish1
dogfood1
doggdogg
doggie12
doggie69
doggie99
doggiedo
doggiest
doggiestyle
doggpoun
doggpound
doggy123
doggydog
doggysty
doggystyle
doghouse
doglover
dogma123
dogma969
dogman55
dogman66
dogmatic
dogmatix
dogmeat1
dogpatch
dogphil3650
dogpound
dogpussy
dogs7155
dogsandcat
dogsandcats
dogsbody
dogsboll
dogscats
dogsdogs
dogshit1
dogsofwa
dogsrule
dogstyle
dogtired
dogwater
dogwoods
dogzilla
dohcvtec
doitdoit
doitright
doittome
doityourself
dokie666
dokter01
dolamite
dolce123
dolcegabbana
dolcetto
dolcevita
dolemit1
dolemite
dolfijn1
dolittl1
dolittle
dollar41
dollarbi
dollarbill
dollaroc
dollars1
dollars4
dollbaby
dollface
dollhous
dollhouse
dollshou
dolly123
dollydog
dolmatov
dolmatova
dolomite
dolomiti
dolores1
dolphin0
dolphin1
dolphin12
dolphin2
dolphin22
dolphin3
dolphin4
dolphin5
dolphin6
dolphin7
dolphin8
dolphin9
dolphine
dolphins
dolphins1
dolphins12
dolphins13
dolphinz
dom2inic
doma77ns
domainlock2004
domainlock2005
domdomdom
domebaby
domedome
domegood
domehard
domenica
domenico
domenika
domestic
domestos
dominant
dominate
dominati
domination
dominato
dominator
dominatr
domingo1
domingue
dominguez
domini01
dominic1
dominic2
dominic6
dominic86
dominica
dominican
dominican1
dominick
dominico
dominik1
dominika
dominika1
dominikana
dominion
dominiox
dominiqu
dominique
dominique1
domino88
dominodo
dominoes
dominowood
dominque
domodedovo
domodomo
domolink
don'tremember
dona4344
donald01
donald123
donald27
donald37
donald56
donaldduck
donaldso
donaldson
donaldss
donatell
donatella
donatello
donation
donbosco
doncarlos
doncaste
doncaster
dondiego
donebaby
donedeal
donethat
dongding
dongdong
donghwan
dongming
donielle
donjulio
donkarlione
donkey11
donkey12
donkey123
donkey22
donkey23
donkey66
donkey69
donkey77
donkey99
donkeybo
donkeydi
donkeydick
donkeyko
donkeykong
donkeypu
donkeypunch
donmarco
donna123
donnajean
donnalee
donnamar
donnamarie
donnasue
donnelly
donnette
donnie23
donnjuan
donotent
donotenter
donotremove
donovan1
donovan5
donpotts
donsmith
dont4get
dontaskme
dontcall
dontcare
dontdoit
dontforg
dontforget
dontfuck
dontgotm
donthackme
donthate
dontknow
dontlook
dontmess
dontneed
dontpani
dontpanic
dontshar
dontstop
donttell
dontworry
donutboy
doobie12
doobydoo
doodle12
doodlebu
doodlebug
doodles1
doofus01
doogie28
doogie69
doogie81
doogiex1
doolittl
doolittle
doom1111
doom123fox
doom2004
doomdoom
doomhamm
doomhammer
doomsday
doorbell
doordoor
doorknob
doors123
doorstep
doorstop
dopamine
dopehead
dopeness
dopeshow
doppelganger
doppler9
dora2m24
dora6339
doraemon
dordaneh
doreen15
doremifa
dorian01
doris135
dorisday
dorkdork
dormouse
dorofeev
dorofeeva
dorohovo
doromich
doronina
doroshenko
dorothea
dorothee
dorothy1
dortepia
dortmund
dorunonce
dosequis
doshirak
dossantos
dotacool
dotdotdo
dothedew
dottie123
double00
double07
double22
doublebo
doubledd
doublede
doubledo
doubleds
doublemint
doublepl
doubleplay
doubletr
doubleup
doubloon
doubtfire
douc1234
doucette
douchbag
doucheba
douchebag
douchebag1
doudoune
doudouth
doug0971
dougdoug
dougferg
doughboy
doughboy1
doughert
doughnut
dougkou1
douglas1
douglas12
douglas123
douglas2
douglas3
douglas6
douglas8
douglass
douglobb
douillet
dourados
dovedale
dovel123
doverdel
doverdog
dovetail
dowadowa
dowjones
down21to
downbeat
downbyriv
downdown
downeast
downfall
downhill
downhome
downline
download
downloader
downloads
downpour
downside
downsout
downsouth
downtime
downtown
downturn
downunde
downunder
downwind
doynx060
dozer123
dozerdog
dp051388
dp617839
dpkjvfkb
dpkjvobr
dpnhpast
dpnhupnp
dps140786
dr0w55ap
dr342500
dr34ming
drabdark
draco666
draconia
draconian
draconis
dracula1
dracula6
dracula7
draft666
drafting
draghixa
dragomir
dragon00
dragon01
dragon02
dragon03
dragon05
dragon06
dragon07
dragon08
dragon10
dragon100
dragon101
dragon11
dragon12
dragon123
dragon13
dragon14
dragon15
dragon16
dragon17
dragon18
dragon19
dragon20
dragon2000
dragon2010
dragon21
dragon22
dragon23
dragon24
dragon25
dragon26
dragon27
dragon28
dragon29
dragon31
dragon32
dragon33
dragon34
dragon35
dragon37
dragon42
dragon44
dragon45
dragon49
dragon50
dragon55
dragon64
dragon65
dragon66
dragon666
dragon6661
dragon67
dragon69
dragon71
dragon72
dragon73
dragon74
dragon75
dragon76
dragon77
dragon81
dragon82
dragon85
dragon86
dragon87
dragon88
dragon89
dragon91
dragon93
dragon95
dragon96
dragon97
dragon98
dragon99
dragon999
dragonage
dragonas
dragonba
dragonbal
dragonball
dragonballgt
dragonballs
dragonballz
dragonbo
dragondragon
dragones
dragonfable
dragonfall
dragonfi
dragonfire
dragonfl
dragonfly
dragonfly1
dragonforce
dragonhe
dragonite
dragonja
dragonking
dragonla
dragonlady
dragonlance
dragonlo
dragonlord
dragonma
dragonman
dragonmaster
dragonne74
dragonpnb
dragonri
dragons1
dragons8
dragons9
dragonsl
dragonslayer
dragonsp12d
dragonss
dragonta
dragonz1
dragoon1
dragoon123
dragoon2
dragoon5
dragoons
dragoste
dragquee
dragrace
dragstar
dragster
drahme24
drahme26
drahme27
drainage
draining
drainsth
drak0022
drake123
drakeman
drakon42
drakon_13
drakonas
drakosha
drakularw
dramatic
drambuie
drawings
drawkcab
drbalt74
drdrdrdr
drdre200
dreadful
dreadloc
dreadlock
dreadlocks
dreadman
dream123
dream4me
dreambig
dreamboa
dreambox
dreamboy
dreamcas
dreamcast
dreamcat
dreamer0
dreamer01
dreamer1
dreamer123
dreamer2
dreamer3
dreamer7
dreamers
dreamfoot
dreamgir
dreamgirl
dreaming
dreamlan
dreamland
dreamlover
dreamman
dreamnet
dreamonline
dreams12
dreams71
dreamscape
dreamtea
dreamteam
dreamthe
dreamtheater
dreamtim
dreamwave
dreamwea
dreamweaver
dreamwor
dreamworks
dreamworld
dreapunk
drecksau
drecyzirf
dredlock
dreks452
dremoot1
drerhgeegehr
dresden1
dressage
dressing
drew1234
drewbaby
drewdrew
drewster
drexploi
dreyfuss
drgroove
dribbler
dribbles
dribearx
drift89094072877
drifter2
drifters
drifting
driftwoo
drillbit
driller1
drilling
drillsgt
drillteam
drink7up
drinkbee
drinkbeer
drinking
dripdrip
dripping
driscoll
driss112
drive487
drive500
driver12
driver13
driver24
driver88
driversignin
driveway
drjekill
drjynfrnt
drjynfrnt2
drmarkus
dro8smwq
droffats
droffilc
drogba11
dromedar
dromenko1
dron1234
dron1996
dron24122004
drondich
dronik92
dropbear
dropdead
dropkick
dropshot
dropzone
drovosek
drowning
drowssa1
drowssap
drowssap1
droz9122
drozdova
drpepper
drrobert
drstrang
drubin98
drucilla
drugfree
drugstore
druhay17
druid123
drumajor
drumandbass
drumbass
drumbeat
drumcode
drumdrum
drumdude
drumforf
drumhead
drumline
drummer1
drummer2
drummer3
drummer9
drummerb
drummerboy
drummers
drumming
drummond
drumnbas
drumnbass
drumrboy
drums123
drumstel
drumster
drumstic
drumstick
drunkard
drusilla
drvindex
drwatson
dryclean
drysdale
drywall1
ds03dipk
ds0hxgweii
ds123456
ds6tetsfdsrfdfgd
ds7zamnw
ds9rules
dsa12345
dsadsa321
dsadsadsa
dsanders
dsdctufdyj
dsdctujdyj
dsdsdsds
dsfsdfsdf
dsgtylhbdfntkm82
dskquota
dskscsgslscns
dsl2500u
dsmith7051
dsobwick
dsquared
dstuewe1
dt426a37
dt68468drt
dtctkjdf
dtctkmxfr
dtcyeirf
dtcyf2010
dtcyf2011
dtcyfghbikf
dtheyxbr
dthfybrf
dthjybrf
dthjybrf1
dthjybrf88
dthjybxrf
dthnbrfkm
dthnjktn
dthreatt
dthyjcnm
dtkbrjktgyj
dtkbrjktgysq
dtkfcbgtl
dtkjcbgtl
dtl49qoc
dtlmvjxrf
dtnthbyfh
dtpeyxbr
dtspisak
dttksccc
dtxyjcnm
dtybfvby
dtyltnnf
dtynbkznjh
dtythf123
duality1
dubai2010
dubak1985
dublin01
dublin88
dubplate
duc900ss
ducati01
ducati20
ducati74
ducati748
ducati91
ducati916
ducati95
ducati99
ducati996
ducati998
duceduce
duchesne
duchess1
duchesse
duchovny
duck1234
duck2000
duck3825
duckbill
duckbutt
duckduck
duckett1
duckfart
duckfuck
duckhead
duckhook
duckhorn
duckhunt
duckling
ducklips
duckman1
duckpond
duckshit
ducksoup
duckster
ductile5
ducttape
dud89jia
duddeeee
dude1234
dude1998
dude2000
dudedude
dudelove
dudemail
dudeman1
duderanch
duderman
dudester
dudley01
dudley11
dudley12
dudley99
dudo1525
duecebox
duelista
duesouth
duffb33r
duffbeer
duffield
duffman1
duffyboy
duffydog
dufresne
dufus711
dufuscat
dug197l2
duhkilla
duinstallupd
duisburg
duke1234
duke1991
duke2000
duke2222
dukeblue
dukedog1
dukeduke
dukeleto
dukeluke
dukenuke
dukenukem
dukerdog
dukester
duketogo
dulcemari
dulcemaria
dulcimer
dulcinea
dumars04
dumaurie
dumbass1
dumbass2
dumbbell
dumbdumb
dumbfuck
dumbledo
dumbledore
dumbshit
dumbslut
dumfries
dummkopf
dummy123
dumpling
dumpster
dumptruc
dumptruck
dumspirospero
duncan12
duncan21
duncan66
duncan69
duncan99
duncando
dune2000
dunebuggy
dungan56
dungeons
dunhill1
dunkin20
dunnodunno
dunnowho89
dunstabl
dunwoody
duodenum
duoglide
dupablada
dupadupa
duplicate
dupont24
duquesne
duracell
durachok
duradura
duran123
durandal
durandur
duranduran
durango0
durango1
durango2
durango3
durango9
durango95
durascope
durdom13
durka2011
durkheim
durochka
dusaubil
dushanbe
duskdawn
duskhell
dusseldorf
dust1n24
dust360271212009
dustdust
duster11
dustin12
dustin22
dustin23
dustin69
dustman1
dustpuppy
dusty123
dusty197
dustyboy
dustycat
dustydog
dutchboy
dutchdog
dutchess
dutchess1
dutchman
duvvvvvy
dv753159
dvallone
dvdupgrd
dvtcntyfdctulf
dw564676
dwers232wds
dwhg1974
dwilli4rd
dwindsor
dws32905
dxn36099
dxsuckit
dybik.66.
dybvfybt
dyenhtdtyyj
dylan123
dylanboy
dylandog
dynaglid
dynamic1
dynamics
dynamicupdat
dynamite
dynamo11
dynamo1927
dynastar
dynasty1
dynasty5
dynomite
dyskoteka1
dystopia
dzdzdzdz
dziadzia
dziewczyna
dzxtckfd
dzxtckfdjdbx
dzxtckfdjdyf
e0000100
e0000202
e0000206
e0001458
e0p0l49i
e1234567
e123456789
e13v2e67
e1l2e3n4a5
e1nste1n
e1r2f3g4
e214fre21
e2fq7fzj
e2yfp41b
e3tifcam16
e46bmwm3
e4sdd94v
e5poz8f1
e6aphkgg
e6pz84qfcj
e6y4uu12
e7bg646p
e7h5ewevse
e7xt6nzxn
e8d45a22a4
e8ip48iseh81
e8xw2pad5i
e94j1958n
e9511792
e9g7z5h1
e9neg194
eae21157
eagegolden
eagle055
eagle111
eagle1110
eagle1110-stimpy
eagle123
eagle131
eagle200
eagle777
eagle873
eagleajs
eagleboy
eagleeye
eagleeyes
eagleman
eagleone
eagleraz
eagles00
eagles01
eagles02
eagles04
eagles05
eagles08
eagles09
eagles10
eagles11
eagles12
eagles13
eagles19
eagles20
eagles21
eagles22
eagles23
eagles25
eagles33
eagles45
eagles76
eagles88
eagles99
eaglesne
eaglesnest
eagletal
eandc420
eapfeilstick
earendil
earl3480
earlchec
earlearl
earlgrey
earlmill
earlss01
earn3812
earnearn
earnhard
earnhardt
earnhardt3
earnhart
earnings
earthbound
earthlin
earthling
earthlink
earthman
earthpig
earthqua
earthquake
earthsea
earthwor
earthworm
earwax69
easier99
easports
east1999
eastcoas
eastcoast
easteast
easter12
eastern1
eastgate
eastlake
eastland
eastpack
eastside
eastside1
eastwest
eastwood
easy1234
easyas123
easycome
easydoes
easyeasy
easygoer
easykeel
easylife
easymone
easymoney
easynews
easynote
easyonmy
easypass
easyride
easyrider
eatadick
eatapeac
eatatjoe
eatme123
eatmenow
eatmeout
eatmeraw
eatmyass
eatmycum
eatmysho
eatmyshorts
eatpussy
eatshit1
eatshit2
eatshits
eatsjizz
eatspoop
eauclair
eb2aa9ba
ebanashka
ebanucca
ebbesand
ebeanstalk
ebenezer
eberhard
ebisebia
ebony123
ebonyass
ebonysup
ebz5e5tn
ecantona
ecarce99
ecartman
ecaterina
eccehbqcr
eccehomo
ecclesia
ecgtiyfz
ecgtiysq
echmaeshe
echnaton
echoarch
echobase
echocrew
echoecho
echostar
eclectic
eclipse0
eclipse1
eclipse2
eclipse7
eclipse9
eclipse99
eclipsed
eclipseg
eclipses
ecnbyjd22
ecnbyjdf
econ2005
econolin
economia
economic
economics
economie
economist
ecstatic
ecuador1
ed0bebop
ed123456
ed231777
ed92b622
edacedac
edc12345
edcrfvtg
edcrfvtgb
edcvfrtgb_1
edcwsxqaz
edcxswqaz
eddie123
eddie445
eddie622
eddie666
eddieboy
eddieeddie
eddiev96
eddieved
eddy2mee
eddywood
edededed
edelbroc
edeltraud
edelveis
edelweis
edelweiss
edeneden
edgar123
edgarpoe
edge1975
edgeedge
edgehill
edgerton
edgewise
edgewood
edinboro
edinburg
edinburgh
edinorog
edlight3
edlx9ti3blifme
edmartin
edmonds1
edmonton
edoedoedo
edpowers
edrftgyh
eduard26
eduardo1
eduardop
eduardos
educatio
education
educator
edvedder
edward01
edward08
edward10
edward11
edward12
edward123
edward13
edward14
edward16
edward18
edward19
edward20
edward21
edward22
edward23
edward69
edward74
edward99
edwardcullen
edwarddd
edwards1
edwardss
eeeedddd
eeeeeee1
eeeeeeee
eeeeeeeee
eeeeeeeeee
eeff11gg
eeijgcn1
eekkiimm
eekorehc
eels9mif
eementer
eequureu
eerbaugh
eeyore44
ef41e781ee
efa4r7h1
efbcapa201
efbcapa2010
efimenko
efremova
efwe5tgwa5twhgd
efwewefwewer
egew5twt3tgh65y
egf6qyk9
eggbgspj
egghead1
egghead2
egghead7
eggjuice
eggp1ant
eggplant
eggploit
eggrolls
eggsalad
eggseggs
eggshell
eghfdktybt
egmegyar
egoistka
egor1234
egor1996
egor1997
egor1998
egor1999
egor19999
egor2000
egor2001
egor2002
egor2003
egor2004
egor2007
egor2009
egor2010
egoregor
egxkc833sw
egypt123
egyptian
ehbyjnthfgbz
ehehedjkjlz
eheheheh
ehidmous
ehrhardt
eiarrcis
eichberg
eidothea
eight235
eight888
eightbal
eightball
eighteen
eightman
eighty88
eihthype
eiji0123
eikocarol13
einafets
eindhove
eindhoven
einhande
einstein
einstein1
einstien
eintrach
eintracht
eintritt
eir3489i
eisenach
eisenbahn
eisenhow
eisregen
ejaculat
ejaculation
ejxjzgbgunaz9z6j6exbniqga
ekaterin
ekaterina
ekaterina1
ekaterina20
ekaterinburg
ekaterine
ekidney7
ekilpool
ekimekim
eklhigcz
ekmnhfabjktn
ekmnhfvfhby
ekmzyjdcr
ekmzyjdf
ekmzyjxrf
ekonom2010
ekonomik
ekonomist
ekoostik
ekqug550
eks1rka2
ekvilibrium
ekx1x3k9bs
el1zabeth
el345612
el546218
elaine01
elaine123
elaine22
elaine28
elaine69
elan6tra
elaphant
elaquore
elarbol7
elastica
elates_y
elates_you
elbereth
elbonius
elbows96
elcamino
elcid1234
elconejo
elcoyote
eldar40k
eldarado
eldarien
eldiablo
eldorado
eldredge
eldridge
eldritch
eleanor1
eleanore
election
electone
electra1
electri1
electric
electric2
electrical
electrician
electro1
electrod
electrode
electron
electronic
electronica
electronics
electronik
elefant1
elefante
elegance
elegant1
elektrik
elektron
elektronik
elektronika
element0
element1
element2
element4
element5
element7
element9
elementa
elemental
elementary
elemento
elements
elena007
elena123
elena1234
elena1958
elena1959
elena1961
elena1962
elena1963
elena1964
elena1965
elena1966
elena1967
elena1968
elena1969
elena1970
elena1971
elena1972
elena1973
elena1974
elena1975
elena1976
elena1977
elena1978
elena1979
elena198
elena1980
elena1981
elena1982
elena1983
elena1984
elena1985
elena1987
elena1989
elena1991
elena2008
elena2010
elena2011
elenaelena
elenagilbert
elenberg
elendil1
eleonard
eleonora
eleonore
elephan1
elephant
elephant1
elephant123
elephant25
elephant9
elephants
elevatio
elevation
elevator
eleven10
eleven11
elfenlied
elfmeter
elfquest
elfriede
elfstone
elfxf777
elgato43
elgrande
elgringo
elhombre
eliane50
elias091
elijah00
elijah23
eliminat
elinochka
elior20052482
elisabet
elisabeth
elisabetta
elisaveta
eliseeva
elista08
elitedollars
elizabet
elizabeth
elizabeth1
elizabeth2
elizarov
elizavet
elizaveta
elizondo
elizoveta
eljdjkmcndbt
elkabong
elkeelke
elkhound
elkhunte
elkipalki
ellabean
ellaella
ellakate
ellegirl
ellehcim
elleinad
ellenbra
elliedog
ellielli
elliemae
elliemay
ellingto
ellington
elliott1
elliott3
elliott7
elliott9
elliotts
ellipses
ellipsis
ellswort
ellsworth
elmander
elmatado
elmcroft
elmenda4
elmer251
elmerfud
elmerfudd
elmhurst
elminste
elminster
elmo1234
elmoangu
elmoelmo
elmometz
elmootaz
elmstree
elmstreet
eloise94
eloquent
elpatron
elsaelsa
elsalvad
elsalvador
elshadda
elsinore
elskerdi
elsworth
elton123
eltonjohn
eltun4551
elvenelder
elverson
elvin123
elvira12
elvira26
elvis111
elvis123
elvis195
elvis197
elvis200
elvis666
elvisdog
elviselv
elvisliv
elvislives
elvispre
elvispresley
elvistcb
elway777
elwayelway
elwayjoh2
elwayyawle
elwood123
elyunque
elzbieta
emachine
emachines
emagdnim
email123
emanuel1
emanuela
emanuele
emanuelle
emar3114
embalmer
embarras
embassy1
emberton
emelianenko
emelyanov
emerald1
emerald2
emerald3
emeralds
emeraude
emergenc
emergency
emergent
emerica1
emerson1
emerson2
emersons
emigrate
emilemil
emiliano
emilie26
emillers
emily123
emily380
emilyann
emilyany
emilyg03
emilygrace
emilyjane
emilynme
emilyros
emilyrose
eminem00
eminem11
eminem12
eminem123
eminem69
eminence
emirates
emissary
emission
emissions
emma1234
emma2821
emmaemma
emmaford
emmagirl
emmajane
emmajean
emmajohn
emmaline
emmalove
emmanuel
emmanuell
emmanuelle
emmanuil
emmapeel
emmarose
emmaruth
emmawatson
emmeline
emmerson
emmitt11
emmitt22
emonster
emosucks
emotiona
emotional
emotions
empacher
emperado
emperador
emphasis
empire11
empire12
empire58
empire69
empire88
empireearth
employed
employee
employme
employmen
employment
emporium
emtec30mh
emtmedic
emulator
emulet13
emulsion
emyeuanh
emyu6fc5
enamorad
enamorada
encenc12
enchante
enchanted
enchilad
encounte
encounter
encrypted
encyclopedia
endeavor
endeavou
endeavour
ender123
endicott
endofday
endofdays
endorphi
endpoint
endtimes
enduranc
endurance
endymion
endzone1
ene67ryf
enemy123
energetik
energetika
energize
energizer
energy00
energy12
energy123
energy23
energy77
energystar
enfejon1
enfermer
enforcer
eng2nerd
eng53533
engadine
engelber
engelche
engelchen
engelman
engeltje
engine10
engine11
engine12
engine13
engine1995ass
engine22
engine23
engine25
engine99
engineer
engineer1
engineering
enginerd
england1
england2
england4
england6
england7
englands
englewoo
english1
english2
englishman
englishman36
engracia
enhanced
enigma12
enigma13
enigma22
enigma69
eniluap1
enjoy123
enjoylife
enjoyporn
enjoythe
enlighte
enochian
enolagay
enormous
enotenot
enrique1
enriqueta
enron714
ensemble
ensenada
ensicptfcor
enslaved
enter123
enter777
enterent
enterenter
entering
enternet
enternow
enterpr1
enterpri
enterpris
enterprise
enterprise1
enterprisese
entershikari
entertai
entertain
entertainment
enterthe
entourag
entourage
entrada1
entrance
entreprise
entropia
entropy1
entropy6
entry170
enum1394
enumerated
enumerator
envelope
envelopes
environm
environment
envision
enzoenzo
eohippus
epaulson
epervier
epevfrbyfhenj
epicepic
epicfail
epidemia
epier666
epikuros
epinette
epiphany
epiphone
episode1
episode2
epizode666
epoch123
epochtes
epochtest
eposmatvik
epresley
epsilon1
epsilon6
epsonlq100
epynbanz
eqes606898
eqnclass
equality
equalize
equation
equilibr
equilibrium
equinoxe
equipmen
equipment
equities
erasmus1
erasur23
erdbeere
erdinger
erdoc129
erec26rus
erection
ereiamjh
eremeeva
eremenko
erendira
erephiov
erererer
erererg8
ereyes4269
ereyes4269-ryan1199
erf5hqce
erfolg01
ergoline
ergonom1
erhjgxbr
erhreh5yuh5
eric1132
eric1234
eric2446
eric3317
eric9723
erica100
erica123
ericalyn
ericcant
ericeric
ericholm
ericidle
ericjoe2004
ericjohn
erick123
erickson
ericss0n
ericsson
eridanus
erika123
erikerik
eriksson
erinerin
erinmarie
erkebulan
erlangen
erlanger
erle3347
erlkoeni
ermakova
ermantis
ermolaev
ermolaeva
ermolenko
ernest02
ernestb9
ernestin
ernesto1
erocdrah
eropokereropoker
eroseros
erotic4u
erotica1
erotique
erotoman
error123
error404
errorlog
ersoyxxx
ertdfgcvb
erterter
ertertert
ertw2280
ertyerty
ertyuiop
eruption
erwinven
erywgan5
escadinh
escaflow
escaflowne
escalade
escalant
escalera
escapade
escape12
escape59
escapism
escappat
escargot
escobedo
escondido
escopeto
escorpiao
escorpio
escorpion
escort01
escortgt
escudero
esfandia
eshmaesh
eskridge
esmerald
esmeralda
esmiralda
esmith22
esoteric
esoxesox
espadart
espanol1
espanola
espanyol
especial
esperanc
esperant
esperanto
esperanz
esperanza
espfrk98
espinosa
espinoza
espiritu
esposito
espraber
espresso
esquire1
esquivel
essayons
essendon
essentia
essential
essentuki
essequib
essexboy
essptfcor
est55086
estacado
estacion
esteban1
estefani
estefania
estefany
esteghlal
estella1
estelle1
estephan
ester420
estetica
esther01
esther12
estimate
estoppel
estragon
estrange
estranged
estrelinha
estrella
estrellas
estrellit
estrellita
estrogen
estudiant
estudiante
estudiantes
estupendo
etacovda
etcetera
eternal1
eternity
eternity1
ethan123
ethelbert
ethereal
etherlord
ethernet
ethiopia
etienne1
etology25
etranger
ettevroc
euamojesus
euamominhamae
euamominhavida
eubkmhf8gzik
euclid90
euflfqrf
eugene22
eugenius
eulacomplete
eulbeulb
euphoniu
euphoria
euq8pvhrnpssdymizqx+
euridice
euro2000
euro2004
euro2007
euro2008
euro2012
eurocard
euroeuro
euroline
europass
europe72
european
eurostar
eurotras
eurotrip
eus1sue1
eusebius
eusingur
eusougay
eusoulinda
eusoumaiseu
eustache
euteamodemais
euteamomuito
eutect1c
eva12345
eva30166cp
eva81915
evaluate
evamaria
evamarie
evan1234
evandent
evanescenc
evanescence
evanevan
evangeli
evangelin
evangelina
evangeline
evangelion
evanston
evaristo
evasmore
evaunit1
evdokimov
evdokimova
eve12345
evelinka
evenflow
evensong
evenstar
eventcls
eventide
eventlog
eventlogmess
everafte
everardo
everclea
everclear
eveready
everest1
everest3
everett1
everett2
everette
evergree
evergreen
everhard
everlast
everlasting
everlong
evermoon
evermore
everques
everquest
everread
everready
everton1
everton12
everton2
everton8
evertonf
evertonfc
evertons
everybod
everybody
everyday
everyman
everyone
everythi
everything
evgen1992
evgenija
evgeniya
evgeshka
evhen123
eviction
evidence
evil1031
evilcome1
evildead
evildevil
evildoer
evilevil
evileyes
evilgenius
evillive
evilmind
evilness
eviltwin
evinrude
evollove
evolutio
evolution
evolution1
evolution8
ewelina6814838
ewelinka
ewokewok
ewqdsacxz
ewqewqewq
ewufahum
ex1style
examen99
examiner
exbntkmybwf
excalib1
excalibe
excaliber
excalibu
excalibur
excedrin
excelent
excellen
excellence
excellent
excelsio
excelsior
exception
exchang1
exchange
exciteme
exciting
exclusiv
exclusive
excursio
excursion
excuseme
execution
executiv
executive
executor
exedra345
exegesis
exellent
exercise
exigente
existenz
exlibris
exorcist
expanasion12
expander
expansio
expansion
expediti
expedition
expensive
experian
experien
experience
experienced
experiment
experten
expirate
expl0it|ng
expl0rer
explicit
exploder
exploite
exploited
exploiter
exploitf
explore1
explore9
explorer
explorer1
explorin
explosio
explosion
explosiv
explosive
expo9898
exponent
exposure
express1
express2
express3
express9
expressi
expresso
expresss
exstrace
extended
extensa5220
extension
exterior
external
extra300
extra330
extreme1
extremes
extremezver
extruder
eyaze3mpkzns
eybdthcbntn
eybdthcfkmysq
eyccgwa4
eyeball1
eyeballs
eyebrows
eyecandy
eyeglass
eyelevel
eyesblue
eyeshield2
eyeshield21
eyesonly
eyghxcje
ez4u2say
ezdoesit
ezebacca
ezechiel
ezekiel1
ezequiel
ezn2shag
ezraezra
f00tb4ll
f00tba11
f00tball
f1234567
f12345678
f123456f
f14tomca
f14tomcat
f150f150
f150ford
f15eagle
f16falco
f18hornet
f19911991f
f1f2f3f4
f1f2f3f4f5
f1ogenay
f1r2e3d4
f1racing
f1reball
f1u2c3k4
f1x753951753951
f22rapto
f22raptor
f23572661
f250ford
f2r5t6w3
f331x4cc3ss
f334cf27
f3f3f4f7
f47h0104
f4lo8wer
f4phanii
f5533576m
f5_mk6vn
f64579820f
f6520907k
f7b9f7b9
f805f530
f81h55zw
f86sabre
f8753ec4
f8dsps818
f8yruxoj
f929vcb2
fa49at56
faastrom
fabdjb20
faberlic
fabfabfa
fabienne
fabietto
fabio197
fabio199
fabiola1
fabolous
fabolous1
fabregas
fabrice1
fabricio
fabrizio
fabulous
faccione
face1960
face2fac
face2face
facebook
facecream
faceface
facefuck
facefucker
faceless
facelift
faceman11
facepalm
facesitt
facetoface77
facial66
fackaspike
fackoff1
facto2534
factorymode
factotum
fadeaway
fadetoblack
faerlions
fafyfcbq
fafyfcmtd
fafyfcmtdf
faggot123
fahjlbnf
fahrenheit
failsafe
failure1
faiq1992
fairaday
fairbank
fairbanks
fairchil
fairchild
fairfiel
fairfield
fairhurs
fairlady
fairlane
fairless
fairline
fairmont
fairoaks
fairplay
fairport
fairview
fairways
fairwood
fairylan
fairytail
fairytale
faisal12
faisalabad
faith123
faith200
faith777
faithful
faithful1
faithfull
faithles
faithless
faiwvn8523
faizarecords
fakefake
fakename
fakepass
faketits
fakultet
falchion
falcon01
falcon04
falcon10
falcon11
falcon12
falcon13
falcon15
falcon16
falcon17
falcon19
falcon20
falcon21
falcon22
falcon23
falcon24
falcon29
falcon33
falcon40
falcon50
falcon66
falcon69
falcon70
falcon75
falcon79
falcon99
falconer
falcons1
falcons2
falcons7
falgoust
falkland
fall1998
falla123
fallbroo
fallbrook
falldown
fallen11
fallen12
fallen123
fallen22
fallenan
fallenangel
fallengun
fallenon
falling1
fallout1
fallout2
fallout3
falloutboy
falloutt
falmouth
falstaff
familia1
familia123
familia2
familia5
families
family01
family04
family10
family12
family123
family22
family23
familygu
familyguy
familyguy1
famish11
fan123uc
fan4fan4
fanat123
fanat1234
fancyboy
fancyfac
fancypan
fandango
fandorin
fangfang
fangoria
fank10011996
fannyfan
fannylover
fannymay
fanpai139
fanta123
fantamas
fantango
fantasia
fantasie
fantasies
fantasma
fantasmi
fantast1
fantasti
fantastic
fantastic4
fantastico
fantastik
fantastika
fantasy1
fantasy2
fantasy3
fantasy4
fantasy7
fantasy8
fantasy9
fantasyl
fantasys
fantasyw
fanthchr
fantom241093
fantomas
fantomen
faqsam13
far8mg27
farah123
farassoo
fares123
farewell
farfalla
fargo123
fargofor
fariba99
farid123
farideh9
fariss73
farmacevt
farmacia
farmallm
farmboy1
farmer12
farmer67
farmers1
farmgirl
farmhous
farmingt
farmland
farmvill
farmville
farmyard
farnswor
farolito
farome4095
farpoint
farrage1
farragut
farris39
farscape
farscape1
farside1
farside6
farsides
fartblos
fartface
fartfart
farthead
farthing
farthole
fartknoc
fartman1
fartripper
fasdfasd
fashion1
fashions
fasihudd
fasnacht
fassar72
fassbinder
fassen55
fassenoc
fast1313
fastback
fastbal1
fastball
fastbike
fastboat
fastbuck
fastcar2
fastcars
fastcash
fastdane
fastdraw
fasteddi
fasteddie
fasteddy
fastener
faster11
fastest1
fastfast
fastfeet
fastfish
fastfood
fastford
fastfred
fasthand
fastjack
fastkick
fastlane
fastlove
fastone1
fastpitc
fastporn
fastrack
fastride
fasttrac
faszfasz
fat4life
fatal1ty
fatal416516
fatalber
fataliti
fatality
fatamorgana
fatass69
fatasses
fatbasta
fatbastard
fatbilly
fatbitch
fatbloke
fatboy03
fatboy69
fatboy99
fatboyslim
fatcat12
fatcat22
fatcat33
fatchanc
fatchick
fatcock1
fatdaddy
fatfatfat
fatgirls
fathead1
father01
father11
father12
father123
fatih1453
fatima753357
fatkitty
fatlover
fatluvr69
fatmacin
fatmama56
fatman32
fatnasty
fatnuts1
fatpussy
fatrufus
fatshaft
fattbutt
fattyfat
faufybcnfy
faulkit2
faulkner
faultles
fauquier
faust123
faustine
faustino
favored1
favorite
favorite2
favorite3
favorite4
favorite5
favorite6
favorite7
favorite8
favorite9
favorites
favorito
favoritos
favourite
favvf4vi
fawnfawn
fax290mc
faxmodem
fayefaye
fbelcher
fbi11213
fcasmaaa
fcbarcelon
fcbarcelona
fcbayern
fcbmedia
fcc5nky2
fccgqag134
fccjhnbvtyn
fcgbhfyn
fckgwrhqq2
fcnfkfdbcnf
fcporto74
fcporto74150
fcsm1922
fdadb2io
fdcnhfkbz
fdfnfhrf
fdfnfhrf6666
fdfyufhl
fdg6846dg6d
fdgdfgfd
fdgfdgdfg
fdgfdgfdg
fdhfvbyrj
fdhfvtyrj
fdnjcktcfhm
fdnjhbntn
fdnjhbpfwbz
fdnjirjkf
fdnjpfgxfcnb
fdnjvfnbpfwbz
fdnjvfnbrf
fdnjvjqrf
fdpbubu61
fdsa4321
fdsaasdf
fdsafdsa
fdsarewq
fdsg5485lhn5
fearfact
fearfear
fearle55
fearless
fearnone
fearthis
feather1
featherb
feathers
feathertextu
features
februari
february
february14
feckarse
fedaykin
fedcbaabcdef
fedeisor7
federal1
federal4
federati
federation
federica
federico
federico1
fedex123
fedorenko
fedorov9
fedorova
fedorovich
fedoseev
fedoseeva
fedotova
fedtmule
feeburger
feedback
feefif0m
feelbigs
feelfree
feelgood
feelings
feemdeus
feet1966
feetball
feetfeet
feetlove
feettoes
fefolico
feiertag
fej3xs65
felakuti
felcher0
feldspar
felicia1
felicia2
felicia3
felician
felicida
felicidad
felicidade
felicita
felicitas
felicity
felicity1
felipe10
felipe12
felipe123
felipe23
felipesa
felix007
felix123
felix777
felixcat
felixfel
felixfelix
felixthe
felixthecat
felixxxx
fellatio
felling1
fellowes
fellowship
feltcher
feminism
fenceman
fencing1
fender01
fender11
fender12
fender21
fender22
fender33
fender54
fender67
fender69
fender77
fender79
fender86
fender88
fender99
fenderst
fenderstrat
fenechka
fener1907
fenerbah
fenerbahc
fenerbahce
fenestra
fengshui
fenimore
fenomena
fenomenal
fenomeno
fenris62
fentress
fenwick1
fenwick7
feodosia
ferafera
ferdferd
ferdi151
ferdinan
ferdinand
ferguson
ferguson1
fericire
ferid123
ferien12
fermazombi
fernand1
fernanda
fernande
fernandes
fernandez
fernandez1
fernandit
fernandito
fernando
fernando1
fernandotorres
ferndale
ferndown
fernhill
fernwood
ferrara1
ferrari0
ferrari1
ferrari2
ferrari3
ferrari355
ferrari360
ferrari4
ferrari430
ferrari5
ferrari6
ferrari7
ferrari9
ferrarif
ferrarif1
ferrarif50
ferraris
ferreferre
ferreira
ferret01
ferret11
ferret12
ferret69
ferretti
ferritin
ferrolad
ferruccio
ferryman
fesseln2
festival
fetish01
fetish33
fetish69
fetish99
fetishes
fett89kg
feuer112
feuerfrei
feuerweh
feuerwehr
feuillet
feverish
fewave99
feyenoor
feyenoord
feyenoord1
feynman1
ffantasy
ffd0fdd6cbf01
ffff2000
fffffff1
ffffffff
fffffffff
ffffffffff
fffffffffff
ffffffffffff
ffffgggg
ffg47nav
ffifield
ffvdj474
ffynches
fgdfgdfg
fgfgfgfg
fggfekiebc
fggfhfnxbr
fgghjrcbvfwbz
fggjkbyfhbz
fghfghfg
fghfghfgh
fghjfghj
fghjklvb
fghjrcbvfwbz
fghrl138
fghtkm26
fgjcnjk1
fgjkbyfhbz
fgjrfkbgcbc
fgjrfkbgnbrf
fgmd8888
fgstxlkm
fgtkmcby
fgtkmcbyrf
fgtkmcbyxbr
fh18p2ss
fh1rb4b6zp
fhbyeirf
fhbyf2008
fhbyjxrf
fhctybq2
fhctyxbr
fhfwtwrtw
fhktrbyj
fhnbkkthbz
fhneh123
fhneh144
fhneh1993
fhnehfhneh
fhnehxbr
fhnfvjyjdf
fhntv123
fhntv1997
fhntv1998
fhntv1999
fhntv2001
fhntvfhntv
fhntvjxrf
fhntvxbr
fhutynbyf
fhvcnhjyu
fhvfnehf
fhvfutljy
fhvfutlljy
fhxfptabh
fiat125p
fiatpunto
fibergla
fibonacci
fic220488
ficelles
fichetto
fick1tju
fickdich
ficken100
ficken12
fickmich
ficktjuv
fiction1
fiction3
fiction4
fiction5
fiction6
fiction7
fiction8
fiction9
fiddlest
fidelidade
fidelio1
fidelitas
fidelity
fidifidi
fidler98
fidodido
fidofido
fidose84
fidotiti
fieldhockey
fielding
fiendish
fieruled
fiery658
fiesta97
fiestabg
fietsbel
fietsen1
fifa2000
fifa2002
fifa2004
fifa2006
fifa2008
fifa2009
fifa2010
fifa2011
fifa2012
fifafifa
fifer2402
fifififi
fiftyfiv
fiftyfive
fiftyone
fiftysev
fiftysix
fiftytwo
figafiga
fighetta
fighing54
fightclu
fightclub
fighter1
fighter6
fighters
fighting
fighting54
fighton1
figment1
fignewto
figueira
figueras
figueroa
figure29
fiji1848
fijifiji
filafila
filatova
filemgmt
filename
filhadaputa
filibert
filimonov
filimonova
filing25
filipina
filipino
filipkoo
filippo1
filippok
filippov
filippova
fillerup
fillmeup
fillmore
filmaker
filmfilm
filmmaker
filmnoir
filmore12
filmstar
filomena
filters1
filthpig
filudskou
final134
final678
finalcut
finalfan
finalfantasy
finally1
finance1
finance8
finances
financia
financial
financie
finanzen
finchley
findaupair007
findgrep
findliy1999
findlove
finegirl
fineline
finestra
finewine
finger090
finger11
finger12
fingerfo
fingerme
fingers1
fingerwe
fingolfi
fingolfin
finished
finishthread
finisterra
finkfink
finland1
finlandi
finlandia
finnegan
finnfinn
finnigan
finnland
finntroll
finster1
fiorella
fiorellino
fiorenti
fiorentin
fiorentina
fiorucci
fire1234
fire231989
fire7zen
fireandi
fireants
firearms
fireba11
fireball
fireball1
fireball5
fireballxl5
firebir1
firebird
firebird1
fireblad
fireblade
fireblue
firebolt
fireboy1
firebran
firebuff
firecrac
firedanc
firedawg
firedept
firedog1
firedrag
firedragon
firedrake
firedude
fireexit
firefall
firefigh
firefighte
firefighter
firefire
fireflie
fireflies
firefly1
firefly2
firefly3
firefly5
fireflys
firefox1
firefox2
firefox7
firegirl
firehawk
firehose
firehous
firehouse
fireinth
fireligh
fireline
firelord
fireman1
fireman2
fireman5
fireman6
fireman7
fireman88
firemans
firemedi
firemedic
firenice
firenze1
fireplac
fireplace
fireplug
firepower
fireside
firesign
firesoldat
firesole
firesong
firestar
firestarter
fireston
firestone
firestor
firestorm
fireteam
firetech
firetrap
firetruc
firetruck
firewalk
firewall
firewate
firewater
firewave
fireweed
firewind
firewire
firewolf
firewood
firework
fireworks
firlefan
firstaid
firstbase
firstbor
firstcla
firstdog
firstime
firstlin
firstline
firstlov
firstlove
firstone
firstone123
firstson
firsttim
firsttime
fischer1
fischkop
fish1000
fish1234
fish2000
fish2001
fish2222
fish4fun
fish9378
fishbait
fishbone
fishbowl
fishbrai
fishbulb
fishcake
fisher10
fisherma
fisherman
fishface
fishfinger
fishfish
fishfood
fishfoot
fishfuck
fishguts
fishhead
fishhook
fishing1
fishing2
fishing3
fishing4
fishing5
fishing6
fishing7
fishing8
fishings
fishkill
fishlips
fishman1
fishman7
fishmans
fishmong
fishmonger
fishnchips
fishpond
fishsoup
fishstic
fishstix
fishtaco
fishtail
fishtale
fishtank
fishtank1
fishtrap
fishy123
fishyfinger
fistashka
fistfuck
fisting1
fit4life
fitness1
fitt4peg
fittings
fitzgera
fitzgerald
fivefive
fivehole
fiveiron
fivekids
fivestar
fivetime
fivewood
fivottig
fixation
fixedbutton
fixitfixit
fixitman
fixitnow
fizzbinn
fj6544fjdfj
fj973qrt
fjfjfjfj
fjnq8915
fjohnson
fjysk762
fk8bhydb
fkajfhsgt19pot
fkbcjxrf
fkbufnjh
fkbyf001
fkbyf123
fkbyf2002
fkbyf2004
fkbyf2007
fkbyf2010
fkbyffkbyf
fkbyjxrf
fkbyjxrf1
fkg7h4f3v6
fkktuhjdf
fkmnfdbcnf
fkmnhebcn
fkmnthyfnbdf
fkmrfgjyt
fkmvtnmtdcr
fkojn6gb
fkp3dvha
fkrjujkbr
fktdnbyf
fktif6115
fktitymrf
fktrc123
fktrcfirf
fktrcfyl
fktrcfylh
fktrcfylh1
fktrcfylh79
fktrcfylh89
fktrcfylhbz
fktrcfylhf
fktrcfylhf1
fktrcfylhjd
fktrcfylhjdbx
fktrcfylhjdf
fktrcfylhjdyf
fktrcfylth
fktrctq1
fktrctq123
fktrctq94
fktrctqrf
fktrcttd
fktrcttdf
fktrcttdyf
fktyeirf
fktyf123
fktyf2000
fktyf2010
fktyjxrf
fkxyjcnm
fl1nger1
flagflag
flagpole
flagrant
flagship
flagstaf
flagwave
flaherty
flakenpo
flambeau
flamberg
flame123
flameboy
flamehead
flamenco
flamengo
flamengo1
flamengo201
flames11
flames12
flamethrower
flaming0
flaming1
flamingo
flamingo1
flamings
flaminia
flanagan
flanders
flanker1
flanker27
flanker7
flannery
flapjack
flappers
flapping
flapwnage
flaquito
flash123
flash197
flash198
flashbac
flasher1
flashers
flashfla
flashget
flashgor
flashing
flashlig
flashlight
flashman
flashnet
flashove
flashover
flashpoi
flashpoint
flatboat
flatbrok
flatbush
flateric
flatfish
flatfoot
flathead
flatiron
flatl1ne
flatland
flatline
flatrock
flatron1
flatron12
flatron15
flatronez
flatronf700b
flatronf700p
flatronf720b
flatronlgl
flatsk73
flattemp
flatters
flattire
flatworm
flaubert
flavius1
flawless
fleabags
fleabite
fleetwoo
fleetwood
flemming
flemwhit
fleshbot
fletch12
fletcher
flethule
fletteri
fleurdelis
fleury14
flexflex
flexible
flexscan
flgators
flhtyfkby
flicfloc
fliegen1
flight00
flight12
flight23
flight55
flimflam
flinders
flindurl
flinston
flinstone
flint123
flintloc
flintoff
flintsto
flintstone
flipflip
flipflop
flipflop1
flipmode
flippant
flipper1
flipper2
flipper4
flipper5
flipper7
flipper9
flippers
flipping
flipside
flirting
fliwatuet
flizzagza
flodhest
flogger1
flogging
floggolf
flojalin
flomaster
flooding
floondor
flooring
floortje
floppers
florance
florence
florence1
florenci
florencia
florenti
florentina
florentino
flores123
floresta
florian1
floricel
florida0
florida09
florida1
florida2
florida3
florida6
florida7
florida8
florida9
floridas
flotilla
flotskaj
flougelle
flounder
flowbee1
flower01
flower11
flower12
flower123
flower22
flower34
flower99
flowerpo
flowers1
flowers12
flowers2
flowers4
flowers5
flowers6
flowerss
flowflow
flowmast
flowserv
floyd123
floyd723
floydian
floydpink
flpydisk
flstudio
fltkfblf
flubber1
fluff123
fluffhea
fluffhead
fluffy11
fluffy12
fluffy123
fluffy77
flufhead
flugzeug
fluminense
fluminense1
flury141
flushing
flutie22
flutterb
flutterby
flvbybcnhfnjh
flvbybcnhfwbz
fly33angel
flyaway1
flybynig
flyeagle75
flyerfan
flyers01
flyers10
flyers12
flyers25
flyers74
flyers88
flyers99
flyfish1
flyfishe
flyfisher
flyfishi
flyfishing
flygplan
flyingfi
flyinghigh
flypaper
flyphish
flyplane
flyvholm
flywheel
flz300zx
fm12mn12
fm2zxc49
fmachine
fmdidgad
fmdsnwfc
fnkfynblf
fnkfynbrf
fnktnbrf
fnvjcathf
foadfoad
foamdisc
foax8360
fobidden
fockewul
focus001
focus123
focus247
focusrs2006
focuszx3
foda-se1
foda-se12
foghorn1
fogsurf3
foiegras
fokkerd7
foley123
follador
follando
folletto
follicle
follower
followin
following
followme
followup
fomafoma
fomikfomik
fontaine
fontenot
foo54bar
foobarba
fooddish
foodfood
foodgood
foodlion
foodmart
foofight
foofighter
foofighters
foofoo22
foolfool
foolish1
foolmoon
foolproof
foolsgol
fooma091194fds
foosball
foossoof
footba11
footbabe
footbal1
football
football!
football****
football07
football09
football1
football10
football11
football12
football123
football13
football15
football17
football18
football2
football20
football21
football22
football23
football24
football3
football32
football33
football34
football37
football4
football44
football5
football50
football52
football53
football55
football56
football6
football65
football69
football7
football74
football79
football8
football81
football85
football88
football9
football91
football98
football99
footballer
footballs
footfeti
footfoot
footfuck
foothill
footjob1
footjob2
footjobs
footlick
footlock
footlocker
footlong
footloos
footlove
footlover
footman1
footnote
footprin
footrest
footsies
footslav
footstep
footwear
footwork
foozball
for3very
forbidde
forbidden
forbiden
forcabarca
forcedwo
forcerec
forces77
ford1234
ford1994
ford1996
ford1997
ford2000
ford2004
ford2005
ford9402
fordbest
fordcar1
fordcars
fordescort
fordf100
fordf150
fordf250
fordf350
fordf550
fordfalcon
fordfiesta
fordfocu
fordfocus
fordford
fordgt40
fordham1
fordmondeo
fordmust
fordmustang
fordprob
fordpuma
fordracing
fordrang
fordranger
fordrs2006
fordson1
fordssuc
fordsuck
fordtemp
fordtruc
fordtruck
fordtrucks
fordtuff
fordwood
fore1961
forecast
foreclos
forehand
forehead
foreigner
foreman1
foremost
forensic
forensics
foreplay
foreskin
forest01
forest04
forest10
forest11
forest12
forest22
forest99
forester
forester1377
forestgump
forestman
forestry
forevaziko
forever!
forever0
forever01
forever1
forever123
forever13
forever2
forever21
forever27
forever3
forever4
forever5
forever6
forever7
forever777
forever8
forever9
foreveralone
foreverk
foreverlove
foreverm
forevers
foreveryoung
foreward
forexman
forgetfu
forgetful
forgetit
forgetme
forgetmenot
forgiven
forgivness
forgot333
forgoten
forgotit
forgotte
forgotten
fori6666
forklift
formaggi
formatc1
formatio
formation
formatted
formatters
formcoms
formentera
formica4
formula1
formula2
formula3
formula5
formula9
formulaone
formule1
fornicat
forrest1
forreste
forrester
forrests
forsaken
forsberg
forsberg21
forsex69
forsonja
forsythe
fortalez
fortaleza
fortepiano
forthook
fortitud
fortknox
fortminor
fortnight
fortoday
fortress
fortuna1
fortuna9
fortunat
fortunato
fortune1
fortune12
fortune2
fortune8
fortuner
fortunes
forty9er
fortyfou
fortyfour
fortynin
fortyone
fortysix
fortytwo
forum442
forward1
forwoman
forzainter
forzajuv
forzajuve
forzamilan
forzarom
forzaroma
foshizzle
fosl0002
fossil123
fossil99
foster12
foster21
foster77
fosters1
fotmfotm
fotofoto
fotograf
fotografia
fotopass
fottball
foucault
foufoune
foulball
foundati
foundation
founders
fountain
fountain1
fountainhead
four4444
four5six
fouraces
fourball
fourcats
fourdogs
fourever
foureyes
fourfive
fourfour
fourgirl
fourkids
fourleaf
fournier
fournine
fourofus
fourplay
fourramv
fourrunn
fourscor
foursome
fourstar
fourteen
fourtrax
fourtwen
fourtwenty
fourwinn
fowler123
fowler23
fowtaop572
fox12345
foxcg333
foxfire1
foxfire2
foxfoxfox
foxglove
foxhound
foxlake1
foxlover
foxmulde
foxmulder
foxmurphy
foxracin
foxracing
foxriver
foxthree
foxtrot1
foxtrot2
foxtrot3
foxtrot4
foxtrot5
foxtrot6
foxtrot9
foxtrott
foxwoods
foxworth
foxy2005
foxygirl
foxylady
foxyroxy
fozzharr
fozzie24
fpas0c1a
fpfnjdbx036
fr16041987
fr33pa55
fr4nklin
fr6vv5j2hy
frabjous
fractals
fraction
fracture
fraggle1
fraggles
fragile1
fragmaster
fragment
fragunrm
frambois
framework
frampton
franc1sc
francais
france00
france04
france98
france99
frances1
francesc
francesca
francesca1
francesco
francese
francheska
franchis
franchise
francine
francis0
francis1
francis11
francis2
francis5
francis6
francis7
francisc
francisca
francisco
francisco1
franciss
franco12
francois
francoise
franfran
frank001
frank098
frank100
frank123
frank200
frank333
frank666
frankbob
frankenb
frankenstein
frankfor
frankfrank
frankfur
frankfurt
frankie1
frankie2
frankie3
frankie4
frankie5
frankie6
frankie7
frankie8
frankieb
frankiej
frankies
frankjos
frankli1
franklin
franklin1
franklin12
franklyn
frankthomas
franky78
frankzap
frankzappa
fransisco
fransson
franzisk
franzkafka
fraser44
frasier2
fratelli
fraterni
fratparty
fratprty
fraumadam
frazetta
frazier1
frazier9
frctyjd1
frdamien
frdfgfhr
frdfhbev
frdfhtkm
frdfkfyu
frdfvfhby
fre_ak8yj
freak123
freak196
freakazo
freakboy
freakdog
freakfis
freaking
freakish
freakman
freaknas
freaknasty
freakout
freaksho
freakshow
freaky69
frechett
freckles
frecnbrf
fred1234
fred2002
fred2727
fred8888
fred9999
fredbear
fredderf
freddie0
freddie01
freddie1
freddie2
freddie3
freddie5
freddie9
freddies
freddy01
freddy09
freddy10
freddy12
freddy123
freddy13
freddy18
freddy69
freddy7a
freddy99
frederi1
frederic
frederica
fredericia
frederick
frederico
frederik
frederiksberg
frederikshavn
frederique
fredfish
fredflin
fredfond
fredfre1
fredfred
fredhead
fredherty
fredisdead
fredl123
fredleee
fredlynn
fredonia
fredperry
fredric1
fredrick
fredrico
fredrika
fredster
free1234
free1sch
free2000
free2001
free2rhyme
free4all
freeaccess
freeaccount
freeadsads
freeanime
freeatlast
freebase
freebeer
freebird
freebird1
freeborn
freecell
freeclus
freecom5
freedive
freedom0
freedom09
freedom1
freedom10
freedom11
freedom12
freedom123
freedom2
freedom2010
freedom3
freedom4
freedom4me
freedom5
freedom6
freedom7
freedom8
freedom9
freedom99
freedomm
freedoms
freedoom
freedumb
freefall
freeflow
freefood
freeforall
freefree
freeftp11
freefuck
freehand
freehold
freehous
freejack
freejazz
freekick
freekobe
freelady
freelanc
freelance
freelancer
freeland
freelander
freelife
freeload
freeloader
freelove
freemail
freeman0
freeman1
freeman123
freeman2
freeman3
freemann
freemars
freemaso
freemason
freemind
freemoney
freemont
freemusi
freemusic
freeones
freepass
freepics
freeplay
freeporn
freepornsource
freeport
freepres
freepuss
freepussy
freeride
freescale
freeserv
freesex1
freeshit
freesite
freesky12
freesmut
freesoul
freespac
freespace
freeston
freestone
freestuf
freestuff
freestyl
freestyle
freestyler
freesurf
freetibet
freetime
freetoon
freetown
freetraffic
freetrial
freeuser
freeview
freeware
freeway1
freeways
freewill
freewilly
freewind
freeworld
freexone
freeze112
freezer1
freezing
freezone
fregkopp
frehley1
freiberg
freiburg
freight1
freightliner
freights
freiheit
freizeit
frekyls1
frelfyflj7
fremantl
fremont1
french12
frenchfr
frenchfries
frenchfry
frenchie
frenchki
frenchkiss
frenchma
frenchman
frenchy1
frenchy3
frenetic
frentzen
frenulum
frequenc
frequent
fresh123
freshest
freshjiv
freshman
freshmen
freshness
freshone
freshwat
freshwater
fretless
fretwell
freudian
freyfvfnfnf
frfltvbr
frfltvbz
friction
fridaalo
friday01
friday08
friday11
friday12
friday13
friday20
friday21
friday78
fridolin
frieda81
friedchicken
friedman
friedric
friedrich
friend10
friend12
friend21
friendly
friendofasp
friends1
friends12
friends123
friends2
friends4
friends5
friends6
friends7
friends9
friendsarc
friendsforever
friendsh
friendshi
friendship
friendste
friendster
friendz1
frigates
frighten
frightnight
frijoles
frimouss
frippeno
frisbee1
friscoki
friskies
frisky01
fritolay
fritz123
fritzdog
fro25mai
frocetto
frodaddy
froddo86
frode17a
frodo123
frodo236
frodobag
frog1234
frogface
frogfoot
frogfrog
frogger1
froggers
froggie1
froggies
froggy12
froggy69
froghair
froglegs
froglips
froglove
frogman1
frogpond
frogskin
frogsnot
frogstar
frogtoad
froinlav
froinlaven
frolfrol
frolunda
fromages
fromajax
fromcops
fromhell
fromimpa
fromkama
fromvermine
front242
frontdoor
frontech
frontera
frontier
frontlin
frontline
frontman
frontosa
frontpage
frootloops
frost123
frost1996
frostbit
frostbite
frosties
frostone
frosty01
frosty12
frottage
froufrou
frozen30
frozenfish
fructose
fruit123
fruitbat
fruitcak
fruitcake
fruitfly
fruitful
fruitloo
fruitloop
fruitloops
frumious
frusciante
frustrat
frydaddy
fsd9shtyu
fsinatra
fsrelite
fssunhao
fsunoles
ftb251184
fthjgjhn
ftp123ftp
ftvgirls
fu082508251
fubar123
fubufubu
fuchsbau
fuck0000
fuck1108
fuck1234
fuck1off
fuck2000
fuck2you
fuck4ever
fuck4fun
fuck6969
fuck7you
fuck_inside
fuck_you
fuckable
fuckaduc
fuckaduck
fuckalot
fuckball
fuckbill
fuckbitch
fuckbook
fuckbuddy
fuckbush
fuckcha0
fuckcha9
fuckcunt
fuckdick
fuckduck
fuckedbl
fuckedha
fuckedme
fuckedup
fuckedup1
fuckedupshit
fuckemall
fucker11
fucker12
fucker123
fucker13
fucker22
fucker666
fucker69
fucker99
fuckerman
fuckerman1
fuckers1
fuckersss
fuckface
fuckfest
fuckfree
fuckfuck
fuckfuckfuck
fuckgirl
fuckgirls
fuckhard
fuckhead
fuckhead1
fuckher1
fuckher2
fuckherface
fuckhole
fucking1
fucking123
fucking2
fucking57
fucking6
fucking69
fuckinga
fuckingb
fuckingfuck
fuckingg
fuckingh
fuckinglove
fuckingm
fuckingp
fuckings
fuckingshit
fuckingu
fuckinside
fuckinti
fuckintits
fuckiraq
fuckit11
fuckit12
fuckit69
fuckital
fuckitall
fuckking
fucklife
fucklove
fuckmanu
fuckme01
fuckme11
fuckme12
fuckme123
fuckme69
fuckme99
fuckmeat
fuckmebaby
fuckmeha
fuckmehard
fuckmeno
fuckmenow
fuckmeup
fuckmyas
fuckmyass
fuckmylife
fucknuts
fuckoff!
fuckoff.
fuckoff0
fuckoff1
fuckoff11
fuckoff12
fuckoff123
fuckoff2
fuckoff2303
fuckoff3
fuckoff5
fuckoff6
fuckoff666
fuckoff69
fuckoff7
fuckoff8
fuckoff88
fuckoff9
fuckoffall
fuckofff
fuckofpopa1
fuckpass
fuckporn
fuckpuss
fuckpussy
fucksake
fuckshin
fuckshit
fuckshit1
fuckshow
fuckslav
fuckslut
fuckster
fuckstic
fuckstick
fucksuck
fucksyou
fucktard
fuckthat
fuckthem
fuckthemall
fuckthesystem
fuckthew
fucktheworld
fuckthis
fuckthis1
fuckthisshit
fuckthroat
fucku123
fucku666
fuckuall
fuckubitch
fuckwife
fuckwits
fuckwork
fuckyall
fuckyeah
fuckyou!
fuckyou.
fuckyou0
fuckyou08
fuckyou1
fuckyou11
fuckyou12
fuckyou123
fuckyou13
fuckyou14
fuckyou2
fuckyou21
fuckyou22
fuckyou23
fuckyou3
fuckyou4
fuckyou5
fuckyou6
fuckyou666
fuckyou69
fuckyou7
fuckyou8
fuckyou9
fuckyoua
fuckyouall
fuckyoub
fuckyoubitch
fuckyouguys
fuckyour
fuckyourass
fuckyourbrain13
fuckyous
fuckyout
fuckyoutoo
fuckzoey
fuctfuct
fudaviss
fufajyjd
fufnfrhbcnb
fufufufu
fugazi13
fugitive
fuhrfzgc
fujifilm
fujifuji
fujiko66
fujimori
fujisawa
fujitsu1
fujiwara
fujiyama
fukmehard
fukudevin
fukuyama
fulcrum1
fulcrum2
fuldagap
fulgenci
fulhamfc
fullauto
fullback
fullboat
fullbush
fullclip
fullerto
fullerton
fullflavor
fullhous
fullhouse
fullload
fullm00n
fullmeta
fullmetal
fullmonty
fullmoon
fullneed
fullofit
fullsail
fullslip
fullspeed
fulltilt
fulltime
fumanchu
fumbling
funciona
function
fundamental
funeral1
funforme
funfunfu
funfunfun
fungible
funhouse
funinsun
funinthe
funkadelic
funkfunk
funklord
funklove
funkmast
funkmaster
funkmonk
funkster
funkthis
funktion
funky123
funkyass
funkyboy
funkyfunky
funkymonkey
funkyone
funlover
funlovin
funn4all
funnbags
funnight
funny123
funny666
funnyboy
funnybunny
funnycar
funnyfac
funnygirl
funnygirls
funnyguy
funnyman
funnyone
funstuff
funtime1
funtime2
funtimer
funtimes
funxxxxcc
furball1
furculita1
furelise
furikuri
furious1
furmanov
furnitur
furniture
furrball
furrycat
furuedai
fusarium
fusilier
fussball
futbol02
futbolist
futility
futomaki
futurama
future12
futures1
futyn007
futyncndj
futyncvbn
fuxedboost
fuxxgirl
fuzz1954
fuzzball
fuzzbutt
fuzzface
fuzzfuzz
fuzzhead
fuzznuts
fuzzy100
fuzzy123
fuzzybea
fuzzybud
fuzzydin
fuzzydog
fuzzyman
fuzzyone
fva27091994
fvabnfvby
fvcnthlfv
fvfpjyrf
fwif5968
fxfx5000
fy.njxrf
fybcbvjdf
fybotyrj
fybvfcnth07
fybvtirf
fyecrack
fyfcnfcb
fyfcnfcbz
fyfcnfcbz09
fyfcnfcbz1
fyfcnfcbz2006
fyfcnfcsz
fyfkmuby
fyfnjkbq
fyfnjkbq777
fyfnjkmtdbx
fyfnjkmtdyf
fyfnjvbz
fyfrjylf
fyfymtdf
fyhrmfku
fyjvfkbz
fylh.irf
fylh.itxrf
fylhjvtlf
fylhsq123
fylhtq007
fylhtq12
fylhtq123
fylhtq1234
fylhtq1971
fylhtq1981
fylhtq1996
fylhtq2005
fylhtq21
fylhtq24
fylhtq555726
fylhtq777
fylhtq95
fylhtq98
fylhtqrf
fylhttdbx
fylhttdf
fylhttdyf
fynbdbhec
fynbgjdf
fynbkjgf
fynbrbkkth
fynbytrh
fynehbev
fynfhrnblf
fynfyfyfhbde
fynjitymrf
fynjkjubz
fynjy123
fynjy777
fynjybyf
fynjyfynjy
fynjyjdf
fynjyrhen
fypjhbr007dfcz007rfr
fytcntpbz
fyukbqcrbq
fyutk123
fyutk666
fyutkbyf
fyutkbyf1
fyutkbyf2007
fyutkbyrf
fyutkcvthnb
fyutkjxtr
fyyf1985
fyyf2008
fyyffyyf
fyyfvfhbz
fyzfyzfyz
g00dluck
g00dpa$$w0rd
g0dsmack
g0dz1ll4
g0dzilla
g0ldf1sh
g0ldfish
g0tr00t420
g10vann1
g1234567
g123456789
g1g2g3g4
g1s2h3v8
g3509215
g3ce003389
g3ny5yof
g3qq4h7h2v
g56gr8eb5
g5h6j7bvh98
g711codc
g783a82p
g8220441
g8allo9n
g8keeper
g9204858
g9kc8s4r
ga69will
gabbagab
gabbahey
gabber69
gabbiano
gabby123
gabbydog
gaberial
gabi1234
gabriel0
gabriel1
gabriel11
gabriel12
gabriel18
gabriel2
gabriel22
gabriel3
gabriel4
gabriel6
gabriel7
gabriel8
gabriel9
gabriela
gabriela1
gabriele
gabrielit
gabriell
gabriella
gabrielle
gabrielle1
gabrielyan
gabrysia
gabygaby
gac80896706
gadget01
gadugadu
gadzooks
gaer55qq
gaffavow
gagabanz
gagagaga
gagarin1
gagarina
gage1232
gagekell
gagliano
gagogago
gail0821
gailscho
gainward
gal4onok
galactic
galactica
galactus
galadrie
galadriel
galagala
galaktika
galambos
galant00
galante774
galapago
galapagos
galatasa
galatasara
galatasaray
galatasaray2
galaxian
galaxie500
galaxies
galaxy01
galaxy11
galaxy97
galaxy99
galchonok
galeries
galibier
galigali
galileo1
galileo7
galimova
galina12
galina123
galina1954
galina1957
galina1961
galina1964
gallacia
gallaghe
gallagher
gallahad
gallardo
gallardo379
gallaries
gallatin
gallaway
gallegos
galleria
gallerie
galleries
gallery1
galliano
gallifre
galloper
galloway
galochka
galsa4n8
galstyan
galvanic
galvatro
galvesto
galveston
gam3play1
gamagama
gamaliel
gambit12
gambit69
gambler1
gambling
gambrinu
game1234
game1412
game4634018
game8734
gameboy1
gamecock
gamecocks
gamecube
gamecube1
gameface
gamefreak
gamegame
gamegavno
gamegear
gamehaker
gamehead
gamekeep
gamemaster
gamemaster1
gamemaster12
gameover
gameplay
gameport
gamer123
gamer4life
gamerboy
gameroom
games123
gameshark
gamespot
gamestar
gamestop
gametime
gamlie26
gamma123
gamma200
gamma375
gamma666
gammaman
gammaray
gamnamu1
ganapath
ganapati
gandalf0
gandalf1
gandalf2
gandalf3
gandalf4
gandalf5
gandalf7
gandalf8
gandalf9
gandalfo
gandalfs
gandalph
ganddal4
gandolf1
ganduras
gandyras
ganesh12
ganesh123
ganeshji
gangbang
gangbang01
gangbanged
gangland
gangrel1
gangsta1
gangsta2
gangsta7
gangstar
gangstarr
gangstas
gangstaz
gangster
gangster1
gangster12
gangster13
gangster9
gangsters
ganimede
ganja420
ganjabass
ganjaman
ganjawars
ganjubas
gankutsuou1989
gannibal
gannon12
ganondor
ganondorf
ganstarap
ganster1
ganymede
garamond
garang123
garanina
garbage1
garbage9
garbanzo
garbonzo
garchadas
garcia11
garcia12
garcia123
garcia22
garcia69
garciaparra
garden123
garden22
gardener
gardenia
gardening
gardiner
gardner1
gardyloo
gareth12
garf13ld
garfeild
garfiel1
garfield
garfield1
garfunke
garfunkel
garga123
gargamel
garganta
gargantu
gargantua
gargargar
gargnano
gargoyle
gargoyles
garibald
garibaldi
garipova
garipuig
garland1
garmisch
garmonia
garmoniya
garnasia
garner33
garnett2
garofalo
garoldfake
garr1234
garrett1
garrett2
garrettr
garrison
garrotxa
garry123
garrypotter
gary1234
gary2000
gary4751
garyduce
garygary
gashead1
gashouse
gasolina
gasoline
gason1245
gasparin
gasparyan
gastello
gaster101
gastonia
gasworks
gatagata
gate2000
gatehous
gatekeep
gatekeeper
gateway0
gateway1
gateway12
gateway2
gateway22
gateway3
gateway4
gateway5
gateway6
gateway7
gateway8
gateway9
gateways
gatewood
gatherin
gathering
gatinhas
gatinho10
gatogato
gatonegr
gator007
gatorade
gatorbai
gatorbait
gatorboy
gatorboy88
gatordog
gatorfan
gatorman
gators07
gators24
gators84
gators96
gators98
gators99
gattonero
gaudeamus
gaulgaul
gauloise
gauloises
gauntlet
gaurdian
gauthier
gavaskar
gavin123
gavrilenko
gavrilov
gavrilova
gavroche
gavrusha
gawicava
gawker12
gawker19
gayathri
gayblade
gayboys09
gaygaygay
gayman69
gaypride
gayss3232
gaz29wak
gazelle1
gazellee
gazpacho
gazza123
gb15kv99
gbc.kmrf
gbcfhtyrj
gbcfntkm
gbcnjktn
gbdjdfhjd
gbdjgbdj
gbgbcmrf
gbgksghtn
gbhfvblf
gbhjugbhju
gbkbuhbv
gbkt2269
gblfhfcbr
gblfhfcbyf
gblfhfcs
gbljh123
gbljhfcs
gbmhglua
gborv526
gbpacker
gbpackers
gbpleq123
gbplf123
gbplfdctv
gbplfhek.
gbplfnsq
gbplfnsqgfhjkm
gbplfnsqgfhjkm1
gbplfyenmcz
gbpltw123
gbpltw147
gbpltwgbpltw
gbpltwgfhjkm
gbug123g
gburgess
gbuttman
gc879000
gcheckou
gcheckout
gchtfm04
gci12345
gcvgrvuut5v6er
gd73ht5fes
gdgdgdgd
ge042283
gearhead
gearsofwa
gearsofwar
geckos30
gecnbvtyz
gedanken
geddylee
geeeeeee
geeklove
geemoney
geenidee
geeta285
geetanjali
geforce4
geforce88
geheimnis
geibcnbr
geibcnsq
geiler22
geilesau
geilgeil
geilheit
geilomat
geirfhtdf
gelashvili
gelfling
gelukkig
gembird1
gembird1992
gembird2
gembirds
gemini01
gemini08
gemini11
gemini12
gemini13
gemini19
gemini20
gemini21
gemini22
gemini28
gemini29
gemini61
gemini65
gemini69
gemini73
gemini77
gemini78
geminis2
gemstone
genagena
gencdrom
gendarme
genealog
genechka
genegene
general007
general1
general2
general4
general5
general7
general8
generale
generali
generall
generallee
generally
generalm
generalov
generals
generalsetti
generate
generati
generating
generation
generato
generator
generic1
generous
genesimm
genesis0
genesis01
genesis1
genesis2
genesis3
genesis6
genesis7
genesis8
genesis9
genesis99
genetics
geneviev
genevieve
genius12
genius123
genius2011
genius21
geniusgenius
geniusnet
genmi528
gennadiy
gennifer
genocide
genominom
genovese
genovese001
genoveva
genprint
genshu77
gentle03
gentlema
gentleman
genuine1
genuineintel
geocities
geoffrey
geoffroy
geografi
geograph
geography
geolog323
geologie
geologis
geometra
geometria
geometro
geometry
geordies
george00
george007
george01
george04
george06
george10
george101
george11
george12
george123
george13
george17
george19
george20
george2000
george21
george22
george23
george25
george27
george29
george30
george33
george37
george42
george44
george47
george56
george66
george68
george69
george72
george85
george99
georgean
georgejr
georgest
georgeto
georgetown
georgette
georgia0
georgia1
georgia2
georgia3
georgia7
georgia9
georgian
georgiana
georgie1
georgina
georgios
geosuper
geovanni
geppetto
geraffel
geragera
geraldin
geraldine
geranium
gerasimenko
gerasimov
gerasimova
gergdsfgedhjdrg
gerhard1
gerhardt
gerkat99
gerkules
gerlinde
germaine
german123
german21
germania
germany1
germany2
germinal
germiona
gerogero
geronimo
gerrard0
gerrard1
gerrard8
gerrity1
gerry001
gerryber
gers1690
gershwin
gertruda
gertrude
gervaise
gesino69
gesperrt
gestioneweb
gesundheit
get2fyud6d
get2work
getachew
getagrip
getalife
getcrunk
getdrunk
getfucke
getfucked
getfuzzy
getgirls
gethappy
gethouse
getier24
getinnow
getit123
getitall
getitgirl
getitnow
getjiggy
getlost1
getlucky
getmeoff
getmeout
getmoney
getmoney1
getnaked
getoffit
getoffme
getoverit
getpussy
getrdone
getready
getrich2
getright
getsdown
getshort
getsmart
getsome1
getsome2
getsome69
getstuff
getsum69
gettingup
gettofab
gettysbu
gettysburg
getuname
getusome
gevaudan
gevorgyan
gewinner
gewitter
gexytype
geyes0769
gfayenbq
gfccdjhl
gfccgjhn
gfcnthyfr
gfdkeirf
gfdkjdbx
gfdkjdyf
gfdkjlfh
gfdktynbq
gfdktyrj
gfdtk666
gfgbhjcf
gfgbysljxrb
gfgekmrf
gfgektxrf
gfgf1234
gfgfbvfvf
gfgfedfcb
gfgfgfgf
gfgfhbvcrbq
gfgfrfhkj
gfgfvfvf
gfgfvfvfz
gfgjhjnybr
gfgjxrf1
gfgrb123
gfh2ec3ybr
gfha.vth
gfhecybr
gfhfcjkmrf
gfhfdjpbr
gfhfkktkm
gfhfkktktgbgtl
gfhfktkb
gfhfktkbuhfvv
gfhfktkjuhfv
gfhfktkm
gfhfktktgbgtl
gfhflbuvf
gfhfljrc
gfhfljrc83
gfhfpbns
gfhfudfq
gfhfuhfa
gfhfvgfvgfv
gfhfvjyjdf
gfhfwtnfvjk
gfhfyjbr
gfhfyjqz
gfhjdjpbr
gfhjkbot
gfhjkm00
gfhjkm007
gfhjkm01
gfhjkm10
gfhjkm11
gfhjkm111
gfhjkm12
gfhjkm123
gfhjkm1234
gfhjkm12345
gfhjkm123456
gfhjkm123456789
gfhjkm13
gfhjkm135
gfhjkm15
gfhjkm17
gfhjkm1988
gfhjkm1991
gfhjkm1992
gfhjkm2010
gfhjkm2011
gfhjkm21
gfhjkm22
gfhjkm23
gfhjkm25
gfhjkm26
gfhjkm321
gfhjkm33
gfhjkm333
gfhjkm65
gfhjkm666
gfhjkm77
gfhjkm777
gfhjkm78
gfhjkm88
gfhjkm89
gfhjkm91
gfhjkm911
gfhjkm99
gfhjkm999
gfhjkmgf
gfhjkmgfhjk
gfhjkmgfhjkm
gfhjkmgfhjkmgfhjkm
gfhjkmghjcnjq
gfhjkmrf
gfhjkmvjq
gfhjkmxbr
gfhjkmxtu
gfhjkzytn
gfhkfvtyn
gfhkfvtyn11
gfhnbpfy
gfhnbpfyrf
gfhrjdfz
gfhrjdrf
gfif1991
gfifgfif
gfintnqqq333
gfitymrf
gfkmvbhf
gflibqfyutk
gfnhbr787898
gfoutlaw
gfrbcnfy
gfxqx686
gfyb9k11
gfyfcjybr
gfyjhfvf
gfyljxrf
gfynthrf
gfyrgfyr
gfyrhfnjd
gfyrhfnjdf
gfyxtyrj
gfzkmybr
ggdb6gde
gggg6rrr
ggggggg1
gggggggg
ggggggggg
gggggggggg
ggggggggggg
gggggggggggg
gggghhhh
gh372170
ghbcnfym
ghbdbltybt
ghbdfdfcz
ghbdfkjdf
ghbdfnbpfwbz
ghbdfnbpfwbz1
ghbdsnbr
ghbdtn02
ghbdtn10
ghbdtn11
ghbdtn111
ghbdtn1111
ghbdtn112
ghbdtn12
ghbdtn123
ghbdtn12345
ghbdtn123456
ghbdtn15
ghbdtn1994
ghbdtn2010
ghbdtn21
ghbdtn22
ghbdtn666
ghbdtn77
ghbdtn777
ghbdtnbot
ghbdtnbr
ghbdtnbr1
ghbdtnbr12
ghbdtnbrb
ghbdtnbrdctv
ghbdtncerf
ghbdtncfif
ghbdtncndbt
ghbdtndctv
ghbdtndfcz
ghbdtnfylhtq
ghbdtnghbdtn
ghbdtngjrf
ghbdtngjrf1
ghbdtnhecz
ghbdtnjktu
ghbdtnl2
ghbdtnrfr
ghbdtnrfrltkf
ghbdtnvfksi
ghbdtnvfrc
ghbdtnvtldtl
ghbitktw
ghbjhbntn
ghblehjr
ghblehjr1
ghblehjr111
ghblehrb
ghbphfr1
ghbpyfybt
ghbrjk55
ghbrjk777
ghbrjkbcm
ghbrjkbcn
ghbrjkmyj
ghbrjkmysq
ghbrk.xtybt
ghbukfitybt
ghbvec12
ghbvf123
ghbvf1234
ghbvtybnm
ghbvtytybt
ghbyc123654
ghbyn1ghbyn
ghbywgthcbb
ghbywtcc
ghbywtccf
ghbywtccrf
ghbywtcf
ghd4drgv
ghenghis
gheorghe
gheorghita
ghetto123
ghettomob
ghfcjkjd
ghfcrjdmz
ghfdbkmyj
ghfdbntkm
ghfdfzyjuf
ghfdjcelbt
ghfdjckfdbt
ghfdlf33
ghfgjhobr
ghfplybr
ghfrnbrf
ghfuf2011
ghghghgh
ghhh47hj764
ghhh47hj7649
ghislain
ghj100ghj
ghj100njk
ghjabkfrnbrf
ghjatccbjyfk
ghjatccjh
ghjatcjh
ghjatnghjatn
ghjbpdjlcndj
ghjcdtnktybt
ghjcgtrn
ghjcnbnenr
ghjcnbnenrf
ghjcnbnewbz
ghjcnbvtyz
ghjcnhfycndj
ghjcnj12
ghjcnj123
ghjcnj33
ghjcnjabkz
ghjcnjcerf
ghjcnjcfyz
ghjcnjdkfl
ghjcnjgbjyth
ghjcnjgbpltw
ghjcnjgfhjkm
ghjcnjgfhjkm1
ghjcnjgg
ghjcnjghbrjk
ghjcnjghjcnj
ghjcnjhjcn
ghjcnjjhr
ghjcnjkjk
ghjcnjnf
ghjcnjnfr
ghjcnjnfr1
ghjcnjnfr123
ghjcnjq1
ghjcnjqaz123
ghjcnjqgfhjkm
ghjcnjrdfibyj
ghjcnjrdfif
ghjcnjrdfityj
ghjcnjrhbdjq
ghjcnjvfhbz
ghjcnjytn
ghjcnjytrh
ghjcrehjyjbl
ghjdbpjh
ghjdfqlth
ghjdjkjrf
ghjdjrfwbz
ghjdthjxrf
ghjdthrf
ghjgfcnm
ghjgfufylf
ghjghj22
ghjghjghj
ghjgjdtlm
ghjgthnb
ghjgtkkth
ghjhdtvcz
ghjhjr123
ghjivfyljdrf
ghjk6789
ghjkghjk
ghjkjyufwbz
ghjktnfhbfn
ghjlfdtw
ghjnbdjcnjzybt
ghjnbdjufp
ghjnbdybr
ghjnjnbg
ghjnjnbg1
ghjnjrjk
ghjnjrjkl
ghjotghjcnjuj
ghjrehfnehf
ghjrehjh
ghjrjgjdbx
ghjrjgtyrj
ghjrkflrf
ghjrkznbt666
ghjrkznsq
ghjrnjkju
ghjtrnbhjdfybt
ghjuekrf
ghjuhfvbcn
ghjuhfvf
ghjuhfvvbcn
ghjuhfvvf
ghjuhfvvth
ghjuhtcc
ghjuhtccfnjh
ghjvbntq
ghjvfkmg
ghjvjrfirf
ghjvnjdfhs
ghjvtntq
ghjwdtnfybt
ghjwtccjh
ghjybryjdtybt
gholamal
ghost123
ghost213
ghost666
ghost690
ghost702
ghostbear
ghostbusters
ghostdog
ghostfac
ghostface
ghostghost
ghosthunter
ghostly1
ghostman
ghostrec
ghostrecon
ghostrid
ghostrider
ghoti123
ghroni2g
ghtcnegktybt
ghtdtlvtldtl
ghtgjlfdfntkm
ghtktcnm
ghtlfntkm
ghtlfyyjcnm
ghtlghbznbt
ghtpbltyn
ghtphtybtcerfv
ghtpthdfnbd
ghtrhfcyfz
ghuxty14
giacinta
giacomin
giacomina
giacomo1
giambi25
giampaolo
giancarl
giancarlo
gianfranco
gianluca
gianmarc
gianni99
giantess
giantfan
giants10
giants11
giants123
giants21
giants22
giants24
giants25
giants44
giants56
giants69
giants98
giardino
gibberis
giberish
gibralta
gibraltar
gibson12
gibson123
gibson23
gibson33
gibson69
gibsonlp
gibsonsg
giddings
giddyup1
gide11ok9b
gidravlika
gidroponika
giftcard
gigabite
gigabyte
gigaflop
gigantes
gigantic
gigantor
gigemags
giggles1
giggsy11
gigigigi
gigiotto
gigs9zaifs
gilbert1
gilbert2
gilbert2707
gilbert3
gilbert7
gilbert9
gilberte
gilberto
gilgalad
gilgames
gilgamesh
gilipollas
gilles27
gillespi
gillespie
gillette
gillian1
gillian5
gillian6
gilliana
gilligan
gillingh
gillingham
gillkate
gillooly
gilmore3
gimmemor
gimmenow
gimmesom
gimmesum
gimnasia
gimnazia
gimnazjum
gimog215
gimopoy123
gin55ger
gina1212
gina2221
gina2902
ginagina
ginamari
ginamarie
ginawild
ginekolog
ginentha
ginger00
ginger01
ginger05
ginger10
ginger11
ginger12
ginger123
ginger13
ginger19
ginger20
ginger21
ginger22
ginger23
ginger32
ginger321
ginger55
ginger68
ginger69
ginger77
ginger99
gingeral
gingercat
gingerdo
gingerdog
gingernu
ginobili
ginogino
ginola14
ginsberg
ginscoot
gintonic
ginuwine
gioconda
giogiogio
gioielli
giordano
giorgadze
giorgi123
giorgio1
giovanna
giovanne
giovanni
giovanni1
giraffe1
giraffee
giraffes
girasole
girassol
girdle50
girdwood
girfriend
giridhar
girl1234
girlfrie
girlfriend
girlfuck
girlgirl
girllove
girlnext
girlongirl
girlpower
girls123
girls4me
girls666
girlsgir
girlsgirls
girlshot
girlygir
girlygirl
girlz2b1
girth886
giselle1
gismolis
gitanes3
gitarist
gitrdone
gitti68r
giuditta
giulia13
giuliana
giuliano
giuliett
giuseppe
giuseppe1
giuseppina
giustino
giveaway
giveit2m
giveit2me
giveitto
giveittome
giveitu1
giveitup
givenchy
gixer600
gixer750
gizmachi
gizmo123
gizmo666
gizmocat
gizmodo1
gizmodo2
gizmodog
gizmodom
gizmodos
gizmogiz
gizzards
gjabubcn
gjcjkmcndj
gjcklr2b
gjcktlybquthjq
gjdtkbntkm
gjgeufq1
gjgeufqhjvfyfzif
gjgfgjgf
gjghjifqrf
gjgrflehfr
gjhjctyjr
gjhjkm123
gjhjkmgjhjkm
gjhjlfcjqrb
gjhnatkm
gjhneufkbz
gjhyeirf
gjhyjuhfabz
gjikbdct
gjikbdctyf
gjikbdctyfabu
gjkbghjgbkty
gjkbnjkjubz
gjkbrkbybrf
gjkbyf06
gjkbyf2010
gjkbyf5743
gjkbyjxrf
gjkjdbyrf
gjkjntyxbr
gjkmpjdfntkm
gjkmpjdfntkm1
gjknthutqcn
gjkrjdybr
gjktxeltc
gjktyj123
gjkyjkeybt
gjkysqgbpltw
gjkzrjdf
gjlcnfdf
gjlcrfprf
gjlgjkrjdybr
gjljhdf1979
gjlujhyfz
gjnfgjdf
gjnhjibntkm
gjpbnbdxbr
gjrhjdrf
gjrjktybt
gjrtvjy32
gjrtvjygbrfxe
gjrtvjys
gjrtvjyxbr
gjrtvjyxbrb
gjuhfybxybr
gjuhfytw
gjuhtveirf
gjvbljhrf
gjvbljhs
gjvjubnt
gjxnfkmjy
gjyjvfhtdf
gjyjvfhtyrj
gjytltkmybr
gkenpass
gkfdfybt
gkjnybrjdf
gl3bk02k
glacier1
glacrbkg
gladbach
gladiado
gladiato
gladiator
gladiator1
gladiator2
gladiator3
gladiator4
gladiator5
gladiolus
gladkova
gladston
gladstone
glam8394
glamdrin
glamorous
glanzenb
glasgow1
glasgow2
glasnost
glass123
glasses1
glasseye
glasshed
glassjaw
glassman
glastonbury
glastron
glaurung
glavine4
gleb2001
glebushka
gledhill
glenavon
glencarn
glendale
glenglen
glenhead
glenlake
glenlive
glenlyon
glenn123
glennwei
glenrice
glenside
glenview
glenwood
glittering
global01
global11
global12
global2002
globalad
globemas
globotech
glock9mm
glockman
glofiish
gloflish
glopglop
glorfind
glorfindel
gloria12
gloria18
gloria1p
gloriosa
glorioso
glorious
glory123
gloryhol
gloucest
glouglou
glowworm
glpct123
glueglue
gluestic
glumfoam
glwangen
glycerine
gmangman
gmaster1
gmcjimmy
gmctruck
gmcyukon
gmi94fin
gn56gn56
gn7myf06dx
gnagflow
gnarkill
gnasher23
gnatedip
gnbwfcxfcnmz
gnf8oasu4
gnilrets
gnisos74
gnthjlfrnbkm
gnusmas1
gnwthisa
go1heels
go4broke
go4itnow
goalie01
goalie31
goalie33
goalkeeper
goarmy09
goatboy1
goatchee
goatface
goatfish
goatgirl
goatgoat
goathead
goatlord
goatman1
goatmilk
goatrope
goatweed
goaway12
gobabygo
gobadger
gobears1
gobierno
gobigblu
gobigblue
gobigred
goblin123
goblue01
goblue86
goblue97
goboiler
gobraves
gobronco
gobrowns
gobruins
gobshite
gobucks1
gobucs52
gobuffs2
gocanes1
gocatsgo
gocbmnet
gochiefs
gocolts1
gocowboy
gocowboys
gocubsgo
godaddyo
godawgs1
godbless
godblessme
godchild
goddamit
goddamn1
goddamni
goddess1
goddess2
goddess7
goddesse
godeater
godenver
godevils
godfathe
godfather
godfather1
godfather2
godfirst
godflesh
godfrey1
godhelpme
godibaby
godisable
godisadj
godisdea
godisgod
godisgoo
godisgood
godisgreat
godislov
godislove
godisone
godjesus
godknows
godless1
godlike1
godloves
godlovesme
gododger
godofthu
godofwar
godofwar123
godrules
godschild
godsgift
godslove
godsmack
godsmack1
godspeed
godspell
godswill
godverdomme
godverdomme01
godzill1
godzilla
godzilla02
godzilla1
godzillaslpo
godzils4s7
godziszs
goeagles
goebbels
gofaster
gofigure
gofishing
goflyers
goforgold
goforit1
goforit2
goforit4
goforitn
goforitt
gofourit
gofsu338
gogagoga
gogators
gogetter
gogetter1
gogiants
gogich02
gogigogi
gogmagog
gogogadget
gogogirl
gogogo12
gogogogo
gogolfin
gogreen1
gohabsgo
goheels1
gohkokhean
gohogsgo
gohokies
gohorns1
gohusker
gohuskers
goirish1
goku1234
gokudd55
gokugoku
golakers
gold1234
gold1324
gold1fin
gold2000
goldbear
goldber1
goldberg
goldbird
goldblum
goldbook
goldcaps
goldcard
goldchai
goldclub
goldcoas
goldcoast
goldcoin
golddesk
golddigg
golddoor
golddust
golden01
golden10
golden11
golden12
golden13
golden22
golden69
goldenar
goldenbo
goldenboy
goldencape
goldeney
goldeneye
goldengate
goldenone
goldenro
goldensun
goldento
goldfarb
goldfinch
goldfing
goldfinger
goldfire
goldfis1
goldfish
goldfish1
goldfloo
goldgoat
goldgold
goldhill
goldhill25
goldhorn
goldhors
goldie12
goldie99
goldielocks
goldilocks
goldinfo1975
goldleaf
goldman1
goldmemb
goldmember
goldmine
goldmoon
goldmous
goldmund
goldnum2
goldo123
goldorak
goldpass
goldpony
goldrake
goldroad
goldroof
goldrush
goldsgym
goldsink
goldsmit
goldsmith
goldstar
goldstei
goldstein
goldtree
goldtruc
goldwate
goldwind
goldwing
goldwing1
goldy123
goleador
goleafsg
goleafsgo
golf0502
golf1111
golf1234
golf1953
golf1991
golf2000
golf2001
golf2003
golf2315
golf4653
golf7777
golfball
golfballs
golfcart
golfclub
golfdude
golfer00
golfer01
golfer03
golfer07
golfer08
golfer10
golfer11
golfer12
golfer19
golfer20
golfer22
golfer23
golfer25
golfer30
golfer33
golfer36
golfer44
golfer45
golfer48
golfer55
golfer69
golfer70
golfer72
golfer77
golfers1
golfgame
golfgolf
golfgti1
golfing1
golfing2
golfinho
golfista
golfland
golflink
golfman1
golfnut1
golfpro1
golfshot
golfstrim
golgotha
goliasam
goliasex
goliath1
golitely
gollum88
golovanov
golovanova
golovastik
golovina
golovolomka
golubeva
gomets20
gomez123
gominola
gomorrha
goncalves
goncharov
goncharova
gondolin
gonduras
gondwana
goneaway
gonefish
gonefishin
gonegone
gonein60
goniners
gonnella
gonoles1
gonzaga1
gonzales
gonzales1
gonzalez
gonzalez123
gonzalit
gonzo123
gonzo666
gonzoopera
goober12
goober22
goober23
goober33
goober34
goober76
good1234
good12345
good123654
good2use
good4now
good4you
goodbar2
goodbeer
goodboss
goodboy1
goodbye1
goodbye2
gooddeal
goodeats
goodfell
goodfella
goodfellas
goodfight
goodfood
goodfrie
goodfuck
goodgame
goodgirl
goodgirls
goodgolf
goodgood
goodguy1
goodguy2
goodguys
goodhair
goodhead
goodidea
goodison
goodkind
goodlife
goodlike
goodlook
goodlooking
goodlord
goodlove
goodluck
goodluck1
goodluck7
goodman1
goodman2
goodmans
goodmorning
goodname
goodness
goodnews
goodnigh
goodnight
goodnite
goodolls
goodpass
goodpics
goodporn
goodpuss
goodpussy
goodrich
goodsell
goodshit
goodshow
goodsite
goodstuf
goodstuff
goodtime
goodtimes
goodtogo
goodvibe
goodwill
goodwin1
goodwine
goodwood
goodwork
goodwren
goodwrench
goody123
goody2shoes
goodyear
goofball
goofgoof
goofieee
goofster
goofy111
goofy123
goofydog
googgoog
googirls
google10
google11
google12
google123
google23
googlecheckou
googleman
gooliner
goolsby1
gooner01
gooner14
gooner63
goonies1
goonline
gooooooo
goop0477
goose111
goose123
gooseberry
goosebumps
goosedog
gooseman
gopacker
gopackgo
gopadres
gopagopa
gopher12
gopherit
gopinath
gopostal
gopstop1
gopstop123
gor1t2006
goracing
goraider
gorbachev
gorbenko
gorbunov
gorbunova
gordeeva
gordienko
gorditas
gordolee85
gordolee85-mac2olli
gordon12
gordon2000
gordon24
gordon69
gordon81
gordyjbr
gorebels
goredsox
gorefest
goregore
gorelova
gorelova2009
gorgeous
gorgonzo
gorgonzola
gorilla1
gorilla4
gorilla5
gorilla6
gorilla8
gorilla9
gorillas
gorillaz
gorinich
gorizont
gorlovka
gorod312
gorod812
goroddorog
gorogoro
goroshek
goroskop
gorrilla
gosaints
gosensgo
gosharks
gosiaczek
gospodin
gossamer
gosselin
gossipgirl
gostate1
gosteele
gostosao
gostraven
gotahack
gotbass1
gotboost
gotcha00
goteborg
gotenks1
goterps1
gothamcity
gotigers
gotipogo
gotitans
gotmilk1
gotmooky
goto1957
gotogoto
gotohell
gotomeman
gotowork
gotribe1
gottacum
gottaluv
gotthard
gotthelife
gottlieb
gotyoass
gotyou08
gouranga
govegove
governme
government
governor
govinda1
govols01
govols22
govtmule
gowings1
gowolves
goyo2000
gpackers
gpajtdmw
gpsx2bppsw
gpzrombo
gqd4apdh
gqlsstfhqgwwvqxjx
gqopqswe
gqsmooth
gr112149
gr1n41ks
gr8scott
graafschap
grabass3
gracchus
grace123
graceann
graceful
gracelan
graceland
gracie01
gracie11
gracie12
gracie35
graciela
gracious
grad1993
grad2000
grad2001
grad2005
gradient
graduate
graduati
graffiti
graffiti1
grafitti
graghost
graham10
graham12
grain321
grainger
gram0712
gram4919
gramercy
granada1
granada2
granadaptfcor
granados
granaldo
grand123
grand1992
grandam1
grandchase
grandchildren
grandcru
granddad
grandegato
grandfather
grandia2
grandkid
grandkids
grandma1
grandma2
grandman
grandmas
grandmaster
grandmom
grandmother
grandorgue
grandpa1
grandpas
grandpri
grandprix
grandsla
grandslam
grandson
grandtheftauto
grandview
granite1
granite2
grannies
granpgranp
granprix
grant123
grantham
granturismo
granules
granvill
grapeape
grapefru
grapefruit
grapenet
grapenut
grapenuts
grapepoc
grapes13
grapevin
grapevine
graphic1
graphics
graphite
grappler
grasmere
grasshop
grasshopper
grassman
grassroo
grateful
grateful1
gratias1
gratitude
grave666
gravedad
gravedig
gravedigger
graves09
graves1q
graveyard
gravitas
gray1234
graybird
graycatt
grayghost
grayland
grayling
grayson1
graywolf
grazgraz
graziano
graziell
graziella
grcvw01s
gre69kik
great123
greatass
greatbritain
greatdan
greatdane
greatday
greater1
greatest
greatful
greatfun
greatgoo
greatguy
greatleg
greatlif
greatlivaja
greatlov
greatman
greatnes
greatness
greatnews
greatone
greatsex
greatshow
greatsite
greatwall
greatwhi
greatwhite
greatzyo
greaves1
grebdlog
grebniew
greece98
greedisgood
greedmnt
greekboy
greekgod
green001
green009
green101
green111
green123
green1234
green200
green220
green321
green420
green456
green654
green666
green718
green777
green886
green888
green999
greenacres
greenapp
greenapple
greenarrow
greenbac
greenback
greenban
greenbay
greenbay1
greenbay4
greenbea
greenbean
greenbee
greenber
greenberg
greenbir
greenboy
greenbud
greenbug
greencar
greencard
greencat
greencow
greenday
greenday1
greendog
greendra
greendragon
greenegg
greener1
greenery
greenest
greeneye
greeneyes
greenfie
greenfield
greenfla
greenfly
greengamer
greengoblin
greengod
greengol
greengra
greengrass
greengre
greengreen
greenguy
greenhil
greenhor
greenhornet
greenhou
greenhouse
greenies
greening
greenish
greenlan
greenland
greenlantern
greenlaw
greenlea
greenlee
greenlig
greenlight
greenlin
greenman
greenmen
greenmile
greenock
greenone
greenpea
greenpeace
greenpeas
greenriver
greenroo
greensboro
greensid
greensky
greensnake
greenspa
greensta
greentea
greentown
greentre
greentree
greenvel
greenvil
greenville
greenwal
greenwav
greenwave
greenway
greenwic
greenwich
greenwin
greenwing
greenwoo
greenwood
greeting
greetings
greg1234
greg1980
greg2000
greggory
greggreg
gregoire
gregor11
gregor22
gregoria
gregorian
gregorio
gregorio93
gregory1
gregory2
gregorya
gregoryp
gregoryy
gregster
gregzuniga
gremista
gremlin1
gremlin2
gremlin5
gremlin8
gremlins
grenache
grenader
grenadie
grendel1
grendel2
grendel4
grenfell
grenoble
grenouil
grenouille
grenvill
greshnik
gretadog
gretchen
gretsch6
gretzky9
gretzky99
greyarea
greybear
greyghos
greygoos
greygoose
greygrey
greyhawk
greyhawk1
greyhoun
greyhound
greylock
greyone3
greystok
greyston
greywolf
gribouill
gribouille
gridiron
gridlock
gridtrof
grievous
griffey1
griffey2
griffey24
griffey3
griffin0
griffin1
griffin2
griffin6
griffin7
griffin9
griffins
griffith
griffman
griffon1
grifter1
grigorenko
grigorii
grigoriy
grigoryan
grigri69
grim5551
grimaldi
grimjack
grimlock
grimoire
grimreap
grimreaper
grindcore
grinder1
grinders
grinding
grindsted
gringo38
grinnell
grip0znik
gripping
grischun
griselda
grisette
grisha123
grishina
grisling
grisu112
griswald
griswold
grizlipnb
grizzley
grizzlie
grizzlies
grizzly1
grizzly3
grizzly7
grnstone
groentje
groffgroff
grohl699
gromoboy
gromozeka
groninge
groove13
groove76
groovy99
groovychick
grossein
grossman
grosvenor
groucho1
grounded
groundho
groundhog
groundzero
groupd2013
groupsex
grover69
grovsnus
groza123
grpaca01
grspirit
grudzien
gruesome
grundles
grunt123
grunt999
grunties
grunting
grunwald
grusha123
gruszka1
gruzovik
gryffindor
gryhound
gryphon1
grzegorz
grzesiek
gs910510
gsan8222
gsewfmck
gsgba368
gshalala
gslone00
gsomgsom
gstewart
gsx1300r
gsxr1000
gsxr1100
gsxr7500
gsxr750r
gsxrgsxr
gt162929
gtagtagta
gtasanandreas
gtbabi98
gteguy98
gtfullam
gtgcbrjkf
gthajhfnjh
gthcbrjdsq
gthcgtrnbdf
gthcjyfk
gthdjghbxbyf
gthdjvfqcrfz
gthgtylbrekzh
gthlbvjyjrkm
gthtcdtn
gthtcnhjqrf
gthtdjhjn
gthtdjpxbr
gthtgbcrf
gthtgjldsgjldthn
gthtgtkbwf
gthtgtkrf
gthtpfuheprf
gthtreh123
gthtrfnbgjkt
gthtrhtcnjr
gthtvtyf
gtierney
gtirfhjvf
gtkmvtirf
gtkmvtyb
gtkmvtym
gtlbr1234
gtlthfcn
gtnheirf
gtnhfrjd
gtnhj123
gtnhj328903
gtnhjczy
gtnhjdbx
gtnhjdyf
gtnhjgfdkjdcr
gtnhjpfdjlcr
gtnhtyrj
gtnzgtnz
gtogto43
gtojudge
gttldmhc
gtxtymrf
gtycbjyth
gtynfujy
gtytkjgf
gu2348qv
gu9i61sb5
guacamol
guadalajar
guadalajara
guadalup
guadalupe
guanajuato
guanoapes
guard123
guarddog
guardian
guardiol
guardsma
guarneri
guatemal
guatemala
gubkabob
guccimane
guderian
guenther
guerilla
guernica
guernsey
guerrero
guessing
guessman
guesswha
guesswhat
guesswho
guest123
guest200
guest999
guestpas
guestpass
gufiokyi
guggenhe
guglielm
guidance
guidindex
guido123
guidoguy
guidry49
guildwars
guilford
guilherm
guilherme
guilherme1
guilherme12
guilherme123
guillaum
guillaume
guillerm
guillermo
guimodedebug
guin3274
guineapig
guiness1
guinesss
guinever
guinnes1
guinness
guinness1
guiseppe
guitar00
guitar01
guitar09
guitar11
guitar12
guitar123
guitar13
guitar19
guitar69
guitar77
guitar99
guitarbo
guitargu
guitarhero
guitaris
guitarist
guitarma
guitarman
guitarra
guitars1
guldukat
gulffive
gulfport
gulfstre
guliguli
gullgutt
gullible
gulliver
gullwing
gullyfoyle
gulsparv
gulukota
gumanoid
gumbalaba
gumball1
gumballs
gumby123
gumdrops
gummikuh
gummy243
gummybea
gummybear
gummybears
gumption
gumshoes
gunayka1995
gunblade
gunbound
gunbunny
gundam00
gundam01
gundam12
gundam78
gundamwing
gunderso
gunfight
gunfighter
gungadin
gungrave
gunit123
gunmetal
gunn2112
gunnedah
gunner00
gunner01
gunner11
gunner12
gunner19
gunner22
gunner69
gunner77
gunner81
gunnerhead
gunners1
gunners7
gunngunn
gunnison
gunrunner
gunsandroses
gunsguns
gunsling
gunslinger
gunsmith
gunsmoke
gunsnros
gunsnroses
gunther1
guppyboy
gur02ken
gurpreet
guru2222
guruguru
gurumayi
gusanito
gussguss
gustave1
gustavit
gustavo1
gustavo12
gustavo2
gustavus
gutentag
gutierre
gutierrez
gutterball
guunigpi
guwahati
guybrush
guylaine
guyssuck
guzman84
gvatemala
gvelesiani
gvenvivar
gwapo123
gwapoako
gwar0001
gwargwar
gwen1234
gwendoli
gwendolin
gwendoline
gwendoly
gwendolyn
gwengwen
gwenstefani
gwiazdeczka
gwiazdka
gwyddonn
gxlmxbewym
gy3yt2rgls
gygypyfyyyposhy
gymnasium
gymnast1
gymnasti
gymnastic
gymnastics
gymnasts
gypsy123
gypsydog
gypsygirl
gznybwf13
gzw8he6y
h00ligan
h03d2bz9
h094161915
h0lygr41l
h0nduras
h0ngk0ng
h0nglien
h1234567
h12345678
h1959n05
h1959n0502
h1a2l3f4
h1y4dua229
h2006833
h200svrm
h24101980
h2522026
h2tmc4g358
h397pnvr
h3rcul3s
h4t1p2p5
h518171e
h6131pol
h6472024
h6ujr56y
h72sfibbnl
h74j9e5w
h8b2h8b2
h8fxrper
h9iymxmc
h_froeschl7
haaf2965
habahaba
habana11
habanero
habbo123
habermas
habibulin
habs0899
hachette
hachiko2
hachiman
hachirok
hacienda
hack4653
hackable
hackarea
hackaren
hacked12
hackedit
hackedyou
hacker12
hacker123
hackern5
hackerpro
hackers1
hackhack
hackmast
hacksign
hacksyou
hackthis
hadassah
haddaway
haddock1
haderslev
hades666
hadesrlz
hadouken
hadrian1
haere123
hagakure
hagemann
hager321
hagstrom
haguenau
hagymam9
haha1234
hahabas3
hahaha123
hahaha66
hahahaha
hahahahaha
hahahehe
hahm1224
haiduong
haifisch
hail1023
haileris
hailey01
hailhail
hailhim88
hailmary
hailsatan
haimerej
hainbach
hairball
haircuts
hairdresser
hairless
hairloss
hairspray
hairston
hairyass
hairygir
hairyman
hairyone
hairypus
hairypussy
haithabu
haker1994
hakkine1
hakkinen
hakobyan
hakunamatata
hal90000
halabala
halamadrid
halcyon1
haleakal
halebopp
haleiwa1
haleluya
haley123
haleybug
haleydog
haleyrox
halfbake
halfbaked
halfdome
halflife
halflife2
halfling
halfmoon
halfpint
halfpipe
halfrunt
halfslip
halftime
halifax1
haligali
halinalle
hallberg
hallborn
halleluj
hallelujah
halliburton
halliday
halligan
hallihallo
hallison
halliwel
halliwell
hallmark
hallo123
hallo1234
halloduda
hallohal
hallohallo
halloran
hallowbo
hallowboy
hallowed
hallowee
halloween
hallowen
halmstad
halo1234
halo2010
halohalo
haloking
haloreach
halorocks
halothan
halowars
haloween
halspass
halstead
ham1ghol
hamasaki
hamberger
hambone1
hambone6
hamburg1
hamburg2
hamburge
hamburger
hameleon
hamelion
hamham11
hamilton
hamilton1
hamish123
hamlet01
hamlet67
hamlo123
hammarby
hammer00
hammer01
hammer10
hammer11
hammer12
hammer123
hammer13
hammer19
hammer200
hammer21
hammer22
hammer24
hammer27
hammer33
hammer35
hammer45
hammer61
hammer66
hammer68
hammer69
hammer71
hammer72
hammer88
hammer99
hammerdi
hammerdo
hammerdown
hammered
hammerfall
hammergt
hammerhe
hammerhead
hammerman
hammers1
hammers2
hammersm
hammersmith
hammerti
hammertime
hammett1
hammond1
hammonds
hampshir
hampshire
hampstea
hampster
hampton1
hamptons
hamradio
hamster1
hamster12
hamster2
hamster3
hamster7
hamsteri
hamsters
hamza123
han-gyoo
hana1234
hana2183
hancock1
hand2000
handbags
handball
handbook
handbuch
handcuff
handcuffs
handcuffs71
handheld
handicap
handiman
handjobs
handkerchief
handler2000
handleyn
handling
handrail
handsafe
handsfre
handsfree
handsoff
handsolo
handsome
handsome1
handycam
handyman
hangar18
hangaroa
hanger18
hangloose
hangman1
hangover
hangtime
hanhphuc
hank1234
hankhank
hankhill
hankster
hankyung
hannah01
hannah02
hannah04
hannah05
hannah08
hannah10
hannah11
hannah12
hannah123
hannah14
hannah17
hannah19
hannah20
hannah2009
hannah22
hannah23
hannah44
hannah69
hannah95
hannah98
hannah99
hannahan
hannahmontan
hannelor
hannelore
hannibal
hannibal1
hannigan
hannover
hannover96
hanoibuo
hanoibuon
hansen69
hanshans
hansol32
hansolo1
hansolo7
hanspete
hanspeter
hanswurst
hanterstrely
hanumanji
hap143py
hapkido1
happenex
happening
happiest
happines
happiness
happosai
happy000
happy100
happy101
happy111
happy121
happy123
happy1234
happy200
happy2010
happy333
happy420
happy777
happy888
happy999
happyass
happybday
happybir
happyboy
happycak
happycat
happyday
happydays
happydayz
happydog
happyebb
happyend
happyfac
happyface
happyfeet
happygil
happygirl
happygolucky
happygre
happyguy
happyhap
happyhappy
happyhou
happyjac
happyjoe
happyjoy
happylife
happylov
happyman
happymeal
happynes
happyness
happynew
happynewyear
happynow
happyone
happypas
happypeople
happytim
happytime
happytimes
happytreefriends
harakiri
haramach
harb4343
harberso
harbinge
harbinger
harbor99
harchenko
harcourt
hard1234
hardalee
hardaway
hardball
hardbass
hardbody
hardbone
hardc0re
hardcock
hardcor1
hardcor3
hardcore
hardcore1
hardcore2
harddick
harddisk
harddriv
harddrive
hardflip
hardfuck
hardhard
hardhead
hardhouse
harding5
hardinge
hardison
hardkore
hardlife
hardline
hardlock
hardlove
hardluck
hardness
hardon18
hardon69
hardpack
hardrain
hardrive
hardrock
hardship
hardstyl
hardstyle
hardtail
hardtime
hardtoon
hardware
hardwareid
hardwick
hardwire
hardwood
hardwood1
hardwork
hardy111
hardyboy
harehare
harekrishna
harerama
harewood
hargrove
harhar12
haribhai
harihari
haris123
haritonov
haritonova
harkness
harkonen
harkonne
harkonnen
harlamov
harlamova
harlan10
harleigh
harlekin
harlequi
harlequin
harley00
harley01
harley02
harley03
harley05
harley06
harley07
harley10
harley11
harley12
harley1200
harley123
harley13
harley15
harley19
harley20
harley25
harley66
harley69
harley77
harley79
harley85
harley88
harley91
harley92
harley95
harley97
harley98
harley99
harleybo
harleyda
harleydavidson
harleydo
harleydog
harleyha
harleyma
harlingen
harmaged
harmankardon
harmless
harmoney
harmonia
harmonic
harmonica
harmonie
harmony1
harmony2
harmony7
harnamji1
harobikes
harold0g
harold12
harper49
harpoon1
harpoon2
harpreet
harpring
harri123
harriers
harrigan
harriman
harringt
harrington
harris01
harris25
harris71
harriso1
harrison
harrison1
harrogat
harry001
harry007
harry101
harry111
harry123
harry197
harry777
harry999
harryboy
harrycat
harrydog
harryfern
harryhar
harryhoo
harryhood
harryone
harrypot
harrypotte
harrypotter
harrypotter1
harsh123
harsingh
hart1902
hartford
harthart
hartland
hartmann
hartnell
hartnett
hartwell
hartwick
haruspex
harvard1
harvard2
harvard8
harvchmp
harvest1
harveste
harvester
harvey11
harvey12
harvey21
harvey69
harvey77
harvick2
harvick29
hasanova
hasegawa
hasenfus
hashimot
hashpipe
hasilein
haslo123
hassagjs
hassan030894
hassan12
hassel10
hasselbl
hassgwen
hast1066
hastalavista
hastings
hastings1066
hastler123
hatacani
hatagaya
hatchbac
hatcher1
hatchet1
hate2003
hatebree
hatebreed
hatehate
hatelife
hatelove
hatemail
hatesyou
hatethis
hateyou2
hatfield
hathaway
hatstand
hatteras
hattrick
hattydog
haunting
hausboot
hausfrau
haustool
hautbois
haveaniceday
haveblue
havefaith
havefun1
havefun2
havelock
haverhil
havesome
havinfun
havingfu
havingfun
hawaii00
hawaii07
hawaii11
hawaii12
hawaii20
hawaii35
hawaii50
hawaii69
hawaii808
hawaii97
hawaii99
hawaiian
hawaiiguy
hawk1234
hawkbill
hawkdog79
hawkeye1
hawkeye5
hawkeye7
hawkeye8
hawkeyes
hawkhawk
hawkins1
hawkman5
hawkmoon
hawkster
hawkswin
hawkwind
hawkwing
hawkwood
hawthorn
hawthorne
haxixe22
haxyuhada
hayabusa
hayastan
haydarov
hayden05
hayden06
hayden11
hayden123
hayden99
hayfield
hayley16
haymaker
haystack
haywir12
hazardous
hazeleye
hazeleyes
hazelnut
hazelrip
hazenoot
hazzard1
hbkcum10
hbnfhbnf
hbptyiyfewth
hbrbnbrbnfdb
hbyfntq1986
hcappres
hcetigol
hd764nw5d7e1vb1
hd764nw5d7e1vbv
hdcfx6no
hdestefa
hdfcbank
headache
headbang
headblow
headbone
headbutt
headcase
headchef
headdead
headdick
headfuck
headgear
headhead
headhunt
headhunter
headjack
headlam1
headless
headlock
headphon
headrick
headroom
headshot
headspin
headstrong
headsupp9
headtech
health12
health99
healthcare
healthy1
heart070
heart123
heartagram
heartbea
heartbeat
heartbre
heartbreak
heartbreaker
heartbroken
heartlan
heartland
heartles
heartless
hearts123
heat7777
heathbar
heatheat
heather0
heather1
heather12
heather2
heather21
heather23
heather3
heather37
heather4
heather5
heather6
heather7
heather8
heather9
heathera
heatherb
heatherc
heatherg
heatherh
heatherl
heatherr
heathers
heathert
heathrow
heatman55
heatoclevaedr36
heatwave
heaven01
heaven12
heaven17
heaven23
heavenly
heavensc
heavensent
heavy333
heavyboy
heavyduty
heavyman
heavymet
heavymeta
heavymetal
hebrews1
hebrides
hecfkjxrf
heckfy123
heckfy1982
heckfydrjynfrnt
heckfyxbr
hector11
hedge123
hedgehog
hedimaptfcor
hedindoom
hedj2n4q
hedonism
hedonist
heelflip
heelsxxx
heeralal
heerenve
heerenveen
heeroyuy
hefalump
hefner99
hegemony
hehateme
hehehaha
hehehehe
heidelbe
heidelberg
heidibeu
heididog
heihachi
heijeg1231
heike123
heikura3
heilbron
heilhitler
heimdall
heimlich
heineken
heinlein
heinrich
heinui93
heisenberg
hejhej123
hejhejhej
hejmeddig
hejsan12
hejsan123
hel31ena
held2076
heldheld
helen352
helena12
helenium
helgoland
helicon1
helicopt
helicopter
hell1234
hell2house5
hell2pay
hellbell
hellbend
hellbender
hellbent
hellborn
hellboun
hellbound
hellboy1
hellboy12
hellboy2
hellcats
hellerup
hellfire
hellfire1
hellfire1990
hellfish
hellfuck
hellgate
hellhell
hellhole
hellhoun
hellhound
hellmann
hellmuth
hello007
hello100
hello101
hello111
hello123
hello1234
hello12345
hello1995
hello200
hello222
hello321
hello420
hello555
hello666
hello777
hello999
helloall
hellobab
hellobaby
hellobob
helloda1
hellodav
hellodol
hellodolly
helloeric21
hellogoodbye
hellohal
hellohel
hellohello
helloits
helloitsme
hellojed
hellojello
hellojoe
hellojoh
hellokit
hellokitt
hellokitty
helloman
hellome1
hellomoto
helloooo
hellor25
hellosir
hellothe
hellothere
hellowee
helloween
hellowor
helloworld
helloyou
hellrais
hellraiser
hellride
hells1ng
hellsbel
hellsbells
hellsing
hellsing1
hellspaw
hellspawn
hellspit
hellsyea
hellyeah
helmet12
helmsley
helo4321
helpdesk
helphelp
helphost
helpless
helpline
helpme11
helpme12
helpme55
helpme69
helpme96
helpmeno
helpmenow
helpmeto
helsinki
hemicuda
hemidart
hemingwa
hemingway
hemmelig
hemmings
hemp6061
hempfabric
hemphill
hempstea
hempstead
henderso
henderson
hendrick
hendrika
hendrix1
hendrix2
hendrix3
hendrix5
hendrix6
hendrix7
hendrix9
henhouse
henley13
hennepin
hennesse
hennessy
henredpw
henri123
henriett
henrietta
henriette
henrique
henry123
henry8th
henrycha
henrydog
henryfeb
hentaixxx
henweekend
hepatitis
heracles
herahera
heraklit
herbalif
herbalife
herbert0
herbert1
herbert2
herbert5
hercule1
hercules
hercules1
herculie
hereford
herehere
herewego
heribert
herisson
heritage
heritage1
herjkf33978
herkimer
herkules
herm2912
herman123
hermanit
hermann1
hermann7
hermanni
hermanos
hermes123
hermetic
herminia
hermiona
hermione
hermitag
hermitage
hern34sp
hernande
hernandez
hernandez1
hernando
hero1234
hero4011
herodotu
herohero
herohonda
heromant
herooflife
herop900
herpderp
herpderp123
herpes84
herpussy
herrderringe
herring1
herschel
hershey1
hershey2
hershey3
hershey8
hersheys
hertford
herthroat
hervam1982
herzeleid
hesalive
heslicko
hesoyam1
hesoyam123
hesoyam1995
hesoyam1997
hesoyamaezakmi
hesoyamhesoyam
hesperia
hesperid
hetfield
hevzywtd
hevzywtdf
hewlett1
hexagram
hexamita
hexblue4
hexmacro
heydelboy
heyhey12
heyhey123
heyheyhe
heyheyhey
heylover
heynow69
heythere
hezekiah
hf22d08f0
hfafbkjdyf
hfbdv43t2r
hfcgbplzq
hfcgenby
hfcnbirf
hfcnfvfy
hfcrhenrf
hfdbkmrf
hfdtycndj
hfdyjdtcbt
hfgcjlbz
hfgeywtkm
hfljcnmvjz
hflxtyrj
hfpheibntkm
hfpldfnhb
hfprhbdeirf
hfpubkmlzq80
hfpyjcbkf839
hfvvinfqy
hfytnjxrb
hfytnjxrf
hgasjasg
hgd7r67y
hgdxtgttgfdtdtes
hgfedcba
hgfedcbaabcdefgh
hghghghg
hh775755757g
hh7sc4dx
hhadkd98
hhadkd99
hhbm69rr
hheelloo
hhhh2000
hhhhgggg
hhhhhhh1
hhhhhhhh
hhhhhhhhh
hhhhhhhhhh
hhhhhhhhhhh
hhhhhhhhhhhh
hhoku123
hhoo9900
hi5123789
hiawatha
hibernia
hibernian
hibiscus
hickclat
hickory1
hideandseek
hideaway
hidehide
hidemaru
hidenori
higgins1
highball
highbeam
highbury
highdeho
highfive
highgate
highheel
highheels
highhigh
highjump
highlan1
highland
highland1
highlande
highlander
highlanders
highlands
highlife
highligh
highlight
highline
highlord
highmark
highndry
highness
highnoon
highpoin
highpoint
highpowe
highride
highrise
highroad
highroll
highscho
highschool
highscre
highscreen
highside
highspee
highspeed
hightech
hightide
hightime
hightimes
hightowe
hightower
hightrust
highvolt
highvoltage
highway1
highway6
highways
highwind
highwood
higtveteran11
hihello11
hihihihi
hihje863
hihohiho
hii4getu
hijacker
hijklmnop
hijodeput
hijodeputa
hijoputa
hilander
hilaryduff
hildegar
hildipet
hilfiger
hillary1
hillbill
hillbilly
hillcres
hillcrest
hiller33
hillerl?d
hillhead
hilliard
hillman1
hillsboro
hillsdal
hillside
hillsong
hilltopper
hillview
hillwood
hiltonptfcor
hilversum
hilyard1
himachal
himalaya
himanshu
himawari
hinckley
hindustan
hingston
hinsb319
hinsdale
hiphop10
hiphop11
hiphop88
hiphopgod
hipolito
hipopotamo
hippasus
hippies7
hiragana
hirahira
hiram357
hiram675
hiro0919
hirochan
hiroguch
hirohiro
hiroller
hiroshim
hiroshima
hirosima
hirotake
hiroyuki
hirschau
hirsuite
hisachan
hispanic
histoire
historia
historian
historic
history1
history2
history3
hitchcoc
hitchcock
hithere1
hitler88
hitman01
hitman11
hitman12
hitman23
hitman47
hitman666
hitman69
hitman77
hitman79
hitman99
hitokiri
hitozuma
hitsbooster
hitsfrom
hitshits
hitsquad
hituzimo
hiw8tucu
hjccbz123
hjccbzxtvgbjy
hjcnbckfd
hjcnbirf
hjcnjdcrfz
hjhjhjhj
hjklhjkl
hjl?rring
hjlbjyjdf
hjlbntkb
hjljltylhjy
hjlyekmrf
hjnjhhjnjh123
hjpjxrf23062007
hjpvfhby
hjrcjkfyf
hjrtyhjk
hjvfhjvf
hjvfirby
hjvfirf1
hjvfitxrf
hjvfy123
hjvfybrf1
hjvfyhjvfy
hjvfyjdcrbq
hjvfyjdf
hjvfyjdhjvfyjd
hjvfyjds
hjvfynbr
hjvfynbrf
hjvfytyrj
hjvfytyrj95
hjvfyxbr
hjyfklj9
hjyfkmlj
hkayess435
hkfkt0qa
hkger286
hklmdf13
hkusp40c
hl089565
hl9ujemww
hlinkprx
hmitditw
hmiucif1
hmmm1234
hmmmmmmm
hn5wirw925
hndshake
hobbes12
hobbes98
hobbes99
hobbiton
hobbscat
hobgobli
hobgoblin
hobiecat
hobiedog
hobofred
hobohobo
hoboken1
hoboness
hoc66key
hochhaus
hochiminh
hochzeit
hockey01
hockey02
hockey03
hockey10
hockey101
hockey11
hockey12
hockey123
hockey13
hockey14
hockey15
hockey16
hockey17
hockey19
hockey20
hockey21
hockey22
hockey23
hockey24
hockey25
hockey27
hockey29
hockey30
hockey31
hockey33
hockey38
hockey44
hockey54
hockey66
hockey69
hockey72
hockey77
hockey78
hockey87
hockey88
hockey99
hockeyboy
hockeykid
hockeyma
hockeyman
hockeypu
hockeyst
hockeyto
hockeytown
hocuspoc
hocuspocus
hoddling
hoekstra
hoff6589
hoffenheim2008
hoffman1
hoffmann
hoffnung
hofnar44
hog7wild
hogandog
hogehoge
hogfishs
hogrider
hogtied5
hogtieddazed
hogwarts
hohohoho
hoilamgi
hokkaido
hokulani
hola1234
holacomoesta
holahola
holbrook
holcombe
holden05
holden10
holden23
holdenv8
holdfast
holdhold
holding1
holdings
holehole
holeinon
holeinone
holeshot
holiday1
holiday2
holiday3
holidays
holiness
holistic
holla234
hollabac
hollaback
holland1
holland6
hollanda
hollands
holliday
hollidolli
holliste
hollister
hollister1
hollister2
hollister5
holloman
hollow20
holloway
holly121
holly123
holly200
holly666
hollyann
hollycat
hollydog
hollyman
hollywoo
hollywood
hollywood1
holmes22
holmes31
holmes69
holmgren
holocaus
holocaust
holocron
holodilnik
hologram
holoholo
holscher
holstebro
holstein
holtzcla
holybible
holybull
holycow1
holycows
holycrap
holycros
holycross
holyfiel
holyfield
holyghost
holygrai
holygrail
holyholy
holymoly
holyshit
holysmok
holysmoke
holyspirit
holywood
holzwurm
homayoum
home1234
home2000
homealon
homealone
homebase
homebody
homeboy1
homeboys
homebrew
homedepo
homedepot
homefree
homegirl
homegrow
homegrown
homehome
homeland
homeless
homemade
homepage
homer111
homer123
homer196
homer316
homer383
homer426
homer677
homer999
homercal
homercat
homerdog
homerdoh
homerhom
homerhomer
homerjay
homersim
homersimpson
homerun1
homerun2
homerun4
homeruns
homeschool
homesick
homeslice
homestar
homestar1
homestea
homestead
homesweethome
hometeam
hometime
hometown
homeward
homewood
homework
homeworl
homeworld
homicide
homohomo
homosapiens
homosexual
homsim10
homsrvs211
homya4ok
honda123
honda125
honda200
honda2000
honda2003
honda250
honda400
honda400ex
honda450
honda4me
honda500
honda600
honda702
honda750
honda900
honda929
honda999
hondaacc
hondacar
hondacbr
hondacity
hondaciv
hondacivic
hondacr2
hondacrv
hondacrx
hondacx5
hondadio
hondahonda
hondaman
hondansx
hondas20
hondas2000
hondas2k
hondastars
hondavfr
hondavtx
hondekop
honduras
honestly
honey100
honey123
honey143
honeybab
honeybaby
honeybea
honeybear
honeybee
honeyboy
honeybun
honeybunny
honeycat
honeycom
honeydew
honeydog
honeygirl
honeyhon
honeyhoney
honeylove
honeyman
honeymoo
honeymoon
honeynut
honeypie
honeypot
honeywel
honeywell
honeywoo
hong-sup
hongfund
hongkong
hongphuc
honkhonk
honolulu
honor123
honorata
honorine
hoobastank
hoochie1
hoochies
hoodhood
hoodrich
hoodwink
hoodyhoo
hookedup
hookhook
hookmeup
hookshot
hooligan
hooligans
hoophoop
hoopitup
hoopstar
hoopster
hoosier1
hoosiers
hootchie
hooters1
hooters4
hooters6
hooters69
hooters7
hooters9
hoothoot
hootyhoo
hoover69
hoow6c9c
hopalong
hope1234
hope4673
hope7777
hopeful1
hopefull
hopehope
hopeless
hopelove
hoperzone13
hopester
hopetosh
hopewell
hopey120
hopkins1
hopkins9
hopperma
hopscotc
horchata
horizon1
horizon16
horizon2
horizons
horizont
hormones
hornball
hornblow
horndawg
horndog1
horndogg
hornet12
hornet1983
hornets1
horniest
horntoad
horny123
hornyass
hornybit
hornybitch
hornyboy
hornydog
hornygirl
hornyguy
hornyman
hornyone
hornyslut
hornytoa
hornytoad
hornywif
horowitz
horrible
horrnblow
horse123
horseass
horseboy
horsecoc
horsecock
horsefac
horsefly
horsefuck
horseman
horsemen
horsepla
horsepow
horsepower
horses69
horsesex
horseshi
horseshit
horsesho
horseshoe
horsfiel
hortense
hortensia
hosehead
hosepant
hoser1369
hospital
hosshoss
hostile1
hot10dog
hot2trot
hot4you2
hot69sex
hotbabes
hotbitch
hotblack
hotblond
hotbody1
hotbody2
hotboy12
hotbrick
hotcakes
hotchick
hotchicks
hotchili
hotchkis
hotcivic
hotcreol
hotcurve
hotdaddy
hotdog01
hotdog12
hotdog123
hotdog21
hotdog99
hotdogge
hotfilmes
hotfrank
hotfries
hotgirl1
hotgirls
hothands
hothotho
hothothot
hothouse
hotladie
hotlanta
hotlatin
hotlicks
hotlolla
hotlover
hotmamma
hotmomma
hotness1
hotnhorn
hotnight
hotnsexy
hotnurse
hotohori
hotornot
hotpants
hotpepper
hotpoint
hotpussy
hotrocks
hotrod16
hotrod20
hotrod67
hotrod69
hotrodla
hotsauce
hotsex69
hotshit1
hotshot1
hotshot6
hotshots
hotsluts
hotsocks
hotspot7
hotspur1
hotspurs
hotsteel
hotstick
hotstock
hotstuff
hotstuff1
hott1234
hottdogg
hottdogs
hotteens
hottentot
hottgirl
hotthott
hottie12
hottie123
hottie19
hottie24
hottie69
hottimes
hottness
hottoddy
hottopic
hottpass
hottrodd
hottruck
hottsexx
hotttttt
hotwater
hotwheel
hotwheels
hotwings
hotwired
hotwomen
houdini1
houdini2
houghton
hound123
hounddog
hounslow
hourglas
hourglass
house123
housebed
houseboa
houseboat
housecat
housedog
housedoo
housefis
housefly
housegoa
househol
househor
housekey
housekit
houseman
housemou
housemus
housemusic
housepen
houseroa
houseroad
houseroad4
housesin
housetab
housewif
housewife
housewifes
houston0
houston1
houston2
houston3
houston4
houston6
houston7
houston9
houstons
houstont
hovepark
howabout
howard119
howard12
howardst
howardstern
howareyo
howareyou
howdoyou
howdy123
howdydoo
howitzer
howlwolf
howudoin
howyoudoin
hoyasaxa
hpassion
hpchp0j1
hpdeskjet
hpdj6cdc
hpii1234
hpmrbm41
hpojscan
hppavili
hppavilion
hpsalgay
hr40te25
hr45ku66
hrenhren
hrf4b59e
hristina
hrothgar
hrvatska
hschmidt
hshe6647
hshfd4n279
hswfhmcvthnb
ht010170
ht910421
htbgetbj
htcnhernehbpfwbz
htcnjhfy
htct3333
htdjk.wbz
htfkmyjcnm
htfybvfnjh
hthort23
hththt70
htrchtrc
htrdbtvgjvtxnt
htubcnhfwbz
htubcnhfwsz
htubyjxrf
htutcnhfnehf
htutythfwbz
htvuzf3t
htyf1994
htyjkjufy
htytccfyc
huachuca
huangjin1987
huasheng
hubabuba
hubahuba
hubbabub
hubbabubba
hubbahub
hubbahubba
hubert12
hubertus
hubjolin
huckfinn
hucklebe
huckleberry
huckster
hudson09
hudson12
hudson33
hudson99
huey1974
hueyhuey
huf0gan1
hugafish
hugble13
hugeboobs
hugecock
hugedick
hugefuckin
hugeness
hugeones
hugetits
huggybea
hughes99
hughjass
hugo1234
hugoboss
hugobr30
hugohugo
hugorune
huihuihui
hujikolp
hukari30
hulagirl
hulahoop
hulahula
huliganka
hulkhoga
hulkhogan
hulkhulk
hulkster
hullcity
humahuma
humanist
humanity
humanoid
humberto
humblepi
humboldt
humdinge
humidity
humidor1
humiliat
humility
hummer00
hummer01
hummer11
hummer12
hummer69
hummer99
hummerh1
hummerh2
hummerlove
hummingb
hummingbird
humorous
humpalot
humphrey
humphrey1
humungus
hundert3
hundhund
hunghung
hungover
hungwell
hunkydor
hunnybun
hunnybunny
hunt0802
hunt1959
hunt4red
hunter00
hunter007
hunter01
hunter02
hunter04
hunter05
hunter06
hunter08
hunter10
hunter101
hunter11
hunter12
hunter123
hunter13
hunter14
hunter16
hunter17
hunter18
hunter19
hunter20
hunter21
hunter22
hunter23
hunter24
hunter25
hunter26
hunter28
hunter333
hunter44
hunter45
hunter51
hunter66
hunter67
hunter68
hunter69
hunter71
hunter74
hunter81
hunter88
hunter91
hunter97
hunter98
hunter99
hunterde
hunterdi
hunterf6
hunterman
hunthunt
hunting1
hunting2
huntington
huntress
huntsman
hurensohn
hurghada
huricane
hurley00
hurley11
hurley69
hurrican
hurricane
hurricane1
hurricanes
hurtemem
hurtsuck
hurzhurz
husaberg
husband1
huseynov
hush1234
hushhush
husker23
husker69
husker89
huskerdu
huskerfa
huskers0
huskers1
huskers2
huskers7
huskers9
huskies1
huskies9
husky200
husky_1303
husqvarn
husqvarna
hussain1
hustler1
hustler5
hustler6
hustler7
hustlers
hustlin1
hutchins
hutchinson
huyhuyhuy
hvergelmir7
hvidovre
hxp4life
hxxo3yja
hxxrvwcy
hyac4801
hyacinth
hyaluron
hyapatia
hydehyde
hydepark
hyderaba
hyderabad
hydro420
hydrogen
hydronic
hydropon
hydropow
hydroptfcor
hyper273
hyperbol
hyperdrive
hyperion
hyperlad
hyperlit
hyperlite
hyperman
hypnodanny
hypnosis
hypnotic
hysteria
hzgg9umc
hzpfyjdf
hzze929b
i123456789
i12licku
i1l2n3u4r5
i210c844q523
i3zc3nee8o
i5stwf1rcx
i7557j56
i82qb4ip
i95sucks
i987654321
ia1859sc
iaapptfcor
iacovone
iam2sexy
iamajerk
iamalive
iamalone
iamapimp
iamapker
iamaruby
iamaslut
iamastar
iamastud
iamawesome
iambigal
iamcool1
iamcrazy
iamdaman
iamevil7
iamgreat
iamhappy
iamhorny
iaminlove
iamlegend
iamlucky
iammcham
iamnumber1
iampurehaha2
iamshiva
iamsmart
iamsocool
iamsorry
iamsuccessful
iamthatiam
iamthebe
iamthebes
iamthegame
iamtheki
iamtheking
iamthela
iamthelaw
iamthema
iamtheman
iamtheon
iamtheone
iamthewalrus
iamthnic
iamxilef
ian25973
iancroft
iandean1
ianuarie
iaroslav981
iashvili
iaspolcy
iasrecst
iaxe105-lanceman
ibanezmi
ibanezrg
ibelieve
ibill123
ibilljpf
ibilltes
ibismojo
ibodebest1
ibpjahtybz
ibragimov
ibragimova
ibrahimovic
ibrfhyj1
ibrfvfhe
ibysitak
ibyybr56
icam4usb
icam5usb
icandoit
icanseeyou
icansk82
icantsay
iceberg1
icebergs
iceblack
icebox74
icebreak
icebreaker
icecream
icecream1
icecube1
icecube8
icecubes
icedeart
icedearth
icedevil
iceheart
icehocke
icehockey
icehouse
iceicebaby
iceiceice
iceman01
iceman07
iceman11
iceman12
iceman14
iceman15
iceman18
iceman19
iceman20
iceman21
iceman22
iceman23
iceman24
iceman32
iceman44
iceman54
iceman58
iceman69
iceman77
iceman88
icequeen
iceskate
icestorm
icewater
icewhite
icewind1
ichiban1
ichiro51
ichliebe
ichliebedich
ichunddu
iconnect
icostnko
icratt79
icred22n
icunurse
icwconn1
icwconn2
icwrmind
icwtutor
icxcnika
idbehold
idccibt1
iddqd123
iddqd890
iddqdiddqd
iddqdidkf
iddqdidkfa
ideal1432
idechannel
idedevicep0t
idedevicep1t
idedevicep2t
ideepthr
idefix01
idejjedi
identificati
identify
identities
identity
idinahui
idinahuy
idinaxui
idinaxyi
idiotboy
idiotizm
iditarod
idkfa321
idkfaiddqd
idlewild
idolidol
idontcar
idontcare
idontkno
idontknow
idontknow1
idspispo
idspispopd
idur9x9f
ie4regun
ieaccess
ieatpussy
iecontlc
iedfkjdf
iedkcs32
ieee1394
ieent001
ieexecremote
iefiles5
ieharden
iehbr123
ieheg123
ieqwryrvsb
ierusalim
iexplore
if2gb4a2
iffy1111
ifgjdfkjd
ifgjdfkjdf
ifgjrkzr
ifhbyufy
ifhfgjdf
ifhkjnnf
ifoptfcor
iforget2
iforgot1
iforgot2
iforgoti
iforgotit
ifrbhjdf
iftikhar
ifuckyou
ifufkbyf
ifvgfycrjt
ifyawantme
ifynfkmghbvv44
ig88ig88
igbkbdbkb
igeldcheat
iggyiggy
iggypool
iglesias
iglika24
ignatenko
ignatius
ignition
ignorance
ignorant
igor1234
igor12345
igor1963
igor1967
igor1968
igor1971
igor1972
igor1973
igor1975
igor1983
igor1985
igor1986
igor1987
igor1988
igor1989
igor1990
igor1992
igor1993
igor1994
igor1995
igor1996
igor1997
igor1998
igor2000
igor2010
igor2011
igor55555
igorek123
igorek88
igorevna
igorigor
igotajob
igotmail
igromania
igtnlwc1
ih0pe4m0
ihateher
ihatehim
ihatelove
ihatemylife
ihateniggers
ihatethi
ihatethis
ihatey0u
ihateyou
ihateyou!
ihateyou1
ihateyou2
ihgfedcba
iiaiia1962
iiiiiii1
iiiiiiii
iiiiiiiii
iiiiiiiiii
iiiiiiiiiii
iisadmin
iisclex4
iisftpdr
iisreset
iisrstap
iisrstas
iisschlp
iisuiobj
iisw3adm
ijgjujkbr
ijijijij
ijrjkfl1
ijrjkflrf
ikalleen
ikbencool
ikbengek
ikbenhet
ike02ban
ikhouvan
ikhouvanjeomer12345
ikickass
ikillyou
ikilz083
ikjkikjk
ikkeikke
ikmvw103
iknowwha
ikzgf1213
il0v3y0u
il0veyou
il83jt7t
ilaria90
ilchris1
ileniwom
iliailia
ilikeass
ilikebeer
ilikecheese
ilikechicken
ilikedick
ilikefish
ilikegir
ilikegirls
ilikeike
ilikepie
ilikepie1
ilikepink
ilikepor
ilikeporn
ilikepus
ilikepussy
ilikesex
iliketacos
iliketits
ilikeyou
ilkjjcc2
illicist
illimani
illini11
illini24
illinois
illmatic
illnever
illogic1
illumina
illuminati
illuminator
illusion
illusions
illusive
illyrian
ilmp6969
ilnar_13
ilnur123
ilona123
ilov3you
ilove123
ilove269
ilove420
iloveabby
iloveace
iloveada
ilovealex
iloveali
iloveallah
iloveamy
iloveana
iloveanal
iloveann
iloveanna
iloveari
iloveash
iloveass
ilovebee
ilovebeer
iloveben
ilovebeth
ilovebig
iloveboo
iloveboobies
iloveboobs
ilovebooks
iloveboy
ilovebri
ilovecar
ilovecat
ilovecats
ilovechris
ilovecoc
ilovecock
ilovecomics
ilovecum
ilovedad
ilovedan
ilovedani
ilovedavid
ilovedee
ilovedic
ilovedick
ilovedogs
iloveeri
ilovefee
ilovefeet
ilovefood
ilovefootball
ilovefred
ilovegen
ilovegir
ilovegirl
ilovegirls
ilovegod
ilovegod1
ilovegolf
iloveher
ilovehim
ilovehim1
ilovehim2
ilovehockey
iloveian
iloveindia
iloveit1234
ilovejake
ilovejam
ilovejames
ilovejamie
ilovejay
ilovejen
ilovejerry
ilovejes
ilovejess
ilovejesus
ilovejoe
ilovejoey
ilovejosh1
ilovekat
ilovekate
ilovekatie
ilovekay
ilovekel
ilovekelly
iloveken
ilovekevin
ilovekim
ilovelauren
ilovelife
ilovelin
ilovelis
iloveliz
ilovelove
iloveluc
ilovelucy
ilovemama
ilovemar
ilovemark
ilovemary
ilovemat
ilovematt
iloveme1
iloveme2
iloveme3
ilovemeg
ilovemel
ilovemen
ilovemia
ilovemike
ilovemm123
ilovemom
ilovemom1
ilovemoney
ilovemother
ilovemum
ilovemusic
ilovemyfamily
ilovemyfriends
ilovemykids
ilovemylife
ilovemym
ilovemymom
ilovemymother
ilovemymum
ilovemys
ilovemyschool
ilovemysel
ilovemyself
ilovenastya
ilovenat
ilovenick
ilovepam
ilovepie
ilovepor
iloveporn
ilovepot
ilovepron
ilovepus
ilovepuss
ilovepussy
iloveric
iloverob
iloverock
ilovervk
iloveryan
iloveryan1
ilovesam
ilovesar
ilovesarah
ilovesex
ilovesex1
iloveshe
ilovesky
ilovesmg
ilovesus
ilovetea
ilovethe
ilovethi
ilovethisgame
ilovetit
ilovetits
iloveto69
ilovetof
ilovetofuck
ilovetom
ilovetra
iloveu12
iloveu123
iloveu1314
iloveu22
iloveusa
iloveutoo
ilovevera
ilovewee
iloveweed
iloveyo1
iloveyou
iloveyou!
iloveyou.
iloveyou0
iloveyou01
iloveyou1
iloveyou10
iloveyou11
iloveyou12
iloveyou123
iloveyou1234
iloveyou13
iloveyou143
iloveyou15
iloveyou1994
iloveyou2
iloveyou2011
iloveyou21
iloveyou22
iloveyou3
iloveyou4
iloveyou5
iloveyou6
iloveyou69
iloveyou7
iloveyou8
iloveyou99
iloveyoubabe
iloveyoubaby
iloveyoupker
iloveyoutoo
iloveyoux3
ilovlay162
ilshat2010
iltara03
iluvalex
iluvatar
iluvbren
iluvcats
iluverin
iluvgirl
iluvgirls
iluvgolf
iluvjenn
iluvlind
iluvlisa
iluvmike
iluvporn
iluvpuss
iluvpussy
iluvrosi
iluvsara
iluvtiff
iluvtits
iluxaxa17
ilya1234
ilya1990
ilya1992
ilya1994
ilya1995
ilya1998
ilya2000
ilyailya
ilynajla
ilyuminnaciya
im1admin
imabeast
imaccess
imafreak
imaginat
imagination
imagine1
imagine9
imagmakr15
imaloser
imarijam
imation1
imawesome
imawinner
imbatman
imbecile
imbostriker
imboutit
imbruglia
imchaesex
imdadmin
imfishin
imfucked
imhipp99
imhorney
imhotep1
iminlove
iminlove1
imissdad
imisshunter
imissyou
imitation
imjakie123
imjunglist
imladris
immacula
immanuel
immature
immeuble
imminent
immobili
immobiliare
immortal
immortal1
immortalis
imnumber
imnumber1
imonfire
impact12
impala63
impala64
impala66
impalass
imperato
imperator
imperia2010
imperial
imperial1
imperium
implants
impolite
importan
important
importante
imported
importer
imposible
impossib
impossible
imposter
impotent
impressa
impression
impressions
impressive
impreza1
improvis
impulse1
impulse101
impulse2
impulse9
impunity
imrankhan
imsingle
imsocool
imsocool1
imsosexy
imthebes
imtheman
imtheone
imtheowner
imtheshit
ina38nay
inactive
inandout
incagold
incentiv
inception
inchains
incharge
inchworm
incident
incirlik
includecatal
incognit
incognito
incoming
incorrec
incorrect
incredib
incredible
incrediblereview
incubus1
incubus7
indaclub
indahous
indahouse
indecent
independ
independence
independent
inderpal
indi3084
india123
india200
india2009
indian01
indian123
indian22
indiana1
indiana2
indiana7
indianaj
indianali
indianchief
indianer
indians1
indiglo1
indigo11
indigo12
indigo99
individu
individual
indoboke
indobokep
indochine
indonesi
indonesia
inductor
indurain
industri
industria
industrial
industry
indycars
ineeda40
ineedajo
ineedajob
ineedhelp
ineedsex
ineedyou
inesines
inetcomm
inetinfo
inetopts
inetpref
inetsrch
inew7378
infalicall
infamous
infamous1
infantr1
infantry
infected
infection
infernal
inferno1
inferno2
inferno6
inferno666
infernos
infierno
infinate
infineon
infinit1
infinite
infiniti
infinito
infinity
infinity1
infinity8
infinityward
infinitywing
inflames
inflight
influenc
influence
infoctrs
infoinfo
infonere
informal
informat
informatic
informatica
informatika
informatio
information
informed
informer
informix
infoseek
infotech
infrared
infs1391
ing2sexx
inga-123
ingaforptfcor
ingainga
ingeborg
ingenier
ingenieri
ingenieu
ingersol
inglaterra
inglewoo
inglewood
ingodwetrust
ingolipt
ingotism
ingraham
ingram01
ingrid11
ingrid57
inhoc555
initiald
initialiazat
initializati
initializing
injected
injector
injunjoe
inkerman
inkognito
inkvizitor
inmotion
inmyears
inmyhead
inmylife
inna1002
inna1970
inna1982
inna1988
inna1989
inna1990
inna1994
inna1998
inna2001
innainna
innerlight
inngirls
innjn103
innocenc
innocence
innocent
innochka
innotech
innovate
innovati
innovative
innovision
innsbruc
innuendo
inocencio
inoeacc023
inoflamn
inokentiy
inolegna
inouefu1
inq4yeyo
inquisitor
insabrun
insagent
insane12
insaniac
insanity
insatiable
insdprgm
insecure
insecuri
insert12
insertion
insertions
inshalla
inshallah
inside33
insider2
insidetm
insight1
insightb
insights
insignia
insolent
insomnia
insomniac
insp7000
inspect1
inspecto
inspector
inspektor
inspiration
inspired
inspiron
instagra
install1
installation
installdevic
installed
installenume
installinter
installlegac
installpersi
installsqlst
installutil
installutill
installwmdm
installwmfsd
installwmp64
installwmp7
instance
instant1
instanta
instation
instigat
instinc1
instinct
instinkt
institut
institute
instmsia
instmsiw
instruct
instrume
instrument
insulation
insuranc
insurance
inteflex
integra1
integra2
integra4
integra9
integra91
integral
integrale
integrall
integras
integrat
integration
integrin
integrit
integrity
intel123
intelceleron
inteligent
intelinside
intellec
intellect
intellig
intelligence
intelligent
intelp20
intelpentium
intense1
intensit
intensiv
intentio
inter123
inter1908
inter456
interacial
interact
interaktiv
intercep
intercept
interceptor
intercit
intercom
intercon
intercooler
intercourse
interdit
interest
interested
interesting
interests
interfac
interface
interfaces
interior
interista
interkom
interkross
interlak
interlin
interlud
interlude
intermil
intermilan
intermix
internaciona
internacional
internadn
internal
internat
internationa
international
internazionale
interne1
internet
internet1
internet12
internet123
internet2
internet3
internets
internett
internic
interpol
interpreter
interrac
interracial
interrupt
intersta
interstate
interval
intervention
interzon
intex123
intheass
inthebox
intheday
intheend
inthehou
inthemix
intifada
intim850
intimacy
intimate
intimidator
intocabl
intoxicated
intraining
intranet
intrepid
intrepid1
intrigue
introubl
introvert
intruder
intubate
intuitio
intuition
inuyasha
inuyasha1
invaders
invalidp
invasion
inventor
invernes
inverness
inverted
inverter
investig
investing
investme
investment
investor
invictus
invincib
invincible
invisibl
invisible
invision
invitation
invoice1
inxsinxs
io7eq1ff
io9vypev
ioioioio
iolanthe
ionedick
ionstorm
iopiopiop
iori7412
iostream
iot42190
iotadelt
iou123y1
iowaiowa
iownedyou
ipasswdt
ipfreely
iphone3g
iphone3gs
ipo54tj45uy856
ipodnano
iposavec
ippolito
ipsmsnap
ipswich1
ipswitch
iptopvad
ipwnroben123
iquz1kp7
iqzzt580
ira12345
ira123456
ira123456789
iradagadji
iraffert
iraklion
iramatio
iraniran
ireland1
ireland1948
ireland2
ireland3
ireland5
ireland7
ireland8
irene123
irenicus
irfiegw1
irfnekrf
iri55kf88
irina007
irina123
irina1234
irina12345
irina1953
irina1956
irina196
irina1961
irina1965
irina1967
irina1968
irina1969
irina197
irina1970
irina1972
irina1973
irina1974
irina1975
irina1976
irina1977
irina1978
irina198
irina1980
irina1982
irina1983
irina1984
irina1985
irina1986
irina1987
irina1988
irina1989
irina1990
irina1991
irina1993
irina1995
irina1996
irina1997
irina1998
irina2000
irina2002
irina2010
irina2011
irina555
irina777
irinairina
irino4ka
irinochka
irish123
irish777
irishboy
irisheye
irishfan
irishguy
irishlad
irishman
irishone
irishred
irisiris
irjkf258
irjkfirjkf
irjkfyjvth
irjkfyjvth2
irjkmybr
irjkmybwf
irlhjbyg
irmajean
iron1065
ironb667
ironball
ironbird
ironchai
ironchef
ironcity
ironclad
ironclaw
ironcouc
ironcouch
ironcros
ironcross
irondesk
irondoor
ironeagl
ironfire
ironfish
ironfist
ironfloo
irongate
irongiant
irongoat
ironhair
ironhand
ironhead
ironhide
ironhors
ironhorse
ironhous
ironiron
ironkitt
ironlady
ironlion
ironlung
ironmaid
ironmaide
ironmaiden
ironman0
ironman1
ironman2
ironman2000
ironman5
ironman6
ironman7
ironman8
ironman99
ironmans
ironmanx
ironmike
ironmonkey
ironmous
ironpony
ironroad
ironroof
ironside
ironsink
irontabl
irontree
ironwill
ironwind
ironwood
ironwork
ironworker
ironworks
iroquois
irsblows
irtedr52
is0umber1
is3yeusc
is881230
is_a_bot
is_soshy
isaac123
isabel01
isabel13
isabel18
isabelit
isabell1
isabella
isabella1
isabella25
isabelle
isachick
isacs155
isaiah08
isaiah11
isaiah19
isaiah23
isaiah29
isaiah53
isakov7roma7
isambard
isawesom
isawhore
isbury35
iscariot
iscomlog
iscrizione
isee2020
iseedead
iseedeadpeople
isengard
isfallin
isgutten
ishamael
isherwoo
ishikawa
ishockey
ishta123
isisisis
iskandar
iskander
iskender
islam123
islamabad
islamova
island18pass
island44
island69
islandbo
islander
islanders
islandgi
islandia
islandmo
islands1
islingto
ismailov
ismailova
isotopeq2
isotopes
isp2busy
israilov
isrdbg32
issabell
issaquah
isshogai
issue43-alaina
istambul
istanbul
isterika
isthebes
isthebest
isthema1
istheman
istrebitel
isuafool
isuckcock
isvipebaby
iswallow
isxxxvip
isymwrapper
itachi1995
italia22
italia90
italian1
italiana
italiano
italians
italias1
italstal
itb70240
itchitch
itcnfrjdf
itcompany
itdfkmth
itdhjktn
itdxtyrj
itfhyqny
itformon
ithilien
itma88s6
itoyuka24
its2cool
itsallgo
itsallgood
itsasecr
itsasecret
itsforme
itsmylife
itsmystyle
itsu5555
ittabena
ittybitty
iu234jkh2g
iuytrewq
iv513613
ivamaseg
ivan1234
ivan12345
ivan123456
ivan1978
ivan1980
ivan1982
ivan1983
ivan1984
ivan1985
ivan1986
ivan1987
ivan1988
ivan1989
ivan1990
ivan1991
ivan1992
ivan1993
ivan1994
ivan1995
ivan1996
ivan1997
ivan1998
ivan2001
ivan2004
ivan2005
ivan2008
ivan2009
ivan2010
ivan2011
ivan5046
ivan8899
ivanchenko
ivancito
ivanenko
ivanivan
ivanivanov
ivanov1990
ivanovi4
ivanovich
ivanovka
ivanovna
ivant0503
ivaricha
ivarivar
ivasenko
iverson03
iverson1
iverson2
iverson3
ivo29091988
ivorydog
ivyleagu
iw7ivvnd
iwannafuck
iwannawin
iwantsee
iwantsex
iwantyou
iwillcha
iwillfuckyou
iwillwin
iwj7wdq256
iwltfd9t
iwmzwryk
iwojima1
iwtymnxf
iy56yb39
iy724h2u
izabella
izaskun1
izdashit
iznogood
iznogoud
izquierdo
izzyizzy
j03sthnj
j0hnj0hn
j0nathan
j1234567
j12345678
j123456789
j1235610
j1a9m4e5
j1a9m4e5s
j2001505
j2gohome
j3nn1f3r
j3qq4h7h2v
j3ttj03y
j557ceob
j6c4wnaf
j7777777
j78gc86vg
j7a5c4k4s5o7n
j7hn7lp7
j8675309
ja123456
ja1loway
ja78wbyg
jabaluva
jabba111
jabbahut
jabbawockeez
jabberja
jabberwo
jaberwok
jabjabja
jablowme
jabojabo
jabroni1
jabulani
jacel527
jack0502
jack1234
jack1974
jack2000
jack2005
jack2006
jack2009
jack2222
jack5225
jack8on4
jackadam
jackalope
jackandjill
jackaroo
jackass0
jackass1
jackass12
jackass123
jackass2
jackass4
jackass5
jackass6
jackasss
jackbauer
jackblac
jackblack
jackdani
jackdaniel
jackdaniels
jackdeer
jackdog1
jackets2
jackfarr
jackfish
jackflas
jackflash
jackfros
jackfrost
jackfrui
jackfruit
jackhamm
jackhammer
jackharr
jackhole
jackie01
jackie08
jackie10
jackie12
jackie21
jackie22
jackie23
jackie31
jackie42
jackie43
jackie69
jackie99
jackiech
jackiechan
jackinth
jackinthebox
jackjack
jackjack1
jackjill
jackjohn
jackkerr
jackknife
jackmeof
jackmeoff
jacknife
jacknjill
jackoff1
jackpass
jackpot0
jackpot1
jackpot2
jackpot3
jackpot4
jackpot5
jackpot6
jackpot7
jackpot8
jackpots
jackrabb
jackrabbit
jackrock
jackrose
jackruss
jackryan
jackson0
jackson07
jackson1
jackson11
jackson123
jackson2
jackson3
jackson4
jackson5
jackson55
jackson6
jackson7
jackson8
jackson9
jacksond
jacksonf
jacksonh
jacksons
jacksonv
jacksonville
jackspar
jacksparrow
jackstar
jackster
jackstra
jacktors
jacky123
jackyboy
jacob123
jacob200
jacob420
jacobfit
jacobite
jacobito
jacoblee
jacobsen
jacobson
jacobyte
jacojaco
jacqueli
jacqueline
jacquelyn
jacques0
jacques1
jacquie1
jacypije
jadakiss
jade1234
jade2000
jade22221
jadejade
jadziada
jagajaga
jagannath
jager123
jagiello
jagobone
jagrjagr
jagstang
jaguar01
jaguar11
jaguar12
jaguar13
jaguar14
jaguar22
jaguar69
jaguar74
jaguar99
jaguares
jaguars1
jaguarxj
jaguarxk
jahangir
jahanshi
jahbless
jahrasta
jaiganesh
jaigurudev
jaihanuman
jailbait
jailbird
jaimatad
jaimatadi
jaimataki
jaime123
jaimelee
jaishriram
jajajaja
jakarta1
jake1111
jake1234
jake2000
jake2002
jake2004
jake3232
jake4440
jake5253
jakeadam
jakeblues
jakecake
jakedog1
jakejaka
jakejake
jakenick
jakesnak
jakester
jakethedog
jakeyboy
jakobsen
jakovlev
jakovleva
jalal123
jalal123k
jalandhar
jalapen0
jalapeno
jalkapallo
jallajal
jallaura
jamaica0
jamaica1
jamaica2
jamaican
jamaika2010
jamajama
jamal123
jambooby
jamboree
jamerson
james001
james007
james100
james101
james111
james114
james123
james1234
james12345
james200
james321
james333
james420
james666
james777
jamesbon
jamesbond
jamesbond00
jamesbond007
jamesbro
jamesbrown
jamesdea
jamesdean
jamesh98
jamesjam
jamesjames
jameslee
jameslewis
jamesmal
jamesmi6
jamesmi6007
jameson1
jameson4
jamesone
jamesray
jamessss
jamestkirk
jamestow
jamie111
jamie123
jamiejamie
jamielee
jamielyn
jamielynn
jamieson
jamiroqu
jamiroquai
jammer98
jammin69
jammygirl
jampearl
jamsbond
jamtarts
jamtfall
jan12345
jan5201711
janacova
janajana
janazoe2
jandikkz
jane1234
jane2000
janechen
janeeyre
janeiro1
janejane
janell21
janelle1
janesays
janetjac
janetjackson
janeway1
jangofet
janice01
janice45
janijani
janine01
janineb12
janineki
janis602
jankovic
janmarie
janne123
jannette
janovus1
jansport
january1
january2
january3
january4
january5
january6
january7
january8
janus914
japan123
japanees
japanese
japanime
japaridze
japierdole
japonesa
japonica
jaquelin
jaqueline
jarabaco
jaredleto
jarhead0
jarhead1
jarheads
jarkey43
jarlaxle
jaromir68
jaronnaa
jaroslav
jarrett8
jarrett88
jarvis12
jas11058
jas110580
jas13per
jasemine
jashvant
jasmin12
jasmine0
jasmine1
jasmine10
jasmine11
jasmine12
jasmine123
jasmine2
jasmine3
jasmine5
jasmine6
jasmine7
jasmine8
jasmine9
jasmines
jasminka
jaso62000
jason001
jason007
jason111
jason123
jason1234
jason198
jason199
jason666
jasonchin
jasonjas
jasonjason
jasonkid
jasonlee
jasper01
jasper10
jasper11
jasper12
jasper123
jasper13
jasper21
jasper22
jasper23
jasper24
jasper33
jasper69
jasper6d
jasper99
jasperdo
jaspreet
jassjass
jasurbek
jatapodre
jatoohia
jaundice
java1234
javabean
javajava
javajive
javascript
javaxishvili
javelin1
javelina
javicito
javier11
javier12
javier69
jawbreak
jawbreaker
jaworski
jaws1221
jay12345
jayakumar
jaybeezz
jaybird1
jaybird7
jaybirds
jaybvr70
jayden08
jaydog472
jayemkay
jayguy16
jayhawk1
jayhawks
jaykiza1
jaymzhet
jayshree
jaysoncj
jazmine1
jazz1234
jazz2003
jazzband
jazzbass
jazzclub
jazzjazz
jazzman1
jazzmine
jazzrock
jazzy123
jazzyman
jazzyone
jb011a98
jb133as4
jbalan21
jbaron37
jbc72309
jbjbjbjb
jblamont
jblpro76
jblseries
jblworld
jbond007
jboyer007
jbsmooth
jbuffett
jbwm2001
jc102750
jc123456
jcbgtyrj
jcchasez
jcdenton
jceahhjr
jcharmon
jcilbilh
jcislord
jclfw190
jclh2710
jcnfg123
jcnfgtyrj
jcnfgxer
jcollins
jcomapuc
jcpenney
jcreaven
jctym2010
jdaniels
jdcacnns
jdjdjdjd
jdmcivic
jdoldno7
jdq4j8lu3a
jds150447
jdthkjhl
jdwal252
jdxbyybrjd
je210590
jean-cla
jean-mar
jean-pierre
jeanbean
jeanclaude
jeanette
jeanette1
jeangrey
jeaniene
jeanjean
jeanmarc
jeanmich
jeannett
jeannette
jeannies
jeannine
jeanpaul
jeanpier
jeanpierre
jeanyves
jebacina
jebediah
jebemtim
jebshow1
jedediah
jedi2000
jedidiah
jedijedi
jediknig
jediknigh
jediknight
jedimast
jedimaster
jedimind
jedinite
jediyoda
jeejee12312
jeep1989
jeep2000
jeep2001
jeep2004
jeep47v8
jeepers1
jeepers9
jeepjeep
jeepster
jeetkune
jeetkunedo
jeferson
jeff1234
jeff1964
jeff2000
jeff2001
jeffbeck
jefferso
jefferson
jeffersonlibrar
jeffery1
jeffery7
jeffffej
jeffgord
jeffgordon
jeffgordon24
jeffhard
jeffhardy
jeffjeff
jeffmill
jeffrey1
jeffrey123
jeffrey2
jeffrey3
jeffrey4
jeffrey6
jeffrey7
jeffrey9
jeffreya
jeffreyd
jeffreys
jeffries
jeffsmith
jefftest
jeffwsb1
jegergud
jegerikkedk123
jegersej
jehovah1
jeimusu5
jejejeje
jeka1911
jeka1990
jekajeka
jeki4567
jello123
jelloman
jelly123
jelly292
jellybea
jellybean
jellybean1
jellybeans
jellybel
jellybelly
jellyfis
jellyfish
jellyman
jellyrol
jellyroll
jellytot
jelopeno
jemamuse
jemoeder
jenechka
jenifer1
jeniffer
jenk2168
jenkins1
jenn1fer
jenna123
jennacob
jennahaz
jennahaze
jennajam
jennette
jenni123
jennife1
jennifer
jennifer1
jennifer12
jennifer14
jennifer2
jennifer6
jennifer7
jennifer8
jennifer99
jenniferjennifer
jenniffe
jennings
jennjenn
jennsass
jennwill
jenny101
jenny111
jenny123
jenny200
jennycat
jennyfer
jennygirl
jennyjen
jennylee
jeopardy
jep1annd
jeppesen
jer3s665
jerbear1
jeremi2h
jeremiah
jeremiah1
jeremias
jeremy01
jeremy10
jeremy101
jeremy11
jeremy12
jeremy123
jeremy17
jeremy21
jeremy23
jeremy24
jeremy28
jeremy29
jeremy44
jeremy69
jeremy86
jericho1
jeriryan
jerkface
jerkicide
jerking1
jerkmeof
jerkoff1
jerkoffs
jerkyboy
jermaine
jermayne
jerome12
jerome26
jeronimo
jerry111
jerry123
jerry420
jerrycat
jerrygarcia
jerrylee
jerryman
jerryric
jerusale
jerusalem
jes92367
jesper01
jess1234
jessamic
jesse101
jesse123
jesse404
jessedog
jessejam
jessejames
jessejan
jesseluotonen
jessica0
jessica01
jessica04
jessica1
jessica100
jessica12
jessica2
jessica21
jessica22
jessica3
jessica4
jessica5
jessica55
jessica6
jessica69
jessica7
jessica8
jessica9
jessicaa
jessicab
jessicac
jessicaj
jessical
jessicam
jessicas
jessie01
jessie11
jessie12
jessie20
jessie23
jessie33
jessjess
jessydog
jester00
jester01
jester11
jester12
jester13
jester18
jester21
jester22
jester65
jester69
jester77
jesticus
jesucrist
jesucristo
jesus0077993
jesus101
jesus111
jesus123
jesus1234
jesus1967
jesus200
jesus2010
jesus247
jesus316
jesus4me
jesus666
jesus777
jesus7x7
jesus888
jesusbfa
jesuschr
jesuschris
jesuschrist
jesuscrist
jesuscristo
jesusfre
jesusfreak
jesusgod
jesusis1
jesusislord
jesusjes
jesusjesus
jesusliv
jesuslives
jesuslord
jesuslov
jesuslove
jesusloves
jesuslovesme
jesuslovesu
jesusone
jesusrocks
jesussav
jesussaves
jesussuc
jesusteam
jet22sin
jetbalance
jetblack
jetblast
jeter123
jeter333
jeterbug
jethro77
jetmir12345
jetpilot
jetplane
jets714417ny
jetsetter
jetsjets
jetstrea
jetstream
jettagli
jettaglx
jeunesse
jewel123
jeweller
jezebel1
jf0293fj
jfalcon3
jfrancwa
jg3h4hfn
jg773300
jghbxybr
jghy452gf
jglo4erz
jgnbvbcn
jgnbvbpv
jgpxt7ah3f
jgriffin
jgthfnbdybr
jgthfnjh
jgtxzbhr
jh42cv55
jharna99
jhatch12
jhbaktqv
jhduval2
jhendrix
jheq4786
jherna56
jhjhjhjh
jhjxbvfhe
jhlawson
jhnjgtl12
jhon@ta2011
jhonatan
jhonjhon
jhoselin
jhouston
jhrbhekzn
jhrl0821
ji394su3
jiaxiang
jigei743ks
jiggaboo
jiggaman
jiggawho
jiggyman
jigohece1
jihgfedcba
jijijiji
jikijiki
jillian1
jilljill
jillkell
jillybean
jim12345
jimandanne
jimbeam1
jimbeam8
jimbo123
jimbo2000
jimbo831
jimbob10
jimbob69
jimbob82
jimbojim
jimbon24
jimbrown
jimcg935
jimdandy
jimdavis
jimdog11
jimdoors
jimihend
jimihendrix
jimijimi
jimithep
jimithin
jimjames
jimjones
jimkelly
jimknopf
jimmy007
jimmy100
jimmy123
jimmy2000
jimmy666
jimmybob
jimmyboy
jimmydog
jimmyhat
jimmyjam
jimmyjames
jimmyjim
jimmyjimmy
jimmyjoe
jimmyjoh
jimmyjon
jimmylee
jimmymac
jimmypag
jimmypage
jimmyray
jimmyy63
jimone50
jimthome
jingjing
jinsheng
jinusean
jinxjinx
jinxme56
jiptdb22
jirisuze
jiromito
jitender
jitendra
jitomate
jitterbu
jitterbug
jiujitsu
jivejive
jiwuc2r576
jizzeater
jizzface
jizzhole
jizzjizz
jj123456
jj55kk77
jjameson
jjenkins
jjessicaa
jjjj9999
jjjjjj99
jjjjjjj1
jjjjjjjj
jjjjjjjjj
jjjjjjjjjj
jjjjjjjjjjjj
jjjjjjjjjjjjjj
jjl45613
jjohnson
jk123456
jk159357
jk7775214jk
jk8cr5ep
jkbvgbflf
jkbvgbflf80
jkennedy
jkerouac
jkh4545jhk
jkinglol
jkjkj123
jkjkjkjk
jkjkjkjkjk
jklasdlj2312
jkljkljkl
jkluio789
jkmueyxbr
jkmuf123
jkmuf1974
jkmuf2010
jkmufjkmuf
jktctymrf
jktcz123
jktrcfylh
jktrcfylhjdbx
jktu1972
jktu1988
jktufnjh
jktujdbx
jktujdyf
jktujktu
jkturhen
jktymrf1
jktytyjr
jlbyjrfz
jlbyjxrf
jlbyjxtcndj
jlbyyflwfnm
jledfyxbr
jledfyxbrb
jlettier
jlgorens
jlm27666
jlouis72
jlpicard
jlpmghrs
jlyjrkfccybrb
jmanjman
jmgulley
jmhj5464dcx
jmm10179
jmolony3
jmsdarke
jn399khn
jnaranjo
jncjcbnt
jncnjzkjdj
jncojnco
jndthnrf
jne990pq23
jnhbwfkjdj
jnhflyjt
jnkbxybr
jnplgrrg
jnrhjqcz
jnvjhjpjr
jnvyelfx
jo9k2jw2
joabe_50cent
joanbb69
joanchen
joanjett
joanjoan
joanna66
joanna69
joanne01
joanne12
joanne13
joao1234
joaopaulo
joaopedro
joaovitor
joaquin1
jobsearc
jobsearch
jobseeker
jobshop200
jocalyne
jocelyn1
jocelyne
jocelynl
jockstra
jodi1069
jodi_lee
jodie123
jodienda
jodokast
jodyjody
jodylynn
joe12345
joebanks
joeblack
joeblow1
joeblow123
joeboxer
joecamel
joecool1
joecool2
joecool7
joedaddy
joefrank
joefurry
joeimlea
joejoe11
joejoe12
joejoe22
joejoe23
joejoejo
joejoejoe
joejonas
joelblow
joemama1
joemomma
joeperry
joesakic
joeschmoe
joeshmoe
joesmith
joewalsh
joewhite
joey1234
joey2222
joeybean
joeybear
joeyjoey
joeyjojo
jofarrco
jogabonito
johan123
johanna1
johannes
johannesburg
johansen
johanson
john1007
john1010
john1212
john1234
john12345
john1290
john1948
john1949
john1954
john1960
john1966
john1967
john1968
john1970
john1972
john1978
john1988
john1r981
john2000
john2001
john2007
john2658e
john3166
john5646
john6969
john9999
johnadams
johnatha
johnathan
johnatho
johnathon
johnbell
johnboy1
johnboy2
johncarlo
johncena
johncena1
johndaly
johndavi
johndeer
johndeere
johndoe1
johnelway
johneric
johnette
johnevan
johnfman
johngalt
johnhill
johnholmes
johnjames
johnjoh1
johnjohn
johnlenn
johnlove
johnmark
johnmike
johnmish
johnnie2
johnnies
johnny01
johnny02
johnny05
johnny10
johnny11
johnny12
johnny123
johnny14
johnny20
johnny21
johnny22
johnny23
johnny25
johnny50
johnny51
johnny55
johnny56
johnny57
johnny69
johnny76
johnny99
johnnybe
johnnybo
johnnyboy
johnnybr
johnnydepp
johnnyma
johnnyreb
johnnyro
johnnysaw
johnnywad
johnpass
johnpaul
johnross
johnsaha
johnsmit
johnsmith
johnson0
johnson1
johnson11
johnson2
johnson3
johnson4
johnson6
johnson7
johnson9
johnsone
johnsonn
johnsons
johnstar
johnston
johntayl
johnwayn
johnwayne
johnwest
johnwill
johnwolf
johnwoo6
johnwood
johnyboy
jojo1212
jojo1234
jojobear
jojobobo
jojojojo
jojokci1
jojriajp11
jokejoke
joker007
joker111
joker123
joker1989
joker666
joker777
joker999
jokerjoker
jokerman
jokerswi
jokkmokk
jolicoeur
joliette
jollibee
jollyman
jollymon
jollyrog
jollyroger
joloma99
joltcola
jolyon68
jon12345
jon1rab2
jonas123
jonathan
jonathan1
jonathan12
jonathan123
jonathan14
jonathan2
jonathan7
jonathan9
jonathon
jonbonjovi
jondalar
joners12
jones111
jones123
jones4sex
jonesere
jonessss
joniej324
jonny123
jonnyboy
jonnyjonny
jonojono
jonothan
jonpetter
jonty123
jonyjony
joonjoon
joonyoun
jopa12345
jopajopa
jor23dan
jordache
jordan00
jordan01
jordan03
jordan04
jordan05
jordan10
jordan11
jordan12
jordan123
jordan13
jordan14
jordan15
jordan16
jordan18
jordan19
jordan20
jordan21
jordan22
jordan23
jordan24
jordan25
jordan26
jordan28
jordan29
jordan30
jordan32
jordan33
jordan42
jordan45
jordan50
jordan66
jordan69
jordan72
jordan93
jordan98
jordan99
jordana1
jordanna
jordanxi
jordison
jorge123
jorge1967
jorge198
jorgelui
jorgeteam
jorgeym1
jorginho
jorjelea
jorwen01
jos10ego
jose1234
joseange
joseangel
josecarlos
josedanie
josefina
josefine
josej123
josejose
josejuan
joseline
joselito
joselon69
joselope
joseluis
josemanue
josemanuel
josemari
josemaria
josemigue
joseparol
joseph01
joseph10
joseph11
joseph12
joseph123
joseph13
joseph15
joseph17
joseph18
joseph20
joseph21
joseph22
joseph23
joseph25
joseph26
joseph28
joseph31
joseph45
joseph57
joseph69
joseph77
joseph78
joseph83
joseph99
josephin
josephine
josephphone7
josephus
josh1024
josh1234
josh1426
joshjosh
joshman1
joshrose
joshua00
joshua01
joshua02
joshua03
joshua04
joshua05
joshua07
joshua10
joshua11
joshua12
joshua123
joshua13
joshua15
joshua19
joshua20
joshua21
joshua22
joshua23
joshua24
joshua27
joshua28
joshua29
joshua33
joshua69
joshua80
joshua89
joshua91
joshua99
joshuabe
joshuatr
joshuatree
joshyboy
josie123
josiedog
jossjoss
jotajota
jouimar69
journali
journalist
journey1
journeyman
joxury8f
joyblove
joyceann
joycelyn
joydivision
joyjoyjo
joyride1
joyrider
joystick
jpangelo
jpbtruei
jpf093003
jpm100p4
jpmorgan
jpolives
jpsma488
jqme1uy488
jr123456
jr9axi30
jrbsnafu
jrcfyf123
jrcfyjxrf
jre12371
jrell225
jrem1967
jrk0jhs584
jrlybniv
jrod8869
jroreadme
jrracing
jrrtolkien
jrthomas
jrusko69
jrwalker
js455kts
js7kgyen
jsfleiwa
jshao420788
jsnanoel
jstephen
jswda9h00
jt123456
jtaulman
jtccbill
jtmann66
jtuac3my
jtulinsk
juan1983
juancarlo
juancarlos
juanchito
juancito
juancruz
juandanie
juandavi
juandiego
juanita1
juanitos
juanjose
juanjuan
juanluis
juanmanue
juanmanuel
juanpabl
juanpablo
juanteam
jubblies
jubilate
jubilee1
judaspriest
judedude
judejude
judgement
judgment
judith12
judochop
judojudo
judyjudy
juehtxbr
juergen1
jufufa30
juggalo1
juggalo69
juggalos
juggerna
juggernaut
jugghead
juggling
jughead1
jughjugh
juice123
juicebox
juicebox1
juiceman
juicyfruit
juicymoo
jujitsu1
jujubean
jujujuju
jukebox1
julemand
julemanden
julesman
julia000
julia007
julia123
julia1982
julia2005
julia666
juliaann
juliajulia
julian00
julian01
julian12
julian123
julian92
julian99
juliana1
julianna
julianne
julie007
julie123
julie200
julie321
julie456
julie4me
julieann
julielaure
julienne
juliet12
julietta
juliette
juliette2000
juliexxx
julio123
julio199
juliocesa
juliocesar
juliukas
july10th
july1776
july1901
july1961
july1975
july1979
july1987
july1992
july2002
july2004
july2006
julyjuly
julyphil
jumangame
jumblies
jumbo123
jumbojet
jumbojim
jump4joy
jumper2088
jumphigh
jumpjump
jumpman2
jumpman23
jumpmast
jumpmaster
jumprope
jumpship
jumpshot
jumpstar
jumpstart
jumpsuit
junction
june1234
june1362
june1503
june1671
june1946
june1962
june1966
june1969
june1970
june1974
june1978
june1979
june1987
june1991
june2000
june2005
june21st
june2719
june2902
junebug1
junebug8
junebugg
junebugs
junejuly
junejune
jungfrau
jungle42
junglebo
junglela
jungleman
junglist
junio198
junior00
junior01
junior03
junior06
junior08
junior09
junior10
junior11
junior12
junior123
junior13
junior15
junior17
junior19
junior20
junior21
junior22
junior2311
junior24
junior25
junior53
junior66
junior69
junior77
junior88
junior89
junior99
juniper1
juniper2
junk1234
junkfood
junkjunk
junkmail
junkman2
junkpass
junkyard
junkyard129
junojuno
jupiter0
jupiter1
jupiter2
jupiter3
jupiter4
jupiter5
jupiter6
jupiter7
jupiter8
jupiter9
jupiters
jurassic
jurassic1
jurassic5
jus4thegame
jusme652
just1fix
just4fun
just4now
just4sex
just4you
justbrew
justcause
justcurious
justdoit
justdome
justfine
justforf
justforfun
justform
justforme
justfory
justforyou
justfuck
justice1
justice2
justice3
justice4
justice5
justice7
justice9
justicia
justin00
justin01
justin04
justin09
justin10
justin11
justin12
justin123
justin123951
justin13
justin14
justin15
justin16
justin17
justin18
justin19
justin20
justin21
justin22
justin23
justin24
justin25
justin27
justin28
justin69
justin77
justin81
justin81m
justin87
justin88
justin91
justin98
justin99
justinbiebe
justinbieber
justinca
justincase
justine1
justinia
justinian
justinkislyanka
justino1
justinpa
justjack
justjill
justlook
justlooking
justlove
justmine
justonce
justplay
justsayno
justsmile
justyna1
juttu123
juve4ever
juvenile
juventus
juventus1
juventus10
juvis123
juvis1234
juxtapos
juya79dk
juytneibntkm
jveu9flpa7
jvtkmxtyrj
jvtuepip
jw170872
jwh18007
jwhoopie
jwhw6n1742
jx36th08
jxcoppes
jxfhjdfirf
jxsr000426
jxtymghjcnjq
jybaba68
jybotyrj
jyndbqxm
jzf7qf2e
k.lvbkrf
k0080503
k0a9n8t7
k1234567
k123456789
k1234567890
k1k1k1k1
k1k2k3k4
k1llg0d1
k1r2i3s4
k2dvk1999
k2eehh8c
k2xox0cu
k3155482m
k4hvdq9tj9
k5vz13qu
k63cq63z
k72z1zpwcg
k7539601s
k7777777
k7b31a51
k7wp1fr2
k92gjdftyv
k9dls02a
k9vv0soa
k9vvos0a
ka12rm12
kaalikas
kaapstad
kaasbert
kaaskaas
kaategut
kaban124
kaban4ik
kabanchik
kabanova
kabardinka
kabbalah
kabeljau
kablamm0
kablor69
kabouter
kabriolet
kabuki91
kabulova
kacperek
kacv9854
kadarius
kadrovik
kaf07fee
kagamaru
kagebunshin
kahitano
kahur543
kaijakat
kailakat
kaileena
kaiman44
kaiserslautern
kaisukaru
kaitlyn1
kaitlyn5
kaitlynn
kakachka
kakakaka
kakalukia
kakamaka
kakapipi
kakaroto
kakarott
kakashi1
kakashka
kakawka123
kakdela1
kakkerlak
kakogawa
kaktus12
kaktusas
kaktusik
kalafior
kalahari
kalakala
kalakutas
kalamaja
kalamari
kalamata
kalamazo
kalamazoo
kalambur
kalambyr
kalamees
kalancha
kalandia
kalashnikov
kalayaan
kaldkark
kalebbrady
kalejimas
kalel666
kalendar
kalender
kalendula
kalevala
kali1234
kaliber44
kaliente
kalifornia
kaligula
kalikali
kalimantan
kalimera
kalimero
kalinina
kaliningrad
kalinkamalinka
kaliostro
kaliyuga
kalkdirt
kalkulator
kalle123
kalleank
kalleanka
kallekula
kallista
kallisti
kallisto
kalltute
kalyanizi91
kalypso1
kamakama
kamakazi
kamakiri
kamakura
kamal123
kamalev2
kamanchy
kamasutr
kamasutra
kamasytra
kamaz5320
kambiz69
kamchatka
kamehame
kamehameha
kamekadze
kameleon
kamelia2011
kameron1
kamikadz
kamikadze
kamikami
kamikaza
kamikaze
kamikazi
kamil123
kamilek1
kaminari
kaminski
kamisama
kamloops
kammerer
kamminga
kamonegi
kampf123
kamphuis
kampioen
kamran777
kamrat40
kanada12
kanagawa
kanakana
kanazawa
kandagar
kandahar
kandibober
kandidat
kandinsk
kandy123
kanekane
kaneyboy
kangaroo
kangaroos
kangouro
kanikani
kankudai
kanlap81
kanmax1994
kansas12
kansas22
kansas23
kansasci
kansascity
kant9876
kantutan
kanukanu
kaoh1913
kaoskaos
kapanadze
kapitalina
kapitolina
kapitoshka
kapitowka
kapodopera
kappa123
kappa191
kappaman
kappapsi
kappasig
kappasigma
kapusta1
kaputt00
karabulak
karachi1
karachun
karadavis
karaganda
karakara
karakartal
karalina
karalius
karamazo
karambas
karambol
karambula82
karamelka
karandash
karanfil
karantin
karaoke1
karapetyan
karapuzik
karate11
karate123
karatedo
karateka
karateki
karatel54852
karatist
karbofos
kardelen
kardinal
karebear
kareem33
karekare
kareltje
karen123
karencit
karenhsu
karenina
karenlee
karensue
karfagen
karianne
karikari
karilynn
karimova
karina01
karina07
karina08
karina11
karina12
karina199
karina1994
karina1995
karina1996
karina1998
karina1999
karina2000
karina2004
karina2005
karina2006
karina2008
karina2010
karina69
karina97
karinochka
karishka
karishma
karkusha
karl1234
karl5985
karlchen
karlitos
karlkarl
karlmarx
karlmasc
karlos11
karlos12
karlsson
karlwong
karma123
karma175
karmakar
karmelita
karmianset
karnaval
karneval
karolcia
karolien
karoliina
karolina
karolina1
karoline
karolinka
karpenko
karpinsk
karpov96
karramba
karstadt
karstavi
karsten1
karthika
kartinka
kartofel
kartoffe
kartoshka
karukell
karukera
karupspc
karvinen
karzhanov
kasabian
kasablanka
kasachstan
kasandra
kasanova
kasatkin
kashalot
kashkash
kashmir1
kashmir8
kashtanka
kashyyyk
kasia123
kasiulka
kasiunia
kaskad78
kasparov
kasper007
kasper01
kasper11
kasper12
kasper123
kasperok
kaspersky
kassandr
kassandra
kassargar
kassel01
kastamonu
kastaneda
kasthuri
kasutaja
kasyadog
kasyanova
katabaka1
katahdin
katakana
katalina
katana11
katapult
katapulta
katarakta
katariina
katarina
katarsis
katarzyna
katarzyna1
katastrofa
katatonia
kate1985
kate2000
kate2010
kate2422
katebush
katekate
katelyn1
katelynn
katemoss
katenora
kateowens
katerina
katerina1
katerina1990
katerinka
katharin
katharina
katherin
katherine
katherine1
katheryn
kathleen
kathleen1
kathmand
kathmandu
kathreen
kathrine
kathryn1
kathryn2
kathryne
kathy123
kathyann
katia2010
katie123
katie1999
katie200
katieann
katiebug
katiecat
katiedid
katiedog
katiegir
katiegirl
katiehol
katiekat
katielee
katiep35
katiesmd
katiuska
katja123
katjonok
katlover
katmandu
katokato
katriina
katrina1
katrina2
katrinka
katushka
katwoman
katya111
katya123
katya1986
katya1987
katya1989
katya1992
katya1994
katya1995
katya1996
katya1998
katya1999
katya2010
katya2011
katyakatya
katykaty
katyperry
katyusha
katyushka
katzenma
kaufmann
kav021262
kavabunga
kavanagh
kavango1
kawabung
kawaguch
kawakawa
kawasaki
kawasaki1
kawazaki
kawazx6r
kawazx9r
kayaker1
kayaking
kaydaisy
kaydence
kayjay13
kaykohoa
kayla123
kayleigh
kazachka
kazahstan
kazak123
kazakevich
kazakhstan
kazakova
kazan2011
kazancev192
kazanova
kazantip
kazantip2009
kazaxstan
kazekage
kazelsobaka
kazuhiro
kazukazu
kazunori
kazuo123
kb0404pb
kb123456
kbattle1
kbcffkbcf
kbcnjgfl
kbctyjxtr
kbdthgekm
kbeltrey
kbf55rpm
kbkavgfcabwda
kbndbyjd
kbndbytyrj
kbnthfnehf
kbpeymrf
kbpeyxbr
kbpfdtnf
kbpfkbpf
kbpjymrf
kbumat6162
kbvjyxbr
kbwtypbz
kbxyjcnm
kbybznjrf
kbyrbygfhr
kbyrjkmy
kbytqrf123
kbytqrf2
kbytqrfpkj
kbytqrfufdyj
kcapower
kcchiefs
kciddlab
kcirevam
kcitshct
kcj9wx5n
kcmfwesg
kcroyals
kd189nlcih
kdcp5600
kdog2000
kdxensen
ke12fe13
kea85axe8w
kearagay
kebabpizza
keco0gu558
keds7260
keepemall
keeper10
keeper12
keepitreal
keepitup
keepout1
keepsake
keeshond
kefketran
keflavik
keglerdt
kehaulan
keiri95s
keith111
keith123
keithkei
keithmoo
kekakeksa
kekekeke
kekkonen
keksik22
kekskek1
kekskeks
kelantan
kellbell
kelley01
kellie11
kelloggs
kelly001
kelly123
kellyann
kellyboo
kellybrook
kellydog
kellykel
kellykelly
kellylyn
kellymoo
kellysue
kelsey10
kelsey12
kelsey14
kelvin33
kemerovo
kemistry
kemosabe
kempecle
kemphova
kempster
kenaidog
kendall1
kendall2
kendo001
kendra123
kendrick
kenickie
kenilwor
kennamer
kennedy1
kennedy12
kennedy2
kennedy5
kennedys
kennesaw
kenneth1
kenneth12
kenneth2
kenneth3
kenneth5
kenneth6
kenneth8
kennwort
kenny111
kenny123
kennybloke
kennybob
kennyboy
kennylee
kennyray
kennywoo
kenokeno
kenshin1
kenshiro
kensingt
kensington
kentkent
kentrell
kentucky
kentwood
kenwood1
kenwood2
kenwoods
kenworth
kenyatta
kenyetta
kenzfrie
kenzie123
keple200
kerakera
keramika
keraskeras
kerberos
kerimova
kermit01
kermit22
kermit57
kermzyjd
kermzyjdf
kernahan
kernel32
kerokero
kerouac1
kerplunk
kerr6962
kerrigan
kerryman
kerstin1
keshapasha
kestrel1
ketamine
ketchup1
ketchup2
ketelone
ketmanee1
kettering
kettwig01
kevin007
kevin101
kevin111
kevin123
kevin200
kevin486
kevinkevin
kevinnas
kevinnash
kevinw30
kevster1
keyblade
keyboard
keyboard1
keyboards
keychain
keyfrhfcjnrf
keylargo
keymaste
keymaster
keysersoze
keyshawn
keyshawn1
keyskeys
keystone
keywest0
keywest1
keywest7
kfcnjxrf
kfdhtynmtdf
kfhbcjxrf
kfhbjyjdf
kfhrby1995
kfnju842
kfnsgjdf
kfpfhtdf
kfrhbvjpf
kfurtado
kfvgjxrf
kggalogf
kgvebmqy
khabarovsk
khachatryan
khadijah
khafji91
khai4599
khalikov
khammett
khankhan
khartoum
khayeman
khazraee
kheled31
khelenova1
khitomer
khong-me
khongbiet
khongnho
khonkaen
khueh-ho
khuljasimsim
khurshee
khushboo
khuwahish47
kianatom
kibernetika
kiboid64
kich1221
kickapoo
kickass1
kickback
kickball
kickboxe
kickboxer
kickboxing
kickbutt
kicker66
kicker91
kicker96
kickflip
kickflip1
kicksass
kicksave
kickstan
kidclint
kiddkidd
kidflash
kidrock1
kidskids
kidsrule
kiekeboe
kielbasa
kienan22071998
kieran12
kiernann
kiersten
kigumloh
kijken02
kikabidze
kikaider
kikakika
kiki1234
kikikiki
kikilala
kikimora
kikiriki
kikkeligf
kikkoman
kiknadze
kiko1976
kikokiko
kikoolol
kilabe15
kilakila
kilbosik
kildare1
kiler123
kilgoret
kilima01
kilimanj
kilimanjaro
kilkee23
kilkenny
kill4fun
kill4you
kill82465
killabee
killabees
killacam
killarmy
killasin
killbill
killbill1
killdeer
killedyou
killemal
killemall
killer00
killer007
killer01
killer07
killer08
killer09
killer10
killer11
killer12
killer123
killer1234
killer12345
killer13
killer14
killer15
killer17
killer18
killer1989
killer1996
killer20
killer200
killer2000
killer21
killer22
killer23
killer28
killer29
killer32
killer32145
killer33
killer44
killer444
killer45
killer456
killer55
killer56
killer59
killer66
killer666
killer69
killer74
killer77
killer78
killer88
killer89
killer93
killer98
killer99
killeraa
killerb1
killerbe
killerbee
killerboy
killerdo
killerik45
killerke
killerki
killerkiller
killerlo
killerloop
killerman
killerok
killeron
killerpilze
killers1
killers2
killfish
killian1
killians
killieman
killingspree
killingt
killkenny
killkill
killkill1
killkillkill
killme00
killmeno
killmenow
killmeplz
killordie
killpass
killroy1
kills1236
killshot
killswit
killswitch
killteam
killthemall
killumin
killwhit
killy123
killyour
killzone
killzone2
kilogram
kilokilo
kilometr
kilowatt
kilpikonna
kilroy69
kilweg4b
kim1mike
kimagure
kimber45
kimber69
kimberle
kimberlee
kimberley
kimberli
kimberly
kimberly1
kimbers1
kimchee1
kimchi26
kimcuong
kimianna
kimikimi
kimjjang
kimkimkim
kimmarie
kimmy123
kimokimo
kimosabe
kimrikki
kindbuds
kinder123
kinder21
kinder32f1
kinderen
kindness
kindofbl
king1207
king1212
king1234
king1978
king2000
king2009
king2010
king5464
king7777
kingalef
kingandi
kingarthur
kingbird
kingblack
kingcarl
kingcity
kingcobr
kingcobra
kingcock
kingcrab
kingdave
kingdick
kingding
kingdom1
kingdom123
kingdom2
kingdom9
kingdomhearts
kingdoms
kingdong
kingfish
kingfisher
kinghigh
kingjame
kingjames
kingjohn
kingkhan
kingking
kingkong
kingkong1
kinglear
kinglion
kinglove
kingman1
kingofkings
kingofpa
kingpimp
kingpin0
kingpin1
kingpin2
kingpins
kingrich
kingring
kingrobo
kings0021
kings123
kingsbur
kingsfan
kingshil
kingshit
kingsize
kingskid
kingsland
kingsland1
kingsley
kingsmen
kingsnak
kingsofmetal
kingster
kingston
kingsway
kingswood
kingtige
kingtiger
kingtroy
kingtutt
kingwood
kinkster
kinky123
kinkyboy
kinkyman
kinkysex
kinokino
kinsella
kinser11
kinshasa
kiplinge
kira1976
kira1988
kirakira
kirandart
kirby123
kirby34p
kirbydog
kirchner
kiribati
kirichenko
kirieshka
kirikiri
kirilenko
kirilica22
kirill04101996
kirill07
kirill11
kirill12
kirill123
kirill12345
kirill13
kirill1989
kirill1991
kirill1992
kirill1995
kirill1996
kirill1997
kirill1998
kirill1999
kirill2000
kirill2002
kirill2003
kirill2006
kirill2007
kirill2008
kirill2009
kirill2010
kirill2011
kirill21
kirill22
kirill24
kirill777
kirill89
kirill92
kirill95
kirill96
kirill98
kirillka
kirillov
kirillova
kirilroman
kirk1701
kirkkirk
kirkland
kirkorov
kirkpatrick
kirkwall
kirkwood
kirochka
kiroul02
kirsanov
kirsanova
kirsikka
kirsten1
kirsten8
kirstina
kisa1988
kisa1995
kisa2010
kisakisa
kisaragi
kiseleva
kishinev
kiskakiska
kiskiskis
kislorod
kislovodsk
kismyass
kiss1977
kiss1999
kiss2000
kissa777
kissarmy
kissbutt
kissed01
kissinger
kisskiss
kissme22
kissme69
kissmebaby
kissmine
kissmoko
kissmyas
kissmyass
kissrock
kissrocks
kissshot
kissthis
kisstory
kisswave
kissy818
kisumisu
kitakita
kitchen1
kitchens
kitekite
kitesurf
kitivs12
kitkat12
kitkat20
kitt2000
kitten01
kitten11
kitten12
kitten89
kitty123
kitty200
kitty4me
kitty666
kittycat
kittycat1
kittygef
kittyhaw
kittyhawk
kittykat
kittykit
kittykitty
kittylove
kiwi1234
kiwikiwi
kiwiland
kj44kj44
kjdfkjdf
kjell1130
kjg10707
kjgfnbyf
kjgfnrf05
kjh544kj5
kjhgfdsa
kjk12345
kjkjkjkj
kjkrf221
kjkszpj1
kjkszpj123
kjljxybr
kjohnson
kjrjvjnbd
kjubyjdf
kjudbytyrj
kjvbh125
kjvjyjcjd
kjvjyjcjdf
kk1234567
kkhmlkyin6
kki177hk
kkkkkk99
kkkkkkk1
kkkkkkkk
kkkkkkkkk
kkkkkkkkkk
kkkkllll
kkonradi
kkqxbdir
kl00tzak
kl?benhavn
klaassen
klaipeda
klapauci
klapauciu
klapaucius
klarinet
klassika
klassisk
klaudia1
klaudia12
klaus123
klavdiya
klaviatura
klawiatura
klbik87987974
klecko73
kleenex1
kleevage
kleine18
kleintje
klematis
klementina
kleopatr
kleopatra
klgjfdsg
klgmv758
klimch44
klimenko
klingon1
klingons
klingsor
klink123
klinskih
klinsman
klipper12
klitklit
klitoris
kljaslkdfg
klklklkl
klkp1234
klmnopop123
klobrill
klockner
kloister
klondike
klondyke
klootzak
klooy5vi
klop1999666
klopius81
klopklop
kloppolk
klorimor
klosters
klsdfj46546
klubbheads
klubni4ka
klubnichka
klubnika
kluivert
klybnika
km123456
km83wa00
kman1171
kmccuske
kmfdm123
kmfdm666
kmfdmnin
kmgoblue
kmh12025476
kmjnhbgv
kmk01557
kmnopr10s
kmnzgy4x
kmsx0701
kmzwa8awa
knavetm3
kneecaps
kneedeep
kneehigh
kneeland
knekke55
knewbbzv
knickerless
knickers
knicks20
knicks21
knicks33
knicks77
knight00
knight01
knight11
knight12
knight13
knight20
knight24
knight50
knight75
knight79
knight99
knightfa
knighthawk
knightmare
knightri
knightrider
knights1
knightss
kniter08
knitting
kniver14
knkbnpea
knobhead
knockers
knocking
knockkno
knockknock
knockout
knollwoo
knopfler
knopka123
knopo4ka
knopochka
knothead
knowbody
knowknow
knowledg
knowledge
knowthyself
knowyour
knoxvill
knoxville
kntvtak7
knuckle1
knucklehead
knuckles
knuffell
koalabea
kobayash
kobbegem
kobe6666
kobe66661
kobebrya
kobebryant
kobegirl
kobekobe
kobra666
kochamci
kochamcie
kochanie
kochanie1
kodabear
kodabear01
kodaira52
kodak5200
kodep526
kodiak12
kodiak22
kodibear
koekkoek
koenigsegg
koetsu13
kogytmagnym007
kohala98
kohoutek
kohsamui
koichiro
koinonia
kojikoji
kokakoka
kokakola
kokakola123
kokikoki
koking99
koko1234
koko_okok
kokoko123
kokokoko
kokolala
kokoloko
kokololo
kokomiko
kokopc34
kokopeli
kokopell
kokopelli
kokoreva
kokotina
koktebel
kokupass
kolakola
kolan199
kolawole
kolbaska
kolechka090619
kolesnik
kolesnikov
kolesnikova
kolesova
kolia123
kolian45892
kolibri1
kolinahr
koliya17
kolkolkol
kolo__1kolo__1
kolobo4ek
kolobok123
kolodichi
kolokol1
kolokol23
kolokol91
kolokolchik
kolokolo
kolomiec
kolorado
kolosova
kolovrat
kolpak1985
kolpak1992
kolpakov
kolpakova
kolumbus
kolya123
kolya1234
kolya1992
kolya1995
kolyakolya
kolyan99
komandor
komarova
kombat813
kombucha
komissarov
komltptfcor
kommentare
kommunizm
komori28
kompjuteri
komplekt
kompress
komputer
komputer1
komsomol
konabear
konakona
konakovo
konbanwa
kondom25
kondrat95
kondratenko
konfetka
konflikt
kong1234
kongdong
kongking
koniak9616
konijn123
konmar12
konnichi
konnichiwa
kononenko
konoplya
konovalov
konovalova
konstanta
konstantin
konstantin1
konstantinos
konstanz
konstruktor
kontakt1
kontinent
kontol12
kontrabas
kookabur
kookaburra
koolaid1
koolbeans
kooldude
koolhaas
koolkarl
koolkool
koollook
koolness
kopa1994
kopernik
korakora
korchagin
kordell1
korhonen
korleone
korn1234
korn6969
korneeva
kornelia
kornhead
kornienko
kornilov
kornkorn
kornlimp
kornogr1
kornography
kornrulz
korokoro
korolenko
koroleva
korolevna
korolina
korolishut
korona234
korotkov
korotkova
korovnikov
korsakov
korsakova85
korseow5
korshunov
korvette
kosanostra
koschechka
koshechka
koshelek
kosmetolog
kosmonavt
kosmonavt96
kosoroba123
kosskoss
kostarika
kostenko
kosto4ka
kostolom
kostroma
kostya123
kostya1992
kostya1996
kostya2004
koszalin
kot12345
koteczek
koteczek1
kotejebe
kotek123
koteno4ek
kotenochek
kotenok1
kotopups90
kotsonis
kottayam
kotyonok
koufax32
koumis71
kourniko
kournikova
kourtney
koushbol
kovalchuk
kovalenko
kovaleva
kovalhell
kowalski
kozakoza
kozanostra
kozar132
kozel123
kozlov13
kozyavka
kp9v1ro7lh
kpoxa123
kppk2009
kpydskcw
kqq4hthwnv
kr9z40sy
krackers
kraftwer
kraftwerk
krahuaxn
krakatoa
kramer01
kramer10
kramer11
kramer69
kramer94
kramerica
kramkram
kranky12
krasav4ik
krasavcheg
krasavchik
krasavica
krasavin
krasavitsa
krasaviza
krasikov
krasimir
krasivaya
krasnaya
krasnodar
krasnova
krasnoyarsk
krasotka
krassava
krasznai
krav5019
kravchenko
kravtsov
krayzie1
krazykat
kreidler
kreker123
kreoline
krevedko
krevetka
kriginegor
kris1234
krisabby
krishna1
krishna108
krishna7
krishnaa
krishnan
krishnar
kriskris
kriskros1
kristall
kristaps
kristen1
kristen3
kristen7
kristen8
kristen9
kristena
kristend
kristens
kristi10
kristian
kristie1
kristiel
kristiina
kristijan
kristin1
kristin2
kristin7
kristina
kristina1
kristina123
kristina1993
kristina1995
kristina1997
kristina1998
kristina2010
kristine
kristinka
kristinochka
kristjan
kristofe
kristofer
kristoff
kristoffer
kristoph
kristopher
kristy01
kritters
kriztian
kroklfjp
krokodil
krokodyl
krolik2011
krolleke
kronberg
kroq1067
krpzvsnk
kruglova
krussell
krutkrut
krypton1
kryptoni
kryptonite
krystal1
krystian
krystina
krystyna
krystyna1
krzysiek
krzysiek1
krzysiek12
ks123456
kscaptur
kscsqgblfh
ksdpmqzpm
ksenia15
ksfilter
ksk8nhat
ksusha1996
kt7aghs5
ktb39715
ktbabine
ktdbwrfz
ktdxtyrj
ktfpws01
ktgtcnjr
kthf210599
kthfkthf
kthfrjpkjdf
kthvjynjd
ktitymrf
ktjgjkml
ktjyfhlj
ktjynmtdf
ktjynsq40147
ktlbufuf
ktnj2010
ktnjjctym228
ktqntyfyn
ktubjyth
ktutjyth333
ktutylfhysq
ktybyuhfl
ktyecmrf
ktyf1975
ktyf1981
ktyfcfif
ktyfktyf
ktyjxrf123
ktyjxrf5
ktynjxrf
ktyrfgtyrf
kuangmk4
kubrick1
kudesnik
kudinova
kudos4ever
kudryashka
kufstein
kuhmilch
kuingman
kukaracha
kukareku
kukariam
kukimuki
kukkanen
kukla123
kuklavod
kuku1997
kukukuku
kukumber
kukuruku
kukurukuku5
kukuruza
kukushka
kulak156
kulakova
kuleshov
kuleuven
kulibyaka10
kulikova
kullervo
kulwicki
kumachan
kumakuma
kumamoto
kumar123
kumar1234
kumarkumar
kumatos12
kumokumo
kunbyed1
kungfu77
kuni42kuni42
kunibert
kunichka12
kunigund
kuningas
kur53deg
kurbanov
kurbatova
kurdistan
kurochka
kuropatka
kurosaki
kurosawa
kuroshitsuji
kurt1987
kurtadam
kurtangl
kurtcobai
kurtcobain
kurtkurt
kurwamac
kurwenal
kurzweil
kusanagi
kutztown
kuvshinka
kuyetsim77
kuzmenko
kuznecov
kuznecova
kuznetsov
kuznetsova
kvaracxelia
kvartira
kvazimodo
kvitochka
kw2586932
kwa4uq2o
kwaj7376
kwartet9
kwiatuszek
kwiatuszek1
kwiettie
kwigibos
kwk21553
kx4d6dqn
kyankyan
kyk1rbk1hbw0uqkckwbh
kykareky
kylacole
kyle2000
kylekyle
kyleregn
kyllinger
kyokushi
kyokushin
kyriakos
kyrt5000
kyuss666
kzcmrbvfczcmrb
kzkzkzkz
kzryzptdf573
kzsfj874
kzueijyjr
l.qvjdjxrf
l00pback
l0cal1ty
l0dlfy00
l0l0l0l0
l0lipop95
l0ll1p0p
l0lmantub
l0oooo00
l0sk2e8s7a
l0swf9gx
l0vel0ve
l1234567
l123456789
l190988xc
l1b2v3f4
l1berty0
l1e2n3a4
l1l2l3l4
l1nk1npark
l1nkovn1
l1o2v3e4
l1verp00
l1verp00l
l1verpool
l2cy1999
l2fmorw3
l30vta63
l33dsutd
l33tsupah4x0r
l36905269
l3a72hf9
l3wa84kdab
l58jkdjp!
l84class
l8cjy83u3b
l8g3bkde
l9024485
l?lstykke
la123456789
la21236393
la2world
laatikko
labadiena
labasrytas
labirint
laboheme
labonte1
laborato
laboratory
labowski
labrador
labrador1
labrecqu
labtec1248
labyrint
labyrinth
lacanian
lacedmeone86
lachance
lachelle
lachesis
laconcha
laconner1
lacoste1
lacrimos
lacrimosa
lacross1
lacrosse
lacrosse1
lacrosse3
lacrosse7
lacumbre
lacunacoil
lada2107
lada2108
lada2109
lada2110
lada2112
ladaia2309
ladalada
ladaniva
ladbroke
laddal20
ladder10
ladder49
lade4151
ladeda12
ladidadi
ladiesma
ladiesman
ladiesxx
ladodger
ladodgers
ladoputi
ladushka
lady1234
ladybear
ladybird
ladyblue
ladyboys
ladybug1
ladybug2
ladybug7
ladybug9
ladybug99
ladybugs
ladydeath
ladydog1
ladyffesta
ladyfirs
ladygaga
ladygaga1
ladygirl
ladyhawk
ladyisis
ladyjane
ladykill
ladylady
ladylike
ladylove
ladyluck
ladypimp
ladysman
ladysmith
ladysoni
laetitia
lafamilia
lafayett
lafayette
lafferty
lafix060
laflin71
lafrance
lafrloutch
lagalaxy
lagavuli
lagavulin
lager123
lagnaf69
lagrange
lagrimas
lagwagon
lahabana
lahore14
laidback
laimbeer
lainth88
lajcsika
lajd5253
lakeerie
lakefork
lakehouse
lakeisha
lakelake
lakeland
lakemead
lakeport
lakerboy
lakerfan
lakers01
lakers02
lakers06
lakers08
lakers09
lakers10
lakers11
lakers12
lakers123
lakers13
lakers15
lakers19
lakers20
lakers21
lakers24
lakers32
lakers34
lakers42
lakers44
lakers88
lakeshor
lakeshore
lakeshow
lakeside
lakesong
laketaho
laketahoe
lakeview
lakeview1
lakewood
lakings1
lakshman
lala1234
lala8888
lalaguna
lalakers
lalala12
lalala123
lalala69
lalalala
lalalalala
lalalalalala
lalaland
lalolalo
lamacod1
lamalama
lamancha
lamanna1
lambchop
lambchops
lambda66
lambdach
lambert1
lambert5
lamberto
lambofgod
lamborgh
lamborghini
lamborgini
lambrett
lambretta
lamelame
lamer123
lamierda
laminate
lamont11
lamouche
lamp0011
lampard1
lampard8
lampeter
lampligh
lampo4ka
lampochka
lamppost
lampshad
lampshade
lanalana
lanalang
lancaste
lancaster
lance123
lancel11
lancelot
lanceman
lancer10
lancer78
lanchile
lanciano
landcrui
landcruiser
landfill
landland
landless
landlord
landmark
landmine
landon05
landon25
landover
landrove
landrover
landscap
landscape
landsend
landshar
landslid
lanelane
lanfeust
langalph
langbein
langdale
langford
langlang
langley1
langs325
langston
langtree
language
languish
lankford
lanma256
lanmannt
lanmeng73
lanochka
lanos2007
lanosrep
lansdale
lansdown
lansdowne
lanselot
lansing0
lansing1
lantern1
lantern4
lantern5
lantern6
lantern7
lantern8
lantern9
lanterns
lanzarot
lanzarote
lapalapa
lapaloma
lapdance
laphroig
lapierre
lapo1995
lapochka
lapointe
lapuce98
lapulapu
lapushka
laputaxx
lara1011
laracrof
laracroft
laralara
lardarse
largeman
largeone
larionov
larionova
larisa123
larisa21
larisa25
larissa1
larkhill
larkin11
larkspur
larochka
larouche
larousse
larry123
larry200
larryb33
larrybaby
larrybir
larrybird33
larryboy
larryd62
larryxxx
larslars
larsson7
larterlarter
lasalle1
lasbrisas
laseczka
laser123
laserdis
lasereps0
laserjet
laserlin
laserline
laserman
lasershot
lashonda
lasombra
laspalma
lassiter
last4cha
lastborn
lastcall
lastchan
lastchance
lastdance
lastexit
lastkiss
lastname
lasto4ka
lastochka
lastresort
laststop
lasttime
lastword
lasvega1
lasvegas
lasvegas1
latalata
latching
latemodel
latenigh
latenight
latenite
lateralu
lateralus
laterhat
lateshow
latex123
latinboy
latinlov
latinlover
latitude
lattakia
lattleon
laughing
laughter
launcest
launcher
launders
laura1105
laura111
laura1122
laura121
laura123
lauraann
lauralee
lauralex
lauramae
laureano
lauren01
lauren02
lauren10
lauren11
lauren12
lauren13
lauren17
lauren18
lauren21
lauren22
lauren23
lauren69
lauren93
lauren99
laurence
laurent1
laurentiu
lauretta
laurette
lauriane
laurie01
laurinda
laurynas
lausanne
lauzerte
lavache2
lavalamp
lavalava
lavallee
lavander
lavaness
lavendar
lavender
lavidaesbell
lavieestbelle
lawanda1
lawdog01
lawinatv
lawless1
lawncare
lawndale
lawnmowe
lawnmower
lawntrax
laworder
lawrenc1
lawrence
lawrence1
lawschoo
lawschool
lax4life
laxtreme
layla123
lazareva
lazarus1
lazer123
lazio523
laziv1994
lazlo123
lazyacres
lazybone
lazyboy1
lbaaepbz
lbaathtywbfk
lbbv1213
lbcrjntrf
lbdthcfyn
lbfuyjcnbrf
lbfyf123
lbfyf2009
lbfyjxrf
lbhtrnjh
lbnjgtmp
lbpfqyth
lbrfghbj
lbvblhjk
lbvbnhbq
lbvekmrf
lbvf1979
lbvf1981
lbvf1987
lbvf1990
lbvf1991
lbvf1993
lbvf1994
lbvf1996
lbvf1997
lbvf2000
lbvf2002
lbvf2lbvf
lbvflbvf
lbvflfeyy
lbvfrek19
lbvfvzcybrjd
lbvjy123
lbvjy1996
lbvjy8067
lbvjysxm
lbvjyxbr
lbvrfhekbn
lbyfcnbz
lbyfvbrf
lbyfvjrbtd
lbyjpfdh
lbyjpfdhbr
lcasta20
lcgrifon
lchockey
lcladvdf
lcladvmm
lclkwrds
lclother
lcm6a3c0
lcrastes
ldtyfirf
leadership
leadfoot
leah0187
leahleah
leakfree
leander1
leandro12
leandro77
leap2air
leapfrog
leapyear
leardini
learmon1
learndis
learning
leather1
leather9
leatherface
leatherman
leathern
leatherneck
leathers
leatrice
leavemealon
leavemealone
leavemealone1
leavemebe
lebanon1
lebedeva
lebesgue
lebowski
lebron23
lebronjames
leckmich
lederhos
ledigaga
ledzep01
ledzeppe
ledzeppelin
ledzepplin
leeaaron
leechman
leedsuni
leedsunited
leedsutd
leefl850
leejones
leelanau
leet1337
lefebvre
left4dead
left4dead2
lefteris
leftfiel
leftfield
leftfoot
lefthand
lefthook
leftover
leftwing
lefty123
legacy00
legalcoc
legalize
legalpad
legcydrv
legend12
legend123
legend22
legend33
legendar
legendary
legendra
legends1
leggings
legion10
legioner
legitimate
leglover
legoland
legolas1
legolas123
legolego
legshow1
legslegs
leha1988
lehbkrf77
lehf2010
leialeia
leiceste
leicester
leigh123
leighann
leighste
leighton
leigraesp
leilani1
leinster
lekbyxxx
lekker22
lekkerdin
lekkerding
lekmcbytz
leks3293
leland99
lelechka
lelletta
lem1fond
lemans24
lemaster
lemieux1
lemieux6
lemieux66
lemkem123
lemmings
lemndrop
lemon123
lemon200
lemonade
lemonaid
lemondro
lemondrop
lemonhea
lemonhead
lemonjel
lemonlim
lemonlime
lemonman
lemonpie
lemonsun
lemontre
lemontree
lemuel913110
lemurboy
len2ski1
lena1234
lena12345
lena1552
lena1968
lena1970
lena1971
lena1972
lena1973
lena1974
lena1975
lena1977
lena1978
lena1979
lena1980
lena1981
lena1982
lena1983
lena1984
lena1985
lena1987
lena1988
lena1989
lena1990
lena1991
lena1993
lena1994
lena1996
lena1999
lena2006
lena2009
lena2010
lena2011
lena2203
lenalena
lenalove
lenamari
lenbowsk
lenechka
lenin1917
leningra
leningrad
leningrad1
lenkapenka
lenlunit
lennard2
lennon123
lennon80
lenny123
lenochka
leo12345
leo123456
leo3703989
leoemo12
leoleomon
leomessi
leon1234
leon9097579
leonard1
leonard2
leonardi
leonardo
leonardo1
leonardo2
leonards
leonhard
leonhart
leonidas
leonidjet
leonidovna
leonjass
leonkiller
leonleon
leonsito
leontiev
leontine
leopard1
leopard2
leopardo
leopards
leopold1
leopoldo
leothelion
leoville
leparkour
lepatriinu
leprechaun
leprekon
leprikon
lera1234
lera12345
lera123456
lera1993
lera1994
lera1995
lera1996
lera1997
lera1998
lera1999
lera2000
lera2001
lera2002
lera2003
lera2005
lera2006
lera2007
lera2008
lera2010
leralera
leraleralera
lermontov
lerochka
leroy123
lersug59
lesbian1
lesbiana
lesbianas
lesbians
lesenok88
leshacool
leshirap
leslie01
leslie10
leslie12
leslieh11
lespaul1
lessboys
lessthan
lessthanjake
lestat22
lestat71
lester12
letadlo741852963
letartee
letdown1
lethargy
leticia1
letitia1
letitia4
letitrid
letitrid9
letitsnow
letlaser
letmein!
letmein0
letmein01
letmein1
letmein10
letmein11
letmein12
letmein123
letmein2
letmein2000
letmein22
letmein26
letmein3
letmein4
letmein5
letmein6
letmein69
letmein7
letmein8
letmein9
letmein99
letmeinn
letmeinnow
letmeino
letmeinp
letmeout
letmepass
letmesee
leto2008
leto2009
leto2010
leto2011
leto2012
letoleto
letsdo69
letsdoit
letsfuck
letsgome
letsgomets
letslook
letspart
letsplay
letsplay2
letsride
letsrock
letsroll
letter26
letterma
letterman
letusgo7
leva1991
levchenko
leveling0
leveller
levelone
leverage
leverett
leverkusen
levesque
leviafan
leviatan
leviatha
leviathan
leviatho
levis501
levitate
leviticus
levoyeur
lewie622
lewinski
lewinsky
lewis000
lewis123
lewisdal
lewisham
lewiston
lewka111
lexa1988
lexa1992
lexa1994
lexa1995
lexa1996
lexa2010
lexalexa
lexigirl
lexilexi
lexingky
lexingto
lexington
lexluger
lexmark1
lexus123
lexus200
lexus300
lexus400
lexus777
lexusgs300
lexusgs4
lexusis3
lexx1029384756
lexxityler
lezlover
lfc1892m
lfdsljcnfkb
lfdsljdf
lfhbyfjcnhjd
lfhm.irf
lfiekmrf
lfieymrf
lfif123456
lfif1996
lfif2006
lfif2008
lfiflehf
lfiflfif
lfiflfiflfif
lfitymrf
lfplhfgthvf
lfqgfnbvfrc
lfuthobr
lfvfcrec
lfybbk123
lfybk12345
lfybk2000
lfybkjdf
lfybktyrj
lfyz2001
lfyz2002
lg2wmgvr
lgflatron
lggw8h7n
lhasaapsos
lhbjkjubz2957704
lhfrjirf
lhfrjy13
lhfrjybr
lhjdjctr
lhjpljdf
lhllelkl
lhtlyjen
li690927
lia9vasy
liaandsonya11
liabilit
liambrad
liamliam
liamnoel
liana4585
liarliar
liathach
libelula
liberace
liberate
liberati
liberation
liberato
liberator
liberdade
libertad
libertas
libertin
libertines
liberty0
liberty1
liberty2
liberty48
liberty5
liberty6
liberty7
liberty9
libertys
liblikas
libra123
libraria
library1
library2
libretto
lic11377
lichking
lickable
lickalot
lickdeez
lickdick
licker00
licker69
lickfeet
lickitup
licklick
lickme69
lickmyba
lickmyballs
lickpuss
lickpussy
lickthis
licktoes
licmgr10
licorice
lida1951
lida2010
lidalida
liderlig
lidstrom
liebchen
liebherr
liebling
liesbeth
lieschen
lietuvis
lieutenant
life1234
lifeboat
lifebook
lifecare
lifecast
lifecrazy
lifedeath
lifeforc
lifeforce
lifeform
lifegoeson
lifegood
lifeguar
lifeguard
lifehack
lifeisgo
lifeisgood
lifeislife
lifeispain
lifeless
lifelife
lifeline
lifelong
lifesave
lifesaver
lifeshort
lifestyl
lifestyle
lifesuck
lifesucks
lifetime
ligalize
ligars123
light007
light100
light111
light123
light777
lightblue
lightbul
lightbulb
lighter1
lighters
lightfoo
lightfoot
lighthou
lighthous
lighthouse
lighthouse1
lighting
lightinthebox
lightlig
lightman
lightnin
lightning
lightning1
lightpol
lightsab
lightsaber
lightsout
lightspe
lightspeed
lightwav
lightwei
lightyea
lightyear
likalika
likantrop
likebeer
likelike
likembig
likemike
likesdick
likespie
likethat
likethis
likewhoa
likewise
likoliko
likvidator
lila2000
lilalila
lilangel
lilbitch
lilcrowe
lildaddy
lildevil
lileddie
lilia1996
lilia2001
lilian25
lilianna
lilibeth
lilichka
lililili
liljimmy
lilkezza
lilleman
lillian1
lilliput
lillol123
lilly123
lillypad
lillywhi
lilmomma
lilmule1
lilnigga
lilromeo
lilulilu
lilwayne
lilwayne1
lily3hob
lilyanna
lilyfire
lilygirl
lilylily
lilymylil
lilyrose
limabean
limalima
limaperu
limassol
limbaugh
limbhitman
lime3978
limegold69
limeligh
limelight
limelime
limelite
limerick
limeston
limestone
limewire
limewood
limingen
limitles
limon32988
limonade
limonchik
limoride
limou787
limousin
limousine
limpbizk
limpbizkit
limpdick
limpkorn
limppimp
lina1234
lina2001
linaguer
linalina
lincdogh
lincoln0
lincoln1
lincoln2
lincoln3
lincoln7
lincoln8
lincoln9
lincolnc
lincolns
linda123
lindalee
lindalin
lindalinda
lindalou
lindaoas
lindasue
lindavan
lindberg
lindeman
lindemann
lindgren
lindros8
lindsay0
lindsay1
lindsay2
lindsay8
lindsey1
lindsey19
lindsey3
lindyhop
lindylou
lineage123
lineage2
lineage23
lineage3
lineage312
lineage95
lineback
linebacker
linedanc
linehan7
lineker1
lineline
lineman1
liner888
linez123
linfield
lingerie
lingling
linguini
linguist
lingvist
linhtinh
linixx_2
linkbelt
linkinpa
linkinpark
linklink
links234
linlersea
linnestan
linochka
linoleum
linolium
linux123
linux4me
linuxx40
linxlinx
liolikas
lion1234
lion5466
lion8888
lionardo
lionelmessi
lionfish
lionhart
lionhead
lionhear
lionheart
lionheart1
lionking
lionking91
lionlion
lions200
lionsden
lionsone
liopliop
lipaslipas
lipatova
lipgloss
lipinski
lipraann
lipscomb
lipshits
lipshitz
lipslips
lipstick
liquid12
lisa1234
lisa1978
lisa1996
lisa2000
lisa2005
lisa2010
lisa2011
lisaalisa
lisaann6
lisaanne
lisabeth
lisadawn
lisadumon842
lisajane
lisalipp
lisalis1
lisalisa
lisalove
lisalynn
lisamari
lisamarie
lisamona
lisandra
lisandro
lisapass
liseberg
liselise
liselott
lisichka
liskeard
lissabon
lissalissa
lissette
listener
listerin
listings
listless
listopad
litalita
litebeer
literacy
literati
literatura
literature
litespee
litespeed
lithium1
lithium3
lithium7
lithonia
lithuani
lithuania
litigate
litlstar
litmanen
litterbox
little01
little13
little19
little22
littleal
littlebe
littlebear
littlebi
littlebit
littlebitch
littlebo
littleboy
littlebu
littlecat
littlecunt
littledi
littledick
littledo
littledog
littleem
littlefe
littlefi
littlefo
littlefoot
littlefuck
littlefucker
littlegi
littlegirl
littlegu
littleguy
littlehole
littleja
littlejerry
littlejo
littlejoe
littlema
littlemac
littleman
littleman1
littleme
littleminge
littlemo
littleon
littleone
littlepe
littlepi
littlepu
littlere
littlered
littlero
littlerock
littleshop
littleslut
littleton
littlewhore
littlewi
litvinenko
litvinov
litvinova
liuborui
liudmila
liuminghua
live2000
live2die
live4ever
live4god
live4now
livebait
liveevil
livefree
livelife
livelive
livelong
livelove
liveporn
liver123
liverkop
liverman
livermor
livermore
liverp00
liverp00l
liverpol
liverpoo
liverpool
liverpool1
liverpool10
liverpool123
liverpool1892
liverpool5
liverpool8
liverpoolf
liverpoolfc
liverpul
liverune
liveshow
livestrong
livewell
livewire
livewire5
livgracia
livingst
livingston
liwqyskw
liyuzhou2
liz8tysiu
liza12345
liza1995
liza1996
liza1997
liza1998
liza1999
liza2000
liza2001
liza2002
liza2003
liza2004
liza2005
liza2006
liza2007
liza2008
liza2009
liza2010
lizabeth
lizaliza
lizarazu
lizard123
lizard69
lizard99
lizardki
lizardsquad
lizaveta
lizochka
lizottes
lizpussy
lizzard1
lizzy123
ljames23
ljb4dt7n
ljcnfnjr
ljcnjtdcrbq
ljh345ljh3577
ljhjattd
ljhjattdf
ljiljana
ljkfh2006
ljkujgjkjd
ljnfhekbn
ljrnjhrnj
ljubavna
ljubljana
ljuflfqcz
ljungberg
ljvbybrf
ljvbyfnjh
ljvfiybq
ljxtymrf
lk1912198
lk9slwgh3x
lkbyyjittt
lkbyysqgfhjkm
lkhaitov
lkhcrandme
lkjhgfds
lkjhgfdsa
lkjhgfdsa1
lkjhgfdsaq
lkjhgfdsaz
lkjhgfdsazx
lkjhlkjh
lkjlkjlk
lkjlkjlkj
lklklklk
lkzcgfvf
llabesab
llabtoof
llanelli
llebpmac
llewelly
llewellyn
llewelyn
llib5542
llibllib
llllll2000
lllllll1
llllllll
lllllllll
llllllllll
lllooottt
lloyd123
lm504603
lmaopwned
lmg042980
lmgs4kmg
lmp44rgiap
loadmast
loadtoad
loathing
lobanova
lobillos
loblolly
lobolobo
lobosolo
lobotomy
lobster1
lobster2
lobster4
lobster9
lobsters
local123
local134
localboy
localhost
localise
localize
localoca
localsec
location
locc2002
lochness
lochness1
lockdown
lockedup
locker21
lockerroom
lockhart
lockheed
lockingservi
locklear
lockload
locklock
lockness
lockpick
locksley
locksmit
locksmith
lockstoc
lockstock
lockwood
loco1234
loco2pai
loco5150
locochon
locoloco
locoman0
locomeme
locomoti
locomotiv
locomotive
locoweed
locutus1
lodewijk
lodidodi
lodovico
loewe123
loewen20
loffredo
lofwyr59
logagent
logan009
logan123
logan197
loganla2
loganleo
loganrun
logcabin
logging7
loggins3
logibear
logic123
logical1
logicals
login123
loginher
loginova
logistic
logistica
logistics
logistik
logistika
logitech
logitech1
logitech12
logitech123
logitech2
loglatin
logologo
logpidvalues
logxctwd
lohengrin
lohikaarme
lohlohloh
lohotron
loirinha
loislane
loislois
lokaloka
loki2496
loki8888
lokikilo
lokiloki
lokiloki1
loko1994
loko1998
lokoloko
lokomoko
lokomoti
lokomotiv
lokomotive
lokomotywa
lokos1998
lol123123
lol123321
lol12345
lol123456
lol123456789
lol123lo
lol123lol
lol4life
lola1234
lolacece
lolage123
lolalola
lolbroek
lolcakes
loldongs
lolek123
lolelole
lolfriendslaugh
lolikbest
loliloli
lolipop1
lolipop12
lolipop123
lolita1987
lolitase
lolka123
lolkalol
lolki123
lolkin09
lollakas
lollerskates
lollipop
lollipop1
lollipop123
lollllol
lollol12
lollol123
lollollol
lollollol1
lollygag
lollypop
lollypop1
lollypops
lolman123
lolmaster
lolness1
lolo1234
lolochka
lolol123
lololo123
lolololo
lolololol
lololololo
lololyo123
lolowned
lolpassword
lolypop1
lomak123
lomakina
lombard1
lombardi
lombardo
lommerse
lomolomo
lomonosov
londa123321
london00
london01
london02
london07
london10
london11
london12
london123
london19
london20
london2012
london21
london22
london29
london33
london44
london55
london66
london69
london77
london86
london88
london99
londoner
londonuk
londrina
loneguy1
lonelybo
lonepine
lonerang
loneranger
lonesmac
lonesome
lonestar
lonestar1
lonestar44
lonester
lonew0lf
lonewolf
longacre
longball
longbeac
longbeach
longboar
longboard
longboat
longbow1
longbow2
longbows
longcock
longdick
longdong
longears
longerman
longevit
longfell
longfellow
longford
longgone
longhair
longhaul
longhorn
longhorns
longhorns1
longines
longinus
longisla
longisland
longitud
longjohn
longjump
longlake
longlegs
longlens
longlife
longlive
longlong
longlost
longneck
longpass
longpigs
longplay
longputt
longreac
longroad
longshor
longshot
longstre
longstroke
longswor
longsword
longtail
longterm
longtime
longtong
longview
longwood
lonsdale
loogatot
lookatit
lookatme
lookdown
lookgood
lookhere
looki0g4u
looking1
looking2
looking4
lookingg
looklike
looklook
lookout1
looksgoo
loollool
looney69
looneytune
loonloon
looooook
loop1207b
loophole
looploop
looppool
loopyloo
loosee123
lopas123
lopaslopas
lopeliuksas
lopelope
lopez100
lopez123
lopezone
loploplop
loploprock
lopotok01
loquillo
loralora
loramski
loranthos
lord1001
lord1234
lordbyro
lorddrol
lordero1
lordfoul
lordgyeah51
lordhowe
lordik011
lordjeff
lordjesu
lordjesus
lordlord
lordmaul
lordofth
lordosis
lordring
lordship
lordsith
lordsoth
lordvade
lordvader
loredana
lorelei1
lorena123
lorencia
lorenita
lorenzo1
lorenzo6
loretta1
lorianne
loribeth
lorijame
lorilori
lorilynn
lorinser
lorne1313
lorraine
lorraine1
los432112
losangel
losangele
losangeles
losangels
losbravo
loscabos
losendos
losenord
loser101
loser123
loser666
loserboy
loserface1
loserkid
loserman
losertown
loseyourself
losfix16
losgatos
loshadka
losharik
lost4815162342
lostboys
lostboyz
losthope
lostlost
lostlove
lostsoul
losttime
lostworl
lostworld
lothario
lothlori
lothlorien
lotio455
lotrfotr
lotrfotr34
lotsofun
lottery1
lotus123
lotusela
lotuseli
lotusnotes
loudmout
loudness
louie123
louiedog
louielou
louis123
louisdog
louise01
louise12
louise19
louisian
louisiana
louisvil
louisville
louisvuitton
loulou15
loulou22
louloulou
louloute
lounette
loupa123
lourdes1
lourdes33
lourenses
lovalova
love1111
love1199
love1234
love12345
love123456
love123456789
love1980
love1981
love1986
love1987
love1989
love1990
love1991
love1992
love1993
love1994
love1995
love1996
love1998
love2000
love2001
love2002
love2003
love2005
love2007
love2008
love2009
love2010
love2011
love2fuck
love2lov
love2love
love2read
love2you
love4eve
love4ever
love4life
love4you
love5683
love6969
love777321777
love9999
love_you
loveable
lovealways
loveandhate
loveandpeace
loveandsex1
loveangel
loveanna
lovebaby
lovebeer
lovebiba
lovebird
lovebite
loveblac
loveboat
lovebond
lovebone
loveboot
loveboys
lovebug1
lovebug2
lovebugs
lovebutt
lovebuzz
lovecake
lovecats
lovechil
lovechild
lovecock
lovecraf
lovecraft
lovecunt
lovedance
lovedick
lovedone
lovedove
lovedude
loveelove
loveevol
lovefeet
lovefool
loveforever
lovefran
lovefuck
lovegame
lovegirl
lovegirls
lovegolf
lovegood
lovegrov
loveguru
lovehand
lovehate
lovehate1
lovehead
lovehewitt
lovehina
lovehope
lovehurt
lovehurts
lovehurts1
loveigor
loveisall
loveisgone
loveisgood
loveisgreat
loveislife
loveislove
loveisme
loveispain
lovejenn
lovejesus
lovejone
lovejones
lovejoy2
lovekali
lovekids
lovekill
lovekiss
lovekoto
lovekyle
lovelace
lovelady
loveland
lovelegs
loveless
lovelies
lovelife
lovelife12
lovelily
loveline
lovelisa
loveliza
lovelock
loveloft
lovelolo
lovelong
lovelori
lovelost
lovelove
lovelove1
lovelove12
lovelovelove
lovelust
lovely12
lovely123
lovely25
lovelyday
lovelyme
lovemach
lovemasha
lovemate
loveme11
loveme12
loveme21
loveme69
loveme89
lovemebaby
lovemedo
lovemenow
lovemetal
lovemetender
lovemike
lovemoney
lovemusi
lovemusic
lovemylife
loveness
lovenest
lovenlife
loveplanet
loveporn
lovepuss
lovepussy
lover121
lover123
loveradio
loverboy
loverboy1
loverboy123
lovergir
lovergirl
loverlover
loverman
loverock
loverose
lovers12
lovers69
lovers99
lovesanal
lovesazz
lovescat
lovescock
lovesex1
lovesexy
lovesfeet
loveshac
lovesick
lovesito
loveskim
lovesong
lovespor
lovesporn
lovespus
lovessex
lovestar
lovesthecock
lovestinks
lovestory
lovesual
lovesuck
lovesucks
lovesyou
loveteen
loveteens
lovethem
lovethis
lovetits
loveto69
lovetofuck
lovetoli
lovetrue
loveuall
loveworld
loveyou1
loveyou123
loveyou2
loveyou3
loveyou7
loveyous
lovezp1314
lovingit
lovingme
lovingyo
lovingyou
lovtolic
lowboy2k
lowered1
lowlevel
lowrider
lowrider1
lowtrust
lox48012
loxloxlox
loxotron
loyalist
loyola91
loyola93
lozinka1
lp2568cskt
lplplplp
lpr85hkf
lrh31741
lrhfey3273
ls1power
lsdlsd12
lsia9dnb9y
lsjkfghkj45kjh
lsk8v9sa
lsutiger
lsutigers
ltcfynehf
ltcfynybr
ltcnhjth
ltcznjxrf
ltdeirf1987
ltdfcnfnjh
lthgfhjkm
ltishott
ltjbukem
ltjybcbq
ltkmnfajhc
ltlvjhjp
ltlvjhjp1060
ltm9z8xa
ltncrbqvbh
ltntrnbd
ltqcndbntkmyj
ltrscltrsc
ltvbljdf
ltvxtyrj
ltybc123
ltybc7327857
ltybcjdf
ltybcjxrf
ltybcltybc
ltybcrf12
ltybcrf123
ltybctyrj
luan49494
luansantana
luapluap
luba100295
lubaluba
lubimaja
lubimaya
lubovnik
lucaluca
lucas007
lucas100
lucas123
lucas1234
lucas200
lucas321
lucciano
luciana1
luciano1
luciavet
lucidity
lucienne
lucifer1
lucifer2
lucifer6
lucifer666
lucifer7
lucifero
lucifuge
lucille1
lucille61
lucketts
luckiest
luckluck
luckster
lucky007
lucky111
lucky123
lucky1234
lucky196
lucky200
lucky317
lucky4me
lucky4u2
lucky777
lucky888
luckyboy
luckycat
luckycha
luckycharm
luckycharm2
luckycharm3
luckycharms
luckyday
luckydog
luckydog1
luckyduc
luckyduck
luckygirl
luckyguy
luckylad
luckylady
luckylee
luckyluk
luckyluke
luckyman
luckyone
luckysta
luckystar
luckystr
luckystrik
luckystrike
luckyyou
luckyyou66
lucozade
lucrecia
lucretia
lucrezia
lucy9278
lucyallen
lucyball
lucybell
lucydog1
lucydog2
lucyfred
lucygirl
lucylucy
luda1976
luda1984
ludacris
ludaluda
ludhiana
ludicgirls
ludicgirls2
ludivine
ludmilka
ludmilla
ludochka
ludovica
ludovico
ludwig12
lufthans
lufthansa
luftwaff
luftwaffe
lugano99
lugh1776
luigi123
luiginos
luis12345
luisange
luisfernand
luisfernando
luisfigo
luisito1
luisito2
luislope
luisluis
luismigue
luj51jej
lukaluka
lukas123
lukaszek
lukather
luke1234
luke2000
luke5050
luke8281
lukeduke
lukeluke
lukester
luki1992
lukiluki
lukjeyktjs
lukopeli
lula1997
lula2112
lulabell
lullinge
lulu2000
lulubait
lulubell
lulululu
lulupance
lumberja
lumberjack
luminita
lumplump
luna1234
luna8989
lunalane
lunaluna
lunamoon
lunatica
lunatico
lunatuna
lunchbox
lunchmeat
lundgren
lunnlunn
luojianhua
lupalupa
lupelupe
lupiniii
lupolupo
lurch100
lus468112
lusankya
luscious
luscombe
lushlife
lust4lif
lustfull
lustmord
lutefisk
luther03
luther11
luther22
luther69
luther99
lutheran
lutontow
lutscher
luttrell
lutzbutz
luv2epus
luv2fish
luv2fuck
luv2golf
luv2lick
luv2peek
luv2ride
luv4ever
luvaluva
luvamami
luvangel
luvasian
luvbekki
luvbekki99
luvboobs
luvdanni
luvgirls
luvjesus
luvlatex
luvmoney
luvmusic
luvpussy
luvscock
luvtocum
luvurass
luxaeterna
luxembourg
luycx1994
luzi2005
lvbnhbq1
lvbnhbq123
lvbnhbq2
lvbnhbq22
lvbnhbq777
lvbnhbq91
lvbnhbtd
lvbnhbtdbx
lvbnhbtdf
lverpool
lvjdp383
lw09to27
lwfrank2
lwusbhid
lxgiwyl130795
lymeregi
lynchbur
lynchgod
lynchmob
lyndhurs
lynette1
lynnette
lynnlynn
lynnwood
lynxlynx
lynxtsli
lyonnais
lyonstea
lyricist
lysander
lysergic
lytdybrbdfvgbhf
lytghjgtnhjdcr
lyubimaya
lyudmila
lzbs2twz
lzhan16889
lzlzcfif
lzlzdfcz
lzlzdfyz
m0narch1
m0nkeyb0
m0ntlure
m0rpheus
m0rtimer
m0t0r0la
m0therfucker
m0torola
m0unta1n
m0untain
m10ejs44
m1111111
m1234567
m12345678
m123456789
m128256512
m16rifle
m19mw71w
m1a1m1a1
m1a1tank
m1a2m377
m1a2r3i4
m1a2r3i4n5a6
m1abrams
m1carbin
m1ch1gan
m1ch3ll3
m1chelle
m1cr0s0f
m1cr0s0ft
m1garand
m1i2k3e4
m1m1m1m1
m1m2m3m4
m1m2m3m4m5
m1n1v4ns
m240golf
m25071988
m3gyehgdfs
m3i22tko
m3tallic
m4carbine
m4rkzm4n
m5016091
m5546595
m5cmdgvh
m60a3tts
m64yknjv
m6cjy69u35
m7hsqstm
m7tuma7m
m8913001
m_roesel
ma123123123
ma123456
ma9drago
maarten1
maasikas
mabusa62
mac2olli
macadamia
macallan
macandbu
macanudo
macapuno
macarena
macaroni
macaroon
macarthu
macarthur
macattac
macauley
macavity
macbeth1
macbookpro
macca123
macdaddy
macdaddy1
macdonal
macdonald
macdonalds
macduff1
macedogg
macedoni
macedonia
macewind
macgrego
macgyver
machiave
machine1
machine2
machine7
machine9
machineg
machineh
machinehead
machiner
machines
machining
machinis
machismo
macho007
machoman
macilaci
macinnis
macintos
macintosh
mack1402
mackdadd
mackdaddy
macke1975
mackenna
mackenzi
mackenzie
mackenzie1
mackeral
mackerel
mackinac
mackinaw
mackinto
mackintosh
mackmack
mackster
macktruc
maclaren
macmanis
macmilla
macomaco
macphers
macpherson
macromedia
macross0
macross1
macross2
macross3
macross4
macross7
macsan26
macsrule
madafaka
madagasc
madagasca
madagascar
madagaska
madagaskar
madagaskar94
madala11
madalena
madalina
madaline
madara123
madarchod
madasafi
madashel
madballs
maddalena
madden00
madden06
madden07
madden99
maddensf
maddie01
maddie11
maddie12
maddie16
maddison
maddmaxx
maddness
maddog00
maddog01
maddog10
maddog11
maddog12
maddog13
maddog20
maddog22
maddog50
maddog66
maddog68
maddog69
maddog77
maddog89
maddog99
maddoggy
maddogog
maddux31
maddy123
maddyson
made40media
madeinheaven
madeinxpain
madelaine
madelein
madeleine
madelene
madeline
madeline1
madelman
madelynn
mademan1
madflava
madhater
madhatte
madhatter
madhouse
madhusud
madinina
madison0
madison1
madison10
madison12
madison2
madison3
madison4
madison5
madison7
madison8
madison9
madisonm
madisonn
madisons
madisson
madmac34
madmadmad
madmake20
madman66
madman69
madmaster
madmax00
madmax11
madmax12
madmax66
madmax69
madmax99
madmaxxx
madmoney
madmonk1
madmoose
madness1
madness7
madonna1
madonna3
madonna4
madonna5
madonna6
madonnas
madrid12
madrid99
madrigal
madriver
madruga2
madscientist
madseaso
madworld
madworld99
madzia13
madzia15
maelstro
maelstrom
maertracque1
maestro1
maestro2
maestro7
maeteamo
mafia123
mafiaman
mafiawar
mafiawars
maga01dh
magallan
magallane
magamaga
magamedov
magandaako
magazine
magazine1
magda020371
magda123
magdalen
magdalena
magdalena1
magdalenka
magdalin
magdalina
magellan
magellon
magemage
magenta1
maggie00
maggie01
maggie02
maggie03
maggie05
maggie08
maggie10
maggie11
maggie12
maggie123
maggie13
maggie19
maggie21
maggie22
maggie23
maggie24
maggie30
maggie33
maggie40
maggie42
maggie44
maggie45
maggie66
maggie69
maggie77
maggie82
maggie88
maggie99
maggiedd
maggiema
maggiemae
maggiemay
maggiemo
maggot11
maggott1
magic001
magic100
magic101
magic111
magic123
magic1234
magical1
magical123
magical2
magicbox
magicbus
magiccar
magicdog
magichat
magician
magicien
magickal
magickey
magickin
magicmagic
magicman
magicolivorno
magicone
magicsam
magictap
magicthe
magicword
magilla1
magister
magister45
magistra
magistral
magman11
magna750
magnavox
magnetic
magneto1
magnific
magnifico
magnitka
magnolia
magnolia1
magnoliya
magnum00
magnum12
magnum20
magnum357
magnum44
magnum69
magnum99
magnumpi
magnumv8
magnus123
magnus69
magnus99
magodeoz
magog777
magomedov
magoo112
magpies1
magritte
mahabone
mahaffey
mahakala
mahal000
mahal123
mahalkit
mahalkita
mahalkita1
mahalo66
mahalqoh
mahamaha
mahanaim
maharaja
maharani
maharashtra
mahdi3812
mahendra
mahimahi
mahjongg
mahler01
mahler22
mahlzeit
mahmudov
mahnster44
mahogany
mahomaho
mahoomar
mahope555
mahui123
maico490
maicopet
maiden66
maiden666
maiden69
maiden99
maidmari
maidston
mail1993
mail2000
mailbox1
mailcreated5240
mailgene
mailmail
mailman1
mailmann
mailnews
mailroom
mainboard
maineven
mainfram
mainland
mainline
mainmain
mainsail
mainstay
mainstre
mainstream
mainstreet
maintain
maintenance
maintman
maisuradze
maitland
maiyeuem
majeczka
majeczka12
majestic
majestic1
majestic12
majestik
majic1390
majinaki
majinbuu
major123
majordog
majortom
makalani
makamaka
makanaka
makanani
makar111
makar2010
makarena
makarenko
makarevich
makaron1
makaronai
makaroni
makarova
makassar
makavali
makavel1
makaveli
makaveli1
makavell
makavelli
makayla1
makc1795
makcumka
makdaddy
makecash
makedoni
makedonija
makeitso
makeitso1
makeksa11
makelove
makemebad
makemecu
makemecum
makemone
makemoney
makemyda
makemyday
makenna1
makenzie
makeover
makeshift
makiavelli
makimaki
makisupa
makl1234
makomako
maks12345
maks1987
maks1989
maks1991
maks1993
maks1994
maks1995
maks1996
maks1997
maks1998
maks1mka
maks2000
maks2001
maks2005
maks2008
maks2010
maks2011
maks2012
maks5843
maks8787
maksim12
maksim123
maksim1993
maksim1996
maksim2001
maksim2007
maksim2010
maksim22
maksim24
maksim94
maksim95
maksimenko
maksimka
maksimka2134
maksimov
maksimova
maksimus
maksimuss
maksmaks
malachai
malachi1
malagana
malagasy
malahova
malaikat
malaka12
malaka99
malakian
malakies
malamala
malamute
malandro
malayalam
malays1a
malaysia
malaysia1
malboro1
malcolm1
malcolm2
malcolmc
malcolmx
malcolmy
maldini3
maldives
maldonad
maldonado
maldoror
maledive
malenita
malenkaya
maleslut
malevich
malgosia
malhavoc
malhotra
malibu69
malibu98
malibu99
malibuca
malicemizer
malicious
malik123
malikmalik
malikova
malinina
malinka1
malinois
malinovka
malishka
malkavia
malkavian
malkin71
malko123
malkovich
mallard1
mallard2
mallards
mallari79
mallaury
mallboro
malleus9
malli814
mallorca
mallorean
mallorie
mallory1
mallory7
mallrats
malmstee
malmsteen
maloimaloi
maloletka
malone32
maltese1
malteser
maltseva
malushka
maluxin24
malvern1
malvinka
malvolio
malyshka
mama0000
mama1111
mama1234
mama12345
mama123456
mama1944
mama1950
mama1952
mama1953
mama1955
mama1956
mama1957
mama1958
mama1959
mama1960
mama1961
mama1962
mama1963
mama1964
mama1965
mama1966
mama1967
mama1969
mama1970
mama1971
mama1972
mama1973
mama1975
mama1976
mama1977
mama1978
mama1981
mama1982
mama1984
mama1985
mama1986
mama1991
mama1992
mama1993
mama1994
mama1995
mama1996
mama1998
mama1999
mama2000
mama2001
mama2002
mama2004
mama2005
mama2008
mama2009
mama2010
mama2011
mama2608
mama8050
mamabear
mamachka
mamacita
mamainna
mamaipapa
mamaitata
mamalena
mamaliga
mamalove
mamaluda
mamalulu
mamamama
mamamama1
mamamelo
mamamia1
mamamija
mamanunya
mamapapa
mamapapa1
mamasboy
mamasita
mamasnou
mamasveta
mamatata
mamateam
mamavera
mamay19891707
mamaypapa
mambetov
mambetova
mamedova
mamimami
mamkgoind7
mamma123
mammadov
mammamia
mammamia1
mammamma
mammapappa
mammoth1
mamochka
mamonova
mamontenok
mamulechka
mamushka
mamusia1
man12345
man22man
man4ester
man7232636
manageme
management
manager1
manager7
managers
manakamana
manakoba
manamana
manantia
manarbek
manassas
manatee1
manatuck
manchest
mancheste
manchester
manchester1
manchesterunited
manchild
mancity1
mancubus
mandalay
mandalor
mandarin
mandarina
mandarinka
mandator
mandelbr
mandella
manderin
mandermka112
mandible
mandibula
mandinga
mandingo
mandinka
mandolin
mandragor
mandragora
mandrake
mandreki
mandrill
mandy123
mandycat
mandydog
mandymoo
maneater
manechka
manester
manetalox2
manfred1
manfredo
manga123
mangaman
mangilao
mangione
mangleson
mangmang
mango123
mangoes1
mangojuice
mangoman
mangotre
mangrove
mangust6403
mangusta
manhands
manhatta
manhattan
manhattan1
manhatte
manhatten
manhunte
manhunter
mania231188
maniacs1
manicomi
manicson
manicure
manifest
manifesto
manifold
manikandan
manila72
manimani
maninbla
maninblack
manish123
manitoba
manjuice
manjunath
mankind1
manlyman
manman12
manmanman
manmohan
mannetje
mannheim
manning1
manning18
mannmann
manny123
manofste
manofsteel
manohman
manojkumar
manolete
manolita
manolito
manomano
manonegr
manonfire
manouche
manowar1
manpower
manpreet
mansanit
mansell5
mansfiel
mansfield
mansikka
mansion1
mansions
manstein
mansurov
mantagte
mantaray
manthony
manticor
manticore
mantikora
mantilla
mantis77
mantle54
manton123
mantooth
manu1234
manu4eva
manucher
manuel01
manuel12
manuel21
manuela1
manuelito
manuella
manukian
manukyan
manumanu
manunite
manunited
manunited1
manutd01
manutd10
manutd11
manutd123
manutd29
manutd99
manville
manwhore
manyasha
manyunya
manzey20
mapet123456
maplelea
mapleleaf
mapleleafs
maplestor8
maplestory
maplewoo
maplewood
mapn1000
mappings
mapquest
maprchem56458
maq3krcs
mar22015
mar4enko
mar98kus
maracaib
maracaibo
maracana
maracuja
maradona
maradona1
maradona10
marajade
marakana
marakesh
maramara
maranafa
maranata
maranath
maranda1
maranded
maranell
maranello
marat1997
marath0n
maratho1
marathon
marathon1
marauder
maravill
marazali
marbella
marbles1
marc1234
marcel01
marcelin
marcelina
marcelino
marcelit
marcelita
marcell1
marcella
marcelle
marcelli
marcellin
marcello
marcellopp
marcellu
marcellus
marcelo1
marcelos
march123
march197
march198
march1st
march200
marchand
marchang
marchant
marchello
marchenko
marchewka
marching
marciano
marcin12
marcinek
marcinko
marcius2
marcmarc
marco123
marco197
marco978
marcoantoni
marcoantonio
marcolin
marcolino
marcon12
marcopol
marcopolo
marcorps
marcos123
marcos52
marcosb4
marcotte
marcs1997
marcus01
marcus11
marcus12
marcus123
marcus22
marcus33
marcus45
marcus66
marcus73
marcus98
marcus99
marcuseckos
mardigra
mardigras
maremare
marfusha
margaree
margaret
margaret1
margareta
margarett
margarid
margarida
margarin
margarit
margarita
margarita1
margaritka
margaritka1
margaryan
margherita
marginal
marginwa
margo2000
margo2009
margo777
margolis
margorita
margosha
margoshka
margueri
marguerite
maria000
maria123
maria12345
maria143
maria199
maria2002
maria2007
maria2010
maria32b
mariachi
mariaeduarda
mariaelen
mariaelena
mariah01
mariah12
mariahcarey
mariajos
mariajose
mariamar
mariamaria
mariana1
mariana2
marianas
marianel
mariange
marianit
marianna
marianne
mariano1
mariapia
mariarosa
mariaull
maribel1
maribell
maribeth
maricela
maricopa
maricris
marie123
marie12a
marieke1
marielen
marielit
mariella
marielle
marietta
mariette
marietto
marigold
mariguana
marigull
marihuan
marihuana
marihyan911
marijana
marijane
marijuan
marijuana
marijuana1
marik322424644
marikuna
marilena
marilene
marillio
marillion
marilyn1
marilynm
marilynmanson
marilyns
marimari
marimuse
marina01
marina07
marina11
marina12
marina123
marina12345
marina13
marina14
marina15
marina16
marina17
marina19
marina1960
marina1964
marina1967
marina1976
marina1983
marina1984
marina1985
marina1986
marina1987
marina1989
marina1990
marina1994
marina1996
marina20
marina200
marina2000
marina2010
marina2011
marina21
marina22
marina23
marina25
marina26
marina28
marina61
marina62
marina64
marina69
marina70
marina71
marina77
marina777
marina79
marina85
marina86
marina91
marinamarina
marinaro
marindae
marine01
marine03
marine06
marine10
marine11
marine12
marine13
marine16
marine19
marine21
marine22
marine62
marine66
marine69
marine77
marine88
marine99
marineco
marinecorp
marinecorps
marinela
marinell
marinella
mariner1
mariner8
marinero
mariners
marines0
marines1
marines2
marines3
marines5
marines7
marinette
marinica
marino13
marino4ka
marino88
marinochka
marinoni
marinooo
mario123
mario12345
mario2000
mario777
mariobros
mariokart
mariomar
mariomario
marionbe
marionet
marionetka
mariotti
maripass
mariposa
marisabel
mariscal
marisela
marisha1
marishka
marishka123
mariska1
marisol1
marissa1
marissa2
maritime
maritza1
mariupol
marius70
mariusz1
mariya1992
marjaana
marjatta
marjorie
mark0842
mark0843
mark0844
mark1234
mark1956
mark1975
mark2001
mark2008
mark2010
mark3333
mark3434
mark4607
mark4738
mark7414
markable
markalan
markdavi
markelof
markelova
markers1
market892892
marketer
marketin
marketing
marketka
markfica
markgrac
markhegarty
markiema
markis24
markkram
markmark
markmart
marko123
markopolo
markovka
markpass
markpnpdevic
markrj04
markscot
marksman
markster
marktwai
markus000
markus12
markus55
markusha
markyboy
markymar
markymark
marla995
marlap01
marlb0r0
marlbor1
marlboro
marlboro1
marleen1
marlene1
marlene2
marlenka
marley01
marley08
marley10
marley11
marley12
marley123b
marley21
marley22
marley42
marley69
marlin12
marlin99
marlins1
marlowe1
marmaduk
marmaduke
marmalad
marmalade
marmanz9
marmaris
marmelad
marmelada
marmeladka
marmolada
marmoset
marmotta
marmotte
marmstad
maroubra
marquett
marquette
marquinhos
marquis1
marquise
marquita
marquito
marriage
marriage1
married1
married2
marriott
marrucci
marryher
mars1234
marsbars
marsbase
marseill
marseille
marseille13
marsel1986
marsface
marshal1
marshall
marshall1
marshmallow
marshmel
marshmellow
marsianka
marsland
marsmars
marsupil
marsupilami
marsupio
marsvolt
mart1975
mart1985
mart1986
mart5467
marta123
martamarta
martella
martello
marten7171
martes13
martes1b
martesana
martha01
martian1
martian8
martians
martijn1
martin00
martin01
martin06
martin07
martin10
martin11
martin12
martin123
martin13
martin18
martin19
martin1960
martin20
martin21
martin22
martin24
martin26
martin27
martin30
martin32
martin38
martin42
martin44
martin55
martin66
martin69
martin70
martin77
martin99
martina1
martina2
martina3
martina9
martind4
martinda
martinek
martines
martinet
martinez
martinha
martini1
martini2
martini7
martinii
martiniq
martinis
martinka
martinma
martino1
martins1
martinus
martirosyan
martishka
martmart
marts911
martusia
marty123
martycol
martymar
martynas
martynka
martynka1
martynov
martyr1968
marubeni
marugame
marumaru
marvel01
marvellous
marvelou
marvelous
marvin00
marvin12
marvin22
marvin42
marvin69
marvin74
marvin99
marvinma
marvizza95
marxmarx
mary1234
maryalic
maryalice
maryann1
maryann2
maryanne
marybell
marybeth
marycapr
maryella
maryellen
marygrac
marygrace
maryjane
maryjane1
maryjane420
maryjane6
maryjean
marykate
marykay1
maryland
maryline
marylove
marylynn
marymary
marypope
maryrose
marysia1
marzbarz
marzena1
marzenia
marzipan
masa3364
masahide
masahiko
masahiro
masakari
masakazu
masamasa
masamune
masanori
masayuki
masazumi
mascagni
mascerano
maschine
mascitti
mascotte
masemase
maserati
maseratti
maseso23
mash4077
mash6560
masha111
masha123
masha1234
masha12345
masha123456
masha1981
masha1986
masha1990
masha1992
masha1993
masha1995
masha1997
masha1998
masha1999
masha2000
masha2009
masha2010
masha2011
masha555
masha777
masha999
mashalove
mashamasha
mashburn
mashenka
mashinka
mashkova
mashmash
mashoutq
mashulka
mashunya
masiania
masimasi
masinuta
masjanja
maskal2007
maskarad
maskotka
masmasmas
mason123
mason357
masonjar
masonman
masonry1
masoyama
masquerade
massacre
massage1
massage8
massager
massages
masseffect
masseffect2
masshole
massilia
massimiliano
massimo7
massive1
massmass
mastadon
mastadont
master00
master01
master02
master04
master06
master07
master10
master101
master11
master12
master123
master1234
master13
master15
master19
master1989
master20
master2010
master21
master22
master23
master24
master25
master27
master30
master32
master33
master34
master36
master42
master44
master45
master55
master56
master66
master666
master69
master74
master76
master77
master78
master79
master86
master88
master89
master96
master97
master98
master99
master999
masterb8
masterba
masterbaiting
masterbate
masterbating
masterbation
masterbator
masterbi
masterbl
masterblaster
masterbo
masterboy
masterbp
masterca
mastercard
masterch
masterchie
masterchief
mastercr
mastercraft
mastered
masterfo
masterin
masterke
masterkey
masterklas
masterli
masterlo
masterma
mastermaster
masterme
mastermi
mastermin
mastermind
mastermo
masterof
masterok
masterpa
masterpi
masterpiece
masterpl
masterplan
masterpopov
masters1
mastersh
masterso
masterte
masterto
masterwo
mastiff1
mastodon
mastodont
mastro99
masturba
masturbate
masturbation
masyanya
mataclsea86
matador1
matadors
matahari
matalino
matamoros
matanzas
matchbox
matchbox20
matching
matchstick
matematica
matematicas
matematik
matematika
matematyka
material
mateus12
mateusz1
mateuszek
math1234
mathemat
mathematic
mathematics
matheson
matheus1
matheus10
matheus11
matheus12
matheus123
matheus15
mathias1
mathieu1
mathilda
mathilde
mathmath
maths123
matiasjerez123
matikane
matilda1
matilda2
matisse1
matkhaumoi
matr1x01
matriks10o
matrix00
matrix01
matrix02
matrix03
matrix04
matrix05
matrix11
matrix12
matrix123
matrix13
matrix19
matrix22
matrix23
matrix24
matrix36
matrix44
matrix55
matrix69
matrix71
matrix73
matrix76
matrix77
matrix82
matrix95
matrix99
matrixma
matrixxx
matroskin
matrosova
matrosova27
matsui55
matsuoka
matt1234
matt1983
matt2000
matt2414
matt6288
mattafix
mattdoll99
mattemma
matterho
matthard
matthardy
matthew.
matthew0
matthew01
matthew1
matthew10
matthew11
matthew12
matthew123
matthew13
matthew18
matthew2
matthew21
matthew22
matthew23
matthew24
matthew27
matthew3
matthew4
matthew5
matthew6
matthew7
matthew8
matthew9
matthewb
matthewd
matthewg
matthewh
matthewj
matthewk
matthewp
matthews
mattheww
matthias
matthieu
matthijs
mattie12
mattingl
mattingly
mattman1
mattmatt
mattmike
mattress
mattsarz
mattts44
matty111
mattyboy
mattylad10
matulino
matunuck
matveeva
matvienko
matviychuk
mauiman1
mauimaui
mauiwaui
maulwurf
maureen1
maureen2
maurice1
maurice12
maurice2
maurice6
maurice9
mauricio
mauricio2
maurinho
mauritiu
mauritius
maurizio
maurolarastefy
mausbaer
mausmaus
mautauaja
mauthner
maver1ck
maveri80
maveric1
maverick
maverick1
maverick2
maverick21
maverick69
maverickp
mavericks
mavericks1
mavipies
mavrick1
max12345
max1993max
max29121
max33484
maxamillion
maxavanti1
maxbrand56
maxcorn37
maxdoggy
maxedout
maxell2h
maxensam123
maxfield
maxhardc
maxhardcore
maxidrom
maxik1998
maxim123
maxim1935
maxim1986
maxim1989
maxim1991
maxim1992
maxim1993
maxim2010
maxim777
maxim901
maxima95
maxima96
maximal1
maximase
maximaxi
maximaxim
maximca1997
maxime91
maximili
maximilia
maximilian
maximiliano
maximill
maximillian
maximize
maximka1
maximmag
maximum1
maximum2
maximus01
maximus1
maximus12
maximus2
maximus3
maximus81
maximuss
maxine99
maxirexi
maxmax12
maxmaxma
maxmaxmax
maxmedia
maxmotives
maxmouse
maxpayne
maxpower
maxsimus
maxspeed
maxsteel
maxtheca
maxthedo
maxtor61
maxver199317
maxwell0
maxwell1
maxwell2
maxwell3
maxwell5
maxwell6
maxwell7
maxwell8
maxwelll
maxwells
maxxdogg
maxxmaxx
maxxwell
maxxxxxx
maya1234
maya2003
maya2012
mayamaya
maybelle
maybenot
mayberry
maybeyes
mayfair1
mayfield
mayflowe
mayflower
mayhob88
maynard1
maynard2
maynard6
maynardj
maynem98
mayville
mazafaca
mazafaka
mazafaka07
mazafaka1
mazafaka123
mazafaka13
mazafaker
mazahaka
mazalova
mazaltov
mazatlan
mazaxaka
mazda111
mazda123
mazda2006
mazda323
mazda323f
mazda333
mazda626
mazdaman
mazdamx3
mazdamx5
mazdamx6
mazdarx7
mazdarx8
mazefaka2009
mazeltov
mazeppa1
mazingaz
mazinger
maziukas
mazurenko
mb110854
mb811434
mbauer04
mbhztt1992
mbkugegs
mbmacher
mbmbmbmb
mcarthur
mccallie
mccallum
mccarter
mccarthy
mccartne
mccartney
mccauley
mcclellan
mcconnell
mccool24
mccormic
mccutche
mcdamage
mcdaniel
mcdermot
mcdevitt
mcdonald
mcdonalds
mcdonalds1
mcdougal
mcdowell
mcduffie
mcescher
mcfadden
mcfarlan
mcfarland
mcfarlane
mcginnis
mcgovern
mcgrady1
mcgrath1
mcgregor
mchaggis
mchammer
mchedlishvili
mchs1980
mcintosh
mcintyre
mckenna1
mckenzie
mckinley
mckinney
mckinnon
mckinsey
mcknight
mclachlan
mclaren1
mclarenf
mclarenf1
mclaughl
mclellan
mclernon
mcmahon1
mcmaster
mcmillan
mcmullen
mcmurphy
mcnabb05
mcnfr8wu
mcollins
mcop5107
mcpherso
mcpherson
mcsakcan
mcse1999
mcse2000
mcsemcse
mcstagge
mctavish
mcu164212
mcvmt932
md110772
mdacrdme
mdacreadme
mdm3cpcm
mdm3mini
mdm5674a
mdm656n5
mdmairte
mdmaiwa3
mdmaiwa4
mdmaiwa5
mdmaiwat
mdmatm2k
mdmbcmsm
mdmbw561
mdmchipv
mdmcodex
mdmcrtix
mdmdgden
mdmdgitn
mdmeiger
mdmeric2
mdmgatew
mdmgl001
mdmgl002
mdmgl003
mdmgl004
mdmgl005
mdmgl006
mdmgl007
mdmgl008
mdmgl009
mdmgl010
mdmhandy
mdmhayes
mdminfot
mdmintel
mdmiodat
mdmirmdm
mdmjf56e
mdmkortx
mdmlasat
mdmlasno
mdmlucnt
mdmmc288
mdmmetri
mdmmhzk1
mdmminij
mdmmoto1
mdmmotou
mdmneuhs
mdmnis1u
mdmnis2u
mdmnis3t
mdmnis5t
mdmnokia
mdmnttd2
mdmnttd6
mdmnttme
mdmnttp2
mdmomrn3
mdmosice
mdmpsion
mdmracal
mdmrock3
mdmrock5
mdmrpciw
mdmsetup
mdmsii64
mdmsiil6
mdmsmart
mdmsonyu
mdmspq28
mdmsupr3
mdmtdkj2
mdmtdkj3
mdmtdkj4
mdmtdkj5
mdmtdkj6
mdmtdkj7
mdmtexas
mdmusrgl
mdmusrk1
mdmusrsp
mdmwhql0
mdmx5560
mdmxircc
mdmxirmp
mdmzyxel
mdmzyxlg
mdsbathv
me123456
me4oprah
me5wu6xd
meaculpa
meagan99
meaghan1
mealworm
meandlee
meandyou
meangree
meanmean
meanween
measures
measuste
meat1492
meat9517
meatball
meatball1
meatballs
meatbeat
meathead
meathead99
meathole
meathook
meatloaf
meatman1
meatmeat
meatplow
mecanica
mech6666
mechanic
mechanic1
mechanica
mechanical
mechanik
mechele1
mechelen
mechelle
mechwarr
mechwarrior
meckmeck
meconium
medal2012
medalofhonor
mede6205
medecine
medeiros
medellin
medfield
medford1
media100
media123
mediacom
mediaman
mediaone
mediator
medic111
medic123
medic418
medical1
medicare
medicina
medicine
medicine1
medicman
medicone
medieval
medievil
meditate
meditation
mediterraneo
medschoo
medsestra
medstuff
medved123
medvedenko
medvedev
medvedeva
medvedka
medvegonok
medvejonok
medvidek
meelespea
meena123
meenaksh
meenakshi
meendeof
meepmeep
meepmeep01
mefistofel
mega1720
megababe
megabass
megabuck
megabyte
megacore
megacrap
megadeath
megadeth
megadeth1
megafon77
megagerka
megaherz
megajams
megakill
megaline
megalodon
megaloma
megalove
megaman1
megaman12
megaman8
megaman9
megamanx
megamega
megamozg
megan123
meganfox
megansam
megapass
megapolis
megastar
megatron
megavolt
megaware
megazone
megazord
megdog17
meggan50
megladon
megoloman
mehemmed
meilesjegaxxl
meinolf2
meinside
meirambek
meissner
meister0
meister1
mejicano
mejillon
mekim377
mekkelew
melancia
melanie0
melanie003
melanie1
melanie2
melanie3
melanie4
melanie7
melaniec
melanied
melanoma
melanome
melbourn
melbourne
melbourne70
melbury7
melchior
meldrumb
melendez
melgibson
melicent
melinda1
melinda7
melissa0
melissa1
melissa13
melissa2
melissa3
melissa5
melissa6
melissa7
melissa8
melissa9
melissa99
melissaa
melissaj
melissak
melissas
melissaw
melitopol
mellanie
mellisa1
mellissa
melloman
mellopho
melloyel
melloyello
melnibone
melnikov
melnikova
melodies
melomelo
melonman
meltdown
meltmelt
melusine
melville
melvin12
melvin1234
melvin22
melvin69
member69
membrain
membrane
memekbau
mememe123
memememe
mementomori
memmedov
memmedova
memnoch944
memomemo
memorandum
memorex1
memorial
memories
memphis1
memphis10
memphis2
memphis5
memphis6
memphist
memspark
memstpci
memyself
mena5366
menachem
menchaca
mendeleev
mendieta
mendonca
mendoza1
menehune
menelaus
menendez
meninbla
meninblack
menmenmen
menthol1
mentiros
menuized
menumenu
meowdude
meowmeow
mephisto
meplease
mer1d1an
meranaam
merc2000
merc6772
mercatino
mercator
mercede1
mercedec
mercedes
mercedes1
mercedes12
mercedes2
mercedes600
mercedes7
mercedesbenz
mercedesw202
mercedez
mercenar
mercenary
mercer01
merchant
merciful
mercredi
mercuria
mercurio
mercury0
mercury1
mercury2
mercury3
mercury4
mercury5
mercury6
mercury7
mercury9
mercutio
mercy123
meredian
meredith
meredith1
merengue
mergatro
merideth
meridian
meridien
merieme1
merijaan
meringue
meritage
merkulova
merlin00
merlin01
merlin09
merlin10
merlin11
merlin12
merlin123
merlin13
merlin14
merlin15
merlin21
merlin22
merlin23
merlin25
merlin33
merlin69
merlin77
merlin99
merlino2
merlocpm
mermaid1
mermaid2
mermaid8
mermaids
meromero
merrick1
merrick2
merrilee
merrill1
merrimac
merryxma
merryxmas
mersedes
meryllyn
merzario
mesaboog
mesaboogie
mesamesa
mescalin
mescalito
meshka37
meshmesh
meshugga
mesilane
mesohorn
mesohorny
mesquite
message1
message2
message4
messages
messaging
messalin
messalina
messedup
messenge
messenger
messiaen
messiah1
messier1
messmess
messygirl
messygirl-girlmessy
mestre12
meta11ic
metaboli
metadata
metairie
metal123
metal407
metal4ever
metal666
metalcore
metalgea
metalgear
metalgear1
metalgod
metalhea
metalhead
metalhed
metalica
metalika
metaline
metalist
metallic
metallica
metallica1
metallica123
metallica2
metallik
metallika
metallist
metalman
metalurg
metameta
metanoia
metapasses
metaphor
metatron
metcalfe
meteorit
meterman
methadon
methamphetamine
methanol
methical
methodis
methodist
methodma
methodman
metlife1
metodist
metolius
metometo
metro123
metro2033
metrofan
metrolog
metroman
metroplex
metropol
metropolis
metropolitan
metropoliten
mets1969
mets1986
mets2000
mets6986
metsjets
metsmets
metsrule
metzeler
mevefalkcakk
mexicali
mexican1
mexicana
mexicano
mexicano1
mexicans
mexico10
mexico12
mexico123
mexico19
mexico77
mexico86
mexikos1
meyerino
mezmerize
meztelen
mezzomix
mf250679
mfadykef
mfkbi5f2it
mg121962
mgcmerl5
mgfantin
mgmgrand
mgmidget
mgoblue1
mgtfm1cc
mh230279
mhav9lat
mhmh3333
mhoram99
mht05037
mhwag5xn
mi720818
miabella
miahamm9
miahmiah
miamaria
miami123
miami200
miami201
miami305
miamidol
miamiheat
miamimia
miamivic
miamorcit
miaomiao
miatamx5
miau1947
miaumiau
micarles
mice5mice
mich2334
michael0
michael01
michael1
michael10
michael11
michael12
michael123
michael13
michael17
michael18
michael1985
michael2
michael20
michael200
michael2000
michael21
michael22
michael23
michael24
michael25
michael28
michael3
michael33
michael4
michael47
michael5
michael6
michael69
michael7
michael8
michael9
michael98
michael99
michaela
michaela1
michaelb
michaelc
michaeld
michaele
michaelf
michaelg
michaelh
michaelj
michaeljackson
michaeljordan
michaelk
michaell
michaelm
michaeln
michaelo
michaelp
michaelr
michaels
michaelt
michaelv
michaelw
michaelz
michal12
michalek
miche11e
micheal1
micheal2
micheals
michelan
michelangelo
michele0
michele1
michele2
michele3
michele6
michele8
michele9
michelin
micheline
michell1
michella
michelle
michelle1
michelle12
michelle2
michelle5
michelle69
michelle7
michelle78
michelob
michie12
michigan
michigan1
michoaca
michoacan
michpass
michurina
mick1234
mick7278
mickelson
mickey00
mickey01
mickey07
mickey11
mickey12
mickey13
mickey14
mickey17
mickey22
mickey23
mickey25
mickey27
mickey28
mickey44
mickey56
mickey69
mickey75
mickey77
mickey81
mickey99
mickeymo
mickeymous
mickeymouse
mickfole
mickjames
mickmick
mickster
micky123
mickymouse
micnorm1
micor001
micro123
microbio
microchip
microcode
microcom
microdot
microlab
microlab1
microlab2
microlin
micromax
micropal
micropho
microphon
microphone
microsca
microscan
microsof
microsoft
microsoft1
microsoftraw
microsys
microtec
microtech
microtek
microwav
microwave
middaugh
middlema
middlesbrough
middlese
middleto
middleton
midence15
midfield
midgard1
midhurst
midi3204
midiland
midimidi
midkemia
midland1
midlands
midnigh1
midnight
midnight1
midnight2
midnite1
midsumme
midsummer
mifamili
mifamilia
mifune55
mightydragon13
mightyducks
mightymo
migliore
migpolwin
migraine
migrating
migratio
migregdb
miguel12
miguel23
miguelange
miguelangel
miguelin
miguelit
miguelito
mihailov
mihailova
mihalich
mihalych
mihamihamiharap
mihanik31
miholove
mihomiho
mik00007
mikaela1
mikamika
mikayla1
mike1000
mike1020
mike1111
mike1234
mike12345
mike1802
mike1955
mike1958
mike1963
mike1964
mike1967
mike1968
mike1969
mike1972
mike1975
mike1976
mike1977
mike1982
mike1989
mike1995
mike2000
mike2001
mike2002
mike2004
mike2007
mike2010
mike2112
mike2323
mike2411
mike5120
mike6453
mike6969
mike9999
mikeaziz
mikebill
mikefrom
mikehunt
mikejack
mikejade
mikejone
mikejones
mikekowa
mikel123
mikelisa
mikemarti
mikemike
mikerose
mikesr1944
mikester
miketyson
mikevick
mikey007
mikey123
mikeybihon
mikeyboy
mikeymmm
mikeystu
mikezona
mikimaus
mikimiki
mikolaj1
mikomiko
mikrofon
mikrolab
mikstura
mikumiku
mikvarxar
milagros
milamber
milamila
milan123
milan1899
milana1984
milana2007
milana2009
milanista
milarepa
milashka
mildred1
mildseve
mildseven
milehigh
milenium
milenochka
miles123
milesdav
milesdavis
milesteg
mileston
milestone
mileycyrus
milfhunt
milfhunter
milfmilf
milhouse
military
milk1234
milkamilka
milkbone
milkduds
milkmaid
milkman1
milkmans
milkmilk
milkshak
milkshake
milkweed
milkyway
mill2580
millbank
millbrae
millbroo
millburn
millcree
millenco
millencolin
millenia
milleniu
millenium
millenni
millennium
miller00
miller01
miller02
miller11
miller12
miller14
miller19
miller21
miller22
miller23
miller30
miller31
miller33
miller45
miller56
miller63
miller66
miller69
miller77
miller99
millerli
millerlite
millerlt
millerma
millerpp
millerti
millertime
millfiel
millhaus
millhill
millhous
millhouse
millicen
millicent
millie11
millie12
millie123
milligan
millikin
millinge
million1
million2
milliona
millionaire
millioner
millions
millonario
millston
millwall
millwood
millwork
millwrig
milly123
milo1012
milomilo
miloserdie
milovanov
milpitas
milwauke
milwaukee
mimi92139
mimimaus
mimimimi
mimimomo
mimiseeme
mimomimo
mimosete
minakova
minamina
minamoto
minarets
minasgerais
minasyan
mindbend
mindcrim
mindcrime
mindfrea
mindfreak
mindfuck
mindgame
mindgames
mindless
mindless1
mindmind
mindseye
mindspri
mindtrap
mindwarp
mindy123
mindylou
mindysue
mine10230
mine1234
mine2306
minecraft
minecraft1
minecraft123
minegrita
minemine
mineonly
miner123
minerals
minerva1
mingazov
mingling
mingming
mingmong
mingster
mingwai1
minhamae
minhasenha
minhtuan
mini1111
mini1275
miniclip
minicoop
minicoope
minicooper
minidisc
minidisk
minifilz
minigolf
minilogo
minimalinsta
minimaltrust
minimax1
minime11
minime12
minimini
minimoni
minimoog
minimoto
minimum1
minion33
minisink
miniskir
minister
ministry
minivans
minkmink
minnesot
minnesota
minnesota_hp
minnette
minnie01
minnie11
minnie12
minniemo
minniemouse
minntwin
minomino
minority
minotaur
minotaurr
minotavr
minouche
minstral
minstrel
mintmint
mintsauc
minutema
minzdrav
mioamore
mir31577
mirabela
mirabell
mirabella
mirabelle
miracle1
miracle2
miracles
miradolo
mirage21
mirage33
miramesa
miramira
miranda1
miranda2
miranda3
miranda6
mirax123
mireille
mirekmir
miriam123
miriam69
miriammi
mirko321
mirkwood
mirmirmir
mironenko
mironova
miroslav
miroslava
miroslava1
miroslaw
mirotvorec
mirumoto
miruvor79
misamisa
misamore
mischeif
mischief
misericordia
misery99
misfit13
misfit69
misfit99
misfits1
misha1111
misha123
misha12345
misha1984
misha1988
misha1994
misha1997
misha1998
misha2000
misha2002
misha2010
misha777
misha911
mishamisha
mishanya
mishaoooyeah
mishawak
mishelle
mishijas
mishijos
mishmash
mishmish
mishutka
misiacze
misiaczek
misiaczek1
misiones
miss2011
misscleo
missdelt
missile1
missing0
missing1
missingu
mission1
mission2
mission6
mission7
mission9
missiona
missionary
missions
missirli
mississi
mississipp
mississippi
misskiss
misskitt
misskitty
missmiss
missmoll
missmolly
missoula
missouri
misspigg
misspiggy
misspris
missthang
missthin
missy123
missy200
missy278136
missycat
missydog
missyk55
missymoo
missypoo
missysis
mista187
mistake1
mistaken
mister11
mister12
misterbi
misterec54
mistered
misteref
misteria
misterio
misterma
misterme
misterzaklady
mistigri
mistkerl
mistmist
mistral1
mistral8
mistres1
mistress
misty123
misty4me
mistyblu
mistyblue
mistycat
mistydog
mistymoo
misulica
mitch123
mitche11
mitchel1
mitchell
mitchell1
mitglied
mithrand
mithrandir
mitochon
mitra100
mitridat
mitrofan
mitrofanov
mitrovic
mitslush
mitsubis
mitsubish
mitsubishi
mitsurug
mitsurugi
mittens1
mittens2
mittmitt
mittwoch
mitzidog
mividaloca
mixa10000
mixa1223
mixa253525
mixadance
mixamixa
mixave1k
mixbenz1
mixerman
mixmaste
mixmaster
mixxaz12
miyamoto
miyazaki
miyvarxar
miyvarxar1
mizredhe
mizusawa
mj23jg81
mj23mj23
mj23mj45
mj23sp33
mjay4386
mjbnbna1
mjbreeze
mjjordan
mjohng69
mjollnir
mjordan2
mjscream
mjwb1031
mjwilson
mk3fjxqw
mko09ijn
mko0mko0
mko0nji9
mkonjibh
mkrtchyan
ml405liu
mlforman
mlk99njm
mllktywe
mllpqmpd
mlp95040
mm070809mm
mmano088700
mmcndmgr
mmm111mmm
mmm147258
mmmmmmm1
mmmmmmm2000
mmmmmmmm
mmmmmmmmm
mmmmmmmmmm
mmmmmmmmmmm
mmmmmmmmmmmm
mmmmnnnn
mmxpower
mnbv1234
mnbvcxz1
mnbvcxz123
mnbvcxza
mnbvcxzasdfghjkl
mnbvmnbv
mnementh
mnemonic
mnewlinc
mngmhm177
mnk12lzx
mnlicens
mnmk9000
mnmnmnmn
mno571krq9
mnogodeneg
mnogoto4i3
mnogotochie
mnxe2v5b
mnxxtkg9
mo.gjkd13o
mo0nc1ty
mo6fita5
moabutah
mob4life
mobbdeep
mobetter
mobil395
mobilcom
mobile01
mobile69
mobilephone
mobility
mobilnik
mobius4175
mobscene
mobsters
mobydick
moccasin
mocha123
mochadog
mochermo
mocoloco
moctezuma
modafocka9
model123
model501
model960
modeling
models12
models98
modelsne
modem123
modemcsa
modemman
modena36
modena360
moderate
moderato
moderator
modernwarfare
modernwarfare2
modified
modifying
modulate
moedzkhhyfonq
mofo1234
mofo1242
mofo2000
mofomofo
mofreaky
mogilev368088193
mogilny89
mogwai1976
mohamed1
mohammad
mohammed
mohicans
mohideen
mohinder
mohit123
mohler21
moikka12
moimoimoi
moinmoin
moiparol
moiraine
moiscool
moiseeva
moiselle
moises12
moisture
moizoittt
mojimoji
mojo1234
mojo2000
mojo2525
mojo6656
mojojojo
mojomojo
mojopass
mojorisi
mojorisin
mojorisn
mokka778
mokomoko
mol8leks24kr
molamola
molasses
moldovan
mole2020
molecula
molecule
molemole
moleskin
molester
molfetta
moliavochka
molinari
molinero
molineux
mollie01
mollie11
mollie12
mollison
molly123
molly1234
molly197
molly200
molly999
mollyann
mollycat
mollydog
mollygirl
mollymae
mollymax
mollymay
mollymol
mollymolly
mollymoo
moloko12
moloko123
molokova
molson28
mom4u4mm
momack82
momamoma
momandda
momanddad
momdad12
momdad123
momentum
mommacat
mommamia
mommy123
mommy1234
mommyof2
momokova
momomomo
momoney1
momoney2
momotango
momotaro
momsanaladventure
momsfavo
momsucks
mona1033
monaghan
monah13x
monalisa
monaliza
monamona
monamour
monarcas
monarch1
monarchs
monarchy
monastir
moncheri
moncoeur
moncrief
monday01
monday11
monday12
monday123
monday13
monday21
monday22
monday99
mondello
mondeost
mondongo
mondrake
mondrian
monet123
money000
money001
money007
money100
money101
money111
money123
money1234
money187
money1989
money199
money200
money2000
money2008
money2010
money247
money2me
money333
money4me
money4us
money666
money777
money911
money999
moneybag
moneybags
moneybox
moneyfornothing
moneymak
moneymake
moneymaker
moneymaker1
moneyman
moneyman1
moneymon
moneymoney
moneyone
moneypen
moneypenny
moneysho
moneytal
moneytalks
moneywise
mongolia
mongolie
mongoloid
mongoman
mongoose
mongoose1
monica01
monica11
monica12
monica123
monica13
monica20
monica22
monica38
monica69
moniczka
monies88
monika01
monika06
monika10
monika11
monika12
monika18
monimoni
monique1
monique2
monitor1
monitor12
monitor2
monitor3
monitor4
monitor5
monitor6
monitor8
monitors
monk1234
monkees1
monkey00
monkey007
monkey01
monkey02
monkey03
monkey09
monkey10
monkey101
monkey11
monkey12
monkey123
monkey13
monkey14
monkey15
monkey16
monkey17
monkey19
monkey20
monkey21
monkey22
monkey23
monkey24
monkey25
monkey26
monkey27
monkey28
monkey29
monkey31
monkey32
monkey33
monkey37
monkey42
monkey44
monkey45
monkey55
monkey66
monkey666
monkey68
monkey69
monkey76
monkey77
monkey78
monkey79
monkey88
monkey97
monkey98
monkey99
monkeyas
monkeyba
monkeyballs
monkeybi
monkeybo
monkeyboy
monkeyboy1
monkeybu
monkeybutt
monkeydo
monkeyfa
monkeyface
monkeyfu
monkeyhead
monkeylove
monkeyma
monkeyman
monkeynu
monkeynuts
monkeypoo
monkeys1
monkeys3
monkeyse
monkeysh
monkeysp
monkeyss
monkfish
monkmonk
monmouth
monogram
monolith
monoloco
monomono
mononoke
monopoli
monopoly
monopoly1
monorail
monorga14
monoxide
monreales
monroe22
monrovia
monserra
monsieur
monster0
monster1
monster10
monster12
monster123
monster13
monster17
monster18
monster2
monster21
monster22
monster3
monster4
monster5
monster6
monster666
monster7
monster77
monster8
monster9
monstera
monsterb
monsteri
monsterkill
monsterm
monstermash
monsters
monstrik
monsvenu
montagna
montagne
montague
montalvo
montana1
montana111
montana16
montana2
montana3
montana4
montana5
montana6
montana7
montana8
montanas
montanna
montarbo
montarios77
montblan
montblanc
montcath
montclai
monte123
monte318
montecar
montecarlo
montecri
monteiro
montella
montello
monteneg
montenegr
montenegro
monterey
montero1
monterre
monterrey
monterrey69
montesin
montessori
montever
monteverde
montevide
montevideo
montezum
montezuma
montford
montgom240
montgom2409
montgome
montgomery
monticello
montigue
montjuic
montlure
montreal
montreal1
montrell
montreuil
montreux
montrose
montseputa
monty123
montyboy
montydog
montygue
montypython
monument
monymony
monyshot
moochie1
moocow123
moodyblu
moodys31
moofmoof
mooiweer
moojuice
mookie10
mookie11
mookie12
mookie23
mookie90
mookmook
mookwill
moolow87
moom4242
moom4261
moomoo88
moon1234
moon2003
moon5leg
moonbaby
moonbase
moonbeam
moonchil
moonchild
moondanc
moondance
moondawg
moondog1
moondogg
moondust
moonface
moonfire
moonflow
moonflower
moonglow
moonglum
moonhawk
moonhead
mooning5
moonligh
moonlight
moonlite
moonman1
moonmano
moonmoon
moonrake
moonraker
moonrise
moonrive
moonshad
moonshadow
moonshin
moonshine
moonshot
moonspel
moonspell
moonstafa
moonstar
moonston
moonstone
moontime
moonunit
moonwalk
moonwalker
moonwolf
mooooooo
moore123
moorhead
moorhuhn
moose111
moose123
mooseboy
moosecat
moosecoc
moosedog
moosehea
moosehead
moosejaw
mooseman
moosemoo
mooshie1
mootmoot
mop6max9
mopar123
mopar440
moparman
mopsukas
mor_pass
morales1
morality
mordecai
mordicus
mordillo
mordor666
mordovia
mordsith
more2010
morebeer
morefire
morehead
morehouse
moreland
morelove
moremone
moremoney
moremore
morenita
morentis
morep0rn
moreporn
morepowe
morgaine
morgan00
morgan01
morgan02
morgan05
morgan06
morgan10
morgan11
morgan12
morgan123
morgan13
morgan22
morgan23
morgan28
morgan31
morgan33
morgan66
morgan69
morgan72
morgan93
morgan99
morganna
morganne
morganstanley
morgenstern
morgoth1
morgunov
morhange
moriarty
moribund
morimori
moritaka
morkovka
morlagon
mormegil
morning1
mornings
morningstar
mornington
moromoro
morozova
morozowa
morpheus
morpheus1
morphine
morphius
morricone
morrigan
morris00
morris01
morris11
morris12
morris123
morris20
morris69
morrisey
morriso1
morrison
morrison1
morrisse
morrissey
morrowin
morrowind
mortadel
mortadela
mortadelo
mortalcombat
mortalko
mortalkombat
mortensen
mortgage
morticia
mortimer
mortimer1
morton12
morton34
morwenna
mosaik28
moschino
moscow01
moscow10
moscow99
mosdaddy
moseley1
mosesblk
moshatin
moshatinkor
moshatinkor1
mosias98
moskvich
moskvina
mospeada
mosquito
mosquito13
mosquito@13
mossberg
mossmoss
mossyoak
mostwanted
motdepas
motdepass
motdepasse
motera15
moterman
mothball
mother01
mother11
mother12
mother123
mother1234
mother22
mother23
mother45
mother66
mother69
motherboard
motherfu
motherfuck
motherfucke
motherfucker
mothergo
motherla
motherland
motherlo
motherlod
motherlode
motherlode123
motherof2
motherwe
motherwell
motivate
motivati
motivation
motivato
motleycr
moto1994
motocros
motocross
motogirl
motoguzz
motoguzzi
motohead
motokros
motokross
motomoto
motor123
motorbik
motorbike
motorcar
motorcit
motorcontrol
motorcyc
motorcycle
motorhea
motorhead
motorhom
motoring
motorist
motorman
motorola
motorola1
motorola123
motorola1234
motorola398
motoroll
motorolla
motorrad
motorspo
mottmott
motu6697
motyme120
mouloudia
moultrie
moumoune
mounette
mounta1n
mountai1
mountain
mountain1
mountainde
mountaindew
mountains
mountgay
mountian
mounties
mountjoy
mountmgr
mourinho
mourning
mouse111
mouse123
mousehol
mousehou
mousekevitz
mouseman
mousemat
mousemouse
mousepad
mousetra
mousetut
moustach
moustache
moustique
moutarde
mouthful
movement
moviebuf
moviemaker
movieman
movies23
moviesta
movingon
movistar
movsisyan
mowerman
moyasemya
mozart12
mozart18
mozart666
mozart69
mozart77
mozzarella
mp3player
mpetroff
mpg2splt
mplayer2
mproland
mr195310
mr2turbo
mr32oo10
mramsden
mrblonde
mrbrownx
mrbrownxx
mrbungle
mrbuster
mrchippy
mredmred
mreeanagamy
mrfacial
mrfloppy
mrforeve
mrfreeze
mrhankey
mrhappy1
mrmackie
mrmister
mrpeanut
mrpeeper
mrpeevee
mrroboto
mrsaturn
mrstillr
mrwilson
mrwizard
ms266901
ms631533
ms740318
ms885488
msaatext
msadds32
msader15
msador15
mscandui
mschmidt
msconfft
msconfig
msconv97
mscorcfg
mscordbc
mscordbi
mscoreer
mscorier
mscories
mscorjit
mscorlib
mscormmc
mscormmc11
mscorsec
mscorsecr
mscorsvr
mscorwks
msdaenum
msdaorar
msdaprsr
msdaprst
msdaremr
msdasqlr
msdasqlreadm
msdtclog
msdtcprf
msdtcprx
msexch40
msexcl40
msgccmcs
mshaheen
mshtmled
msicares
msimnimp
msinfo32
msjetoledb40
mslwvtts
msmcstcp
msnetmtg
msobcomm
msobmain
msoracle32re
msorcl32
msorcloledbr
msouthwa
mspat420
mspbde40
msppmalr
msquared
msrating
msrclr40
msrd2x40
msrd3x40
msrdpcli
msrpjt40
msscript
mstext40
msttkm12
msvbvm60
msvidctl
mswebdvd
mswrd632
msxbde40
mt5y4fku
mt9bhns8
mtawminda
mtfomybt
mtichell
mtihygue
mtnbiker
mtsadmin
mtwapa1a
mtxlegih
mtymouse
mu0lfpv2
mu11igan
mu7461377
muamadin
muaythai
muchacha
muchacho
muchlove
muchomor
muckluck
muckmuck
mudar123
mudcat10
mudhoney
mudpuppy
mudshark
mudslide
mudvayne
mudvayne1
mueller1
muellerm
muenchen
muenster
muetze79
mufc1878
mufcmufc
mufdiver
muffdive
muffdiver
muffdvr1
muffin01
muffin11
muffin12
muffin13
muffin69
muffinma
muffinman
muffins1
muffmuff
muffy123
muffydog
mugbomoj
mugmug86
muhabbat
muhahaha
muhammad
muhammed
muhnkies
muiedinamo
muiemuie
muirhead
mukilteo
mukimuki
mulambo1
mulberry
mulder11
mulder12
mulder99
muledeer
muledog1
mulhouse
mullaney
mullet34
mulligan
mullin17
mullins1
multifun
multimed
multimedia
multipas
multipass
multipla
multiple
multiplelo
multiplelog
multiply
multiprocess
multiprt
multisca
multiscan
multisyn
multisync
multovod3
mumanddad
mumgolis
mumiytroll
mummifym
mummypapa
mumps1111
mumu1234
mumumumu
munchie2
munchies
munchkin
munchkin1
munchman
mundiree
mungbean
munhill7
munibond
municipa
munimula
munition
munson15
munster1
munsters
munteanu
muonline
murad123
murad1993
muradyan
murakami
murakamy
muramasa
murasaki
murasame
murat123
muratmurat
muratova
murattiotti
murciela
murcielag
murcielago
murderer
murdock1
murielle
murka123
murmansk
murmulis
murochka
murphy01
murphy10
murphy11
murphy12
murphy123
murphy13
murphy17
murphy19
murphy21
murphy22
murphy23
murphy66
murphy69
murphy79
murphy88
murphy98
murphydo
murphydog
murray10
murray12
murray24
murrieta
murzilka
musamusa
musashi1
musashi6
musclema
muscleman
muscles1
muscles2
muscular
muselman
musgrave
mushie209
mushin64
mushmout
mushmouth1
mushmush
mushr00m
mushroom
mushroomhead
mushrooms
mushuono
music101
music123
music4ever
music999
musical1
musicale
musicals
musicbox
musichal
musician
musicislife
musiclov
musiclover
musicman
musicman1
musicmusic
musiikki
musiques
musirull
musketee
muskogee
muskrats
muslim0626461997
muslimah
muslimin
musmanno
mussolin
mussolini
mustache
mustafa1
mustafin
mustaine
mustang0
mustang01
mustang03
mustang05
mustang06
mustang07
mustang1
mustang10
mustang11
mustang12
mustang123
mustang2
mustang222
mustang3
mustang4
mustang5
mustang50
mustang6
mustang65
mustang66
mustang67
mustang68
mustang69
mustang7
mustang8
mustang89
mustang9
mustang95
mustang99
mustange
mustangg
mustanggt
mustangp
mustangs
mustangt
mustangv
mustapha
mustard1
mustards
musthave
mustikas
mustikka
mustkill
mutation
muthafuc
muthafucka
mutherfucker
mutigers
mutt22pu
mutt22putt
muxa1234
muzaffar
muzikant
muzikbob
mv46vkmz10
mv84acbb
mvagusta
mvbqfwq2
mvemjsun
mvemjsunp
mvtnr765
mwangavu
mwemblad
mwq6qlzo
mwtbdltr
mx5miata
mxaigtg5
mxyzptlk
my2girls
my3girls
my97jeep
myaccount
myangel1
myangel6
myangels
myarthur
myassishappy
mybabies
mybabygirl
mybusiness
mycal007
mycamaro
mychangeserv
mychemicalromance
mychoice
mycompnetwork
mycomput
mycomputer
mycroft1
mycroft6
mydarling
mydestiny
mydoggie
mydogsam
mydreams
myers123
myeyesonly
myfamily
myfamily1
myfather
myfetish
myfreedom
myfriend
myfriends
myfuckingpwd
myfuture
mygirls2
myharley
myjdxtcxks
mykids22
mylaptop
mylenium
mylife11
mylife99
mylittle
myliveisjail
mylove01
mylove12
mylove123
mylove777
mylovers
mymaui11
mymgis41
mymoney1
mymother
mymurphy
mymymymy
myname12
mynameis
mynewbots
mynewlife
mynewpas
mynfqyf12
myniggaz
mynthon1
myoldman
mypass123
mypasswd
mypasswo
mypasswor
mypassword
mypeinfedef
mypka666
myriad01
myrmidon
myroslava
myrtille
myrzilka
mysavior
mysecret
myshadow
mysister
myspace!
myspace.
myspace01
myspace1
myspace11
myspace2
myspace7
mysteria
mysteries
mysterio
mysterio619
mysterious
mystery1
mysteryman
mystical
mystikal
mystique
mystuff2
mystuff6
mysweet1
mysweety
myszka11
mythbusters
mythical
mythology
mytruck1
myung-yu
myworld1
myxworld
myxworld4
myxylply
myyvonne
mzrpbc7x
n028028g
n0kia6300
n0o7r1i7n0
n0rthwes
n0v3mb3r
n0vember
n1234567
n12345678
n123456789
n1234567890
n1598753
n1a1t1a1
n1a2t3a4
n1cholas
n1ghtmare
n1i2c3k4
n1i2n3a4
n1nt3nd0
n2339741
n2k8p6ry
n4119914
n4l60et0
n4n00k01
n5h8pcp5s2
n6840272
n6va4ycb
n72sania
n7dj3saa
n7td4bjl
n8end415
n8mvvi0n
n8skfswa
na123456
na90on8l
nabtsfec
nacho123
nachodog
nachoman
nacichal
nacional
nadanada
nadesico
nadezhda
nadia123
nadiafun
nadine01
nadine12
nadiradze
nadonado
nadraga18
nadushka
nadya2011
naftizin
nagasaki
nagashim
nagendra
nagibator
naginata
nagshead
nahtanoj
nailbomb
naimaier
nairobi1
najinaji
najsalvar
najsobih
nakahara
nakajima
nakamich
nakamura
nakatomi
nakayama
naked123
nakedboy
nakedgir
nakedgirls
nakedman
nakedone
nakedteens
nakhodka
nalanala
nallekarhu
nallepuh
nallukka
namakwa1
namaskar
namaste1
namath12
nameless
namename
nameuser
namitkul
namrepus
nana1234
nanachan
nanakuli
nananana
nancy001
nancy123
nancyboy
nancylee
nancylyn
nancynancy
nandinho
naninani
nannaj3086
nanny123
nanonano
nanook11
nanotech
nanouche
nanthiya
nanthyen
nantucke
nantucket
nanunanu
naom0745
naotemsenha
nap8eteh
napanook
napass123
napolean
napoleao
napoleo1
napoleon
napoleon1
napoleone
napster1
naraporn
narayana
narbonne
narcisse
narco412
narcosis
narcotic
naren123
narendra
narf123h
narfnarf
narfpoit
narinder
narisawa
narkoman
narkotik
narmer17
narod777
narodowy
nartey18
naruhodo
narusegawa
naruto007
naruto01
naruto010
naruto10
naruto101
naruto11
naruto12
naruto123
naruto13
naruto16
naruto1997
naruto2010
naruto32
naruto88
naruto95
naruto97
naruto98
naruto99
narutokun
narutonaruto
narutouzumaki
nascar00
nascar01
nascar02
nascar03
nascar06
nascar08
nascar11
nascar12
nascar13
nascar18
nascar20
nascar22
nascar24
nascar28
nascar29
nascar31
nascar38
nascar48
nascar50
nascar69
nascar72
nascar88
nascar94
nascar98
nascar99
nascimento
nasdaqii
nasenbae
nashvill
nashville
nastasia
nastasya
nastena123
nastena22
nastenka
nastia1234
nastia1991
nastolatka
nastradamus
nastusha
nasty123
nasty1995
nastya07
nastya11
nastya12
nastya123
nastya1234
nastya12345
nastya13
nastya15
nastya19
nastya1985
nastya1988
nastya1990
nastya1991
nastya1994
nastya1995
nastya1996
nastya1997
nastya1998
nastya1999
nastya2002
nastya2008
nastya2010
nastya2011
nastya23
nastya777
nastya86
nastya91
nastya94
nastya95
nastya96
nastya97
nastyalove
nastyanastya
nastyass
nastyboy
nastygir
nastygirl
nastyman
nastynas
nastynate
nastyone
nastysex
nastyusha
nat032169
nat1onal
nata1234
nata12345
nata1970
nata1974
nata1975
nata1976
nata1977
nata1978
nata1979
nata1980
nata1982
nata1983
nata1984
nata1985
nata1986
nata1988
nata1989
nata1994
nata2000
nata2009
nata2010
nata2610
natali123
natali1978
natali1985
natali1987
natali2007
natalia1
natalia2
natalia7
natalie0
natalie1
natalie2
natalie4
natalie7
natalie8
natalie9
natalieg
nataliep
natalija
natalika
natalina
natalinatali
nataliya
natalka1
natalo4ka
natalove
natanata
nataniel
natara73
nataraja
natas666
natascha
natascia
natasha1
natasha12
natasha123
natasha18
natasha197
natasha1971
natasha1974
natasha1978
natasha1993
natasha1994
natasha1995
natasha2
natasha2010
natasha25
natasha5
natasha7
natasha8
natasha84
natasha9
natasha94
natashas
natashia
natashka
natation
natedawg
natedogg
nathalia
nathalie
nathan01
nathan02
nathan03
nathan06
nathan08
nathan10
nathan11
nathan12
nathan123
nathan13
nathan14
nathan15
nathan18
nathan1e
nathan20
nathan22
nathan23
nathan26
nathan28
nathan69
nathan77
nathan99
nathanae
nathanael
nathanie
nathaniel
nationa1
national
national1
nationals
nationwi
nationwide
nativida
natlumis
natoar23
natsocsecr
natsuhyo
nattam20
nattheca
natural1
natural9
naturale
naturals
naturebo
natureboy
naturist
naughton
naughty1
naughty2
naughty34
naughty6
naughty9
naughtya
naughtyamerica
naughtyb
naughtyboy
naughtyg
naughtygirl
naughtyn
naughtyp
naumenko
nausicaa
nausikaa
nautica1
nautical
nautilus
nautique
navarone
navasota
navernoe
navigate
navigate080
navigating
navigation
navigato
navigator
navillus
navision
navisite
navistar
navsegda
navuhodonosor
navy1234
navy2000
navyblue
navygirl
navynavy
navynuke
navyseal
navyseals
nawbam47
naxxis99
naynay12
naysayer
nazar123
nazar12b3
nazar1995
nazar1996
nazar1997
nazarene
nazarenko
nazareno
nazareth
nazariop
nazarova
nazeer786
naziks31
nazimova
nbgfgfhjkm
nbhfvbce
nbkbvbkbnhzvlbz
nbnbrfrf
nbnfhtyrj
nbuh2010
nbuhfyxbr
nbuhtyjr
nbveh2009
nbvehxbr
nbvfnbvf
nbvjatqrf
nbvjattd
nbvjattdf
nbvjityrj
nbvxtyrj
nbwnbw258789
nby4i5x5nz
nbyrbdbyrb
nc8dlsbc
ncat1993
ncc-1701
ncc1701a
ncc1701b
ncc1701c
ncc1701d
ncc1701e
ncc1701f
ncc1701h
ncc1701p
ncc1701x
ncc1701z
ncc74205
ncc74656
nccpl25282
ncognito
ncstate1
ndbyrbndbyrb
ndedekia
ndjhxtcndj
ndlimits
ndminh133
ndshnx4s
ndubuisi
ne_e_pod_chehyl
neamtzoo
neatkmrf
nebraska
nebulous
neccs500
necessito
neckbone
necklace
necro123
necro666
necroman
necromancer
necromanser
necromant
necron99
necronom
necronomicon
necropolis
necrosco
nectarin
nederlan
nederland
nederland1
nederlands
nedkelly
nedved11
nee61152
need4spe
need4speed
needajob
needforspeed
needhelp
needlove
needmore
needsome
needwork
nefariou
nefertit
nefertiti
neformal
negative
negfzrkfdf
negfzvfkjktnrf
negjfqc7
negjgfhjkm
negjqgfhjkm
negjujkjdsq
negodrama
negrito00
negrobad
negrus20
nehemiah
nehutytd
neighbor
neil1234
neilneil
neinnein
neirfyxbr
nejcpass123
nekochan
nekomimi
nekoneko
nekostroma
nekrasov
nekrasova
nekrik20
nekromant
nekronomikon
nellbell
nellie11
nelly123
nellynelly
nelson01
nelson11
nelson12
nelson33
nelson69
nematoda
nematode
nemeczek
nemesida
nemesis1
nemesis2
nemesis3
nemesis5
nemesis6
nemesis7
nemesis9
nemeth01
nemezida
nemiroff
nemonemo
nemrac58
nemtudom
nemvxyheqdd5oqxyxyzi
nenavist
nenuphar
neogenesis
neomatri
neon2001
neon6366
neonneon
neons601
neophyte
neotokyo
nepbr2009
nepenthe
nephilim
nephthys
nepobedim
neptune1
neptune2
neptune3
neptune4
neptune6
neptunes
nerdnerd
nerfnerf
neronero
nerubinka
nesakysiu
neskazhu
nesprera0k
nesquick
nessus09
nesterenko
nesterov
nesterova
net3c556
net3c985
net5515n
net575nt
net656c5
net656n5
net83820
netan983
netb57xp
netbcm4e
netbilling
netbrdgm
netbrdgs
netcem28
netcem33
netcem56
netchainz
netclass
netclientfil
netctmrk
netddedsdm
netdefxa
netdf650
netdhcps
nete1000
netel90a
netel90b
netel980
netel99x
netepvcm
netepvcp
netf56n5
netfa410
netforce
netforeh
netfxocm
netfxperf
netfxsbs10
netiprip
netlanem
netmacpr
netmacsv
netmadge
netmeeting
netmhzn5
netmtgrm
netnetnet
netnmtls
netnovel
netnwcli
netnwlnk
netosi2c
netparol
netprism
netpschd
netpwd11
netroshka
netrtpnt
netrtsnt
netscape
netshell
netsurfer
nettcpip
nettiger
nettpsmp
netuires
netvideo
netvista
netware1
netwdi2e
network1
network2
network21
network7
network9
networki
networking
networkingpe
networks
networth
netx56n5
netzwerk
neurolog
neuroman
neuromancer
neurosis
neurotic
neuspeed
neustadt
neuter69
neutral1
neutrino
neutron1
nevadatan
never123
never2late
never32been16
never4get
neveraga
neveragain
neverdie
neverend
nevereve
neverever
neverforget
nevergiveup
nevergue
neverguess
neverhood
neverlan
neverland
neverlands
neverman
nevermin
nevermind
nevermor
nevermore
nevernever
neversaymypassword
neversaynever
neversmile
neversummer
neverthele
neverwin
neverwinter
nevie728
neville1
new0rder
new12345
new1york
new2pass
new4pass
new975wen
newadam4
newberry
newbie11
newbie23
newblood
newbreed
newburgh
newcastl
newcastle
newcastle1
newcomer
newdelhi
newengla
newfound
newfoundland
newhaven
newheart
newhouse
newjerse
newjersey
newlife0
newlife1
newlife10
newlife12
newlife2
newlife3
newlife4
newlife7
newlifebegins
newlywed
newman12
newmark1
newmark8
newmarke
newmedia
newmexic
newmexico
newmoney
newnewnew
neworder
neworlea
neworleans
newpass0
newpass1
newpass2
newpass3
newpass4
newpass5
newpass6
newpass7
newpass8
newpass9
newpassi
newpassw
newpassword
newphone
newpoint
newport1
newport100
newport2
newport3
newport7
newport9
newports
newpower
newproject2004
newriver
newryclo
newsales
newsboys
newscies
newshoes
newsjunk
newsletter
newsnews
newspape
newspaper
newstart
newstyle
newsweek
newt7899onrs
newton11
newton22
newton66
newuser1
newworld
newyear1
newyear2
newyears
newyork0
newyork1
newyork2
newyork21
newyork4
newyork5
newyork7
newyork8
newyork9
newyorkc
newyorkcity
newyorke
newyorker
newyorkm
newyorkmets
newzeala
newzealand
nextdoor
nextdown
nextlink
nextover
nextstep
nextstop
nexttime
neykohiyaji
nezabudka
nezabudu
neznakomka
nf23d4kx
nfgbpltwq
nfgrbnfgrb
nfhfc123
nfhfcjdf
nfhfctyrj
nfhfrfys
nfhfynbyj
nfhfynek
nfhfynfc
nfhfytyrj
nfhjyujh20
nfhnsvrf
nfhuhqcbn
nfkbcvfy
nfkfgtyf
nfnebhjdrf
nfnfhcnfy
nfnmzyrf
nfnsrvelfr
nfpfksr7
nfufyhju
nfvbkjxrf1975
nfvfujxb
nfvgkbth
nfvthkfy
nfy.itxrf
nfyrbcnrf
nfyz1987
nfyz1999
nfyznfyz
nfzhtgrf
ngbb2019
ngik2ggxpg
ngoctran
nguoitoiyeu
nhatrang
nhbajyjdf
nhbrjkjh
nhbujyjvtnhbz
nhbybnhjnjkejk
nhbybnhjy
nhbyflwfnm
nhecsyfujkjdt
nhfdeirf
nhfdf123
nhfdvfnjkju123
nhfkbdfkb
nhfnfnf1
nhfrnjhbcn
nhfukjlbn
nhfvfljk
nhfvgfvgfv
nhfycajhvfnjh
nhfycajhvfwbz
nhfycajhvth
nhfycajhvths
nhfycrhbgwbz
nhfycthabyu
nhfypbcnjh
nhfypbcnjh22
nhfyrdbkbpfnjh
nhjabvjd
nhjabvjdf
nhjbwrfz
nhjgbyrf
nhjkmnhjkm
nhjukjlbn
nhjynhjy
nhl73sjs
nhojnhoj
nhteujkmybr
nhtnmzrjd
nhtnmzrjdf
nhy65tgb
nhy67ujm
niagara1
niamniam
nibelung
niblick4
nicaragu
nicaragua
nice3nos
nice4iter
niceass1
nicebutt
nicecock
nicefeet
nicegirl
niceguy1
nicelady
nicelegs
nicenice
niceone1
niceones
nicepuss
nicerack
niceshot
nicetits
nicework
nicglobal
nichelle
nichepass
nichola1
nicholas
nicholas0
nicholas01
nicholas1
nicholas10
nicholas11
nicholas12
nicholas123
nicholas13
nicholas17
nicholas23
nicholas3
nicholas9
nicholas99
nichole1
nicholes
nicholle
nicholls
nicholso
nicholson
nick0213
nick1234
nick1234-rem936
nick1979
nick1984
nick1993
nick1995
nick1997
nick2000
nick6425
nickcage
nickcarter
nickcave
nicke123
nickelbe
nickelch
nickeldo
nickelfi
nickelodeon
nickelpe
nickelro
nickeltr
nickfury
nickgree
nickisdick
nickjonas
nicklaus
nicknack
nickname
nicknick
nickolai
nickolas
nicksdad
nicksfun
nickster
nicky123
nickyboy
nicodemu
nicodemus
nicola69
nicolas1
nicolas12
nicolas2
nicolas7
nicolas9
nicolase
nicole00
nicole01
nicole05
nicole06
nicole07
nicole10
nicole11
nicole12
nicole123
nicole1268
nicole13
nicole15
nicole16
nicole17
nicole18
nicole19
nicole21
nicole22
nicole23
nicole25
nicole33
nicole69
nicole76
nicole77
nicole99
nicoleta
nicolett
nicoletta
nicolette
nicolina
nicoline
nicolino
nicolle1
niconico
nicotera
nicotine
nicrasow212
nictest2
niebieski
nienburg
nietzche
nietzsch
nietzsche
nieuport
niewiem1
nigel123
niger123
nigeria1
nigerian
nigga101
nigga123
nigger12
nigger123
niggers1
niggertoe
night123
night167
nightclub
nightcra
nightcrawler
nightelf
nighteyes
nightfal
nightfall
nightfire
nightfly
nighthaw
nighthawk
nightime
nightingale
nightlif
nightlife
nightman
nightmar
nightmare
nightmare1
nightowl
nightrai
nightrid
nightrider
nightsha
nightshade
nightshift
nightsky
nightsta
nightstalker
nightstyle
nighttim
nighttra
nighttrain
nightwat
nightwatch
nightway
nightwin
nightwing
nightwis
nightwish
nightwol
nightwolf
nihao123
niharika
nihilism
nihilist
nihon200
nihongo1
nihonjin
nihonto1
nijinsky
nijmegen
nika1234
nika1999
nika2001
nika2002
nika2003
nika2005
nika2010
nikanika
nikaragua
nike1234
nike3569
nike6453
nikegolf
nikenike
nikepuma
nikeshoe
niketown
nikiforov
nikiforova
nikiniki
nikita01
nikita02
nikita03
nikita05
nikita07
nikita08
nikita10
nikita11
nikita12
nikita123
nikita1234
nikita13
nikita16
nikita17
nikita18
nikita1988
nikita1989
nikita1991
nikita1992
nikita1994
nikita1995
nikita1996
nikita1997
nikita1998
nikita1999
nikita200
nikita2000
nikita2001
nikita2002
nikita2003
nikita2004
nikita2005
nikita2006
nikita2007
nikita2009
nikita2010
nikita2011
nikita23
nikita28
nikita65
nikita73
nikita77
nikita777
nikita90
nikita91
nikita92
nikita93
nikita94
nikita95
nikita96
nikita9609595982
nikita97
nikita98
nikita99
nikitalox
nikitanikita
nikitapwnz
nikitenko
nikitina
nikitos25
nikitosik
nikki101
nikki123
nikki143
nikki420
nikki555
nikkiblack
nikkicox
nikkide41
nikkidog
nikkiers
nikkilee
nikkinik
nikkisixx
nikniknik
niko1234
nikola123
nikolaenko
nikolaev
nikolaeva
nikolaevich
nikolaevna
nikolai123
nikolanik
nikolaos
nikolasha
nikolaus
nikolay9
nikole22
nikolenko
nikolina
nikolo125
nikolozi
nikon456
nikond300
nikond80
nikond90
nikoniko
nikonova
niktamer
nikulina
nikulino
nikylina
nileriver
nilknarf
nilpferd
nilsatis
nimajneb
nimbus33
nimfadora
nimitz68
nina1953
nina1968
nina1989
nina2010
ninabean
ninahart
ninanina
ninaricci
nineball
nineinch
nineinches
nineinchnails
nineiron
ninenine
ninerfan
niners49
nineteen
ninetynine
ningning
ninja001
ninja007
ninja123
ninja3000
ninja600
ninja777
ninja900
ninjaboy
ninjacat
ninjadude
ninjalike
ninjaman
ninjamonkey
ninjaninja
ninjawarz
ninjazx6
ninjazx7
ninjazx9
ninjitsu
ninjutsu
ninochka
ninomiya
ninonino
nintend0
nintendo
nintendo1
nintendo123
nintendo64
nintendods
nintendowii
nipple69
nipples1
nipples5
niranjan
nirvana1
nirvana2
nirvana21
nirvana3
nirvana7
nirvana8
nirvana9
nirvanaa
nirvanas
nisha123
nismo4me
nissan01
nissan03
nissan11
nissan12
nissan1234
nissan20
nissan24
nissan240
nissan240sx
nissan25
nissan30
nissan35
nissan350
nissan350z
nissan92
nissan97
nissan98
nissan99
nissanse
nissanskyline
nisseman
nistelrooy
nitefall
nitehawk
nitelife
nitelite
nitemare
nitenite
nitetime
nitewing
nitlion14
nitnit69
nitochka
nitram66
nitrates
nitro123
nitro155
nitro700
nitro883
nitrodude14
nitrogen
nitrous1
nitschke
nittany1
nittany2
nittfagm
niva1234
niva21213
nivek123
nixanepi
nizhnekamsk
nizmo400r
nj111174
njd95scc
njdevil1
njdevils
njhn1234
nji90okm
njkcnjgep
njkjoehs
njkmrjjlby
njkmrjlkzvtyz
njkmznnb
njrfhtdf
njxrfrbgtybz
nk123456
nk250785
nkoke000
nlbmprov
nldauwz8
nloptics
nloq_010101
nls302en
nmexchex
nmmigrat
nmminmmi
nmmkcert
nmnmnmnm
nmnt7tw6
nmpgmgrp
nmsu2000
nmwhiteb
nn123456
nn345123
nn8n8bn8bn8b
nnfcfynjh
nnjjswat
nnmaster
nnnnnn99
nnnnnnn1
nnnnnnnn
nnnnnnnnn
nnnnnnnnnn
nnoobboo
nnptc100
nntpsnap
no12trus
no1butme
no1knows
no1nosme
no1truth
noac0es0
noaccess
noah1234
noah2003
noah3042v2
noah8272
noahfish
noahnoah
noahsark
noanswer
nobility
nobody01
nobody10
nobody66
nobodyknows
nobodynobody
nobuhiko
nobunaga
nochance
nocharge
nochnik104
nocturna
nocturnal
nocturne
nodataincolumn
nodenial
nodoubt1
noelleon
noelnoel
nofuture
nofxnofx
nogueira
nohack04
nohanada
nohitter
noiprocs
noisette
nokia000
nokia1100
nokia123
nokia1234
nokia12345
nokia1600
nokia1994
nokia1995
nokia1997
nokia2010
nokia2600
nokia2630
nokia2700
nokia2730
nokia3100
nokia3110
nokia3120
nokia3200
nokia321
nokia3210
nokia3220
nokia3230
nokia3250
nokia3310
nokia3500
nokia3510i
nokia447
nokia5110
nokia5130
nokia5200
nokia522
nokia5228
nokia5230
nokia5250
nokia530
nokia5300
nokia5310
nokia5320
nokia5500
nokia5530
nokia5555
nokia5610
nokia5700
nokia580
nokia5800
nokia6020
nokia603
nokia6085
nokia611
nokia6120
nokia6131
nokia621
nokia6220
nokia623
nokia6230
nokia6230i
nokia6233
nokia6234
nokia6260
nokia6270
nokia6288
nokia6290
nokia630
nokia6300
nokia6303
nokia6500
nokia660
nokia6600
nokia6610
nokia6610i
nokia6630
nokia6680
nokia6681
nokia6700
nokia7070
nokia7210
nokia7610
nokia777
nokia821
nokia8210
nokia8800
nokia8910
nokia9595
nokiadermo
nokiae50
nokiae51
nokiae52
nokiae65
nokiae66
nokiae71
nokiae72
nokian70
nokian72
nokian73
nokian76
nokian78
nokian79
nokian80
nokian81
nokian82
nokian85
nokian93
nokian95
nokian97
nokiangage
nokianokia
nokiatve71
nokids80
nola1985
nolanola
nolasaints
nolder777
noles123
nolimit1
nolimit2
nolimit3
nolimit4
nolimit5
nolimit6
nolimit8
nolimit9
nolimits
nolonger
nolovefound
nomad123
nomad4017
nomatter
nomeacuerd
nomeacuerdo
nomer111
nomercy1
nomommy123
nomopco1
nomorenavy
non-stop
noname12
noname123
noncapa0
noncapa09
nondriversig
none1234
nonenone
nonesuch
nonmembe
nononono
nonpoint
nonrev67
nonsense
nontoxic
noobnoob
noobsaibot
noodlebu
noodles1
noodles2
noogi4uw
nookie12
nookie22
nookie69
noonehackme
nooneknows
nooonooo
nopasaran
nopasswo
nopasswor
nopassword
nopenope
noplease
noproble
noproblem
noranora
norbert1
norberto
norcross
nordberg
nordeast
nordique
nordkapp
nordland
nordnord
nordstro
nordwest
nordwind
noreason
noregrets
noremorse
norfolks
norgaard
norgerat
norinori
norkapril4
norm1066
norm1234
norma696
normajea
normajean
norman10
norman11
norman12
norman22
norman83
norman88
norman98
normandi
normandie
normandy
normanza
normin2000
normnorm
noronoro
noroton5
norris13
norseman
norsemen
norsky01
north123
north2000
northampton
northbay
northcot
northeas
northend
northern
northern1
northfac
northface
northfield
northgate
northland
northman
northpol
northpole
northsho
northshore
northsid
northside
northsta
northstar
northstars
northwes
northwest
northwoo
norton12
norton20
norton69
norvegia
norway69
norwegen
norwegia
norwegian
norwich1
nosaints
nosdivad
nose8422
nosecret
nosedive
nosehair
nosenose
nosfera2
nosferat
nosferatu
nosferatum
nosforeverever
nosleep8
nosmokin
nosmoking
nosnibor
nosotros
nosoup4u
nosredna
nostalgi
nostrada
nostradamus
nostress
nostromo
not24get
not2hard
not36sop
not4long
not4u2no
not_needed
notabene
notagain
note1234
notebook
notebook1
notforyo
notfound
nothacked
nothanks
nothing0
nothing1
nothing123
nothing2
nothing4
nothing7
nothing8
nothing9
nothingg
nothings
notika55
notlimah
notmynam
notoriou
notorious
notreall
notreally
notredam
notredame
notredame1
notright
notrust1
notsimpl
nottelli
nottelling
nottingh
nottingham
nottingham1
nottoday
notvalid
notyours
noumenal
nounours
nouveaux
nouvelle
nova74100
novalogic
novamike
novanova
novartis
novastar
novation
novell99
november
november1
november10
november13
november18
november2
november21
november23
november28
november3
november8
novembre
novgorod
noviembr
noviembre
novifarm
novikova
novoseli
novoselie
novosibirsk
novusnovus
nowak102
noway123
nowayin7
nowayjos
nowayman
nowayout
nowisthe
nowitzki
nownownow
nowornev
noworrie
nowwowtg
nperdomo
npg36e8f5
nportman
nprotect
npvkytbb
npw4u2ba
nqqk2614
nqz12jjc
nra4ever
nrfxtyrj
nropnrop
nsevents
nsnabh76
nstr23780
ntcnjtljd
ntfsdrct
ntgkjdbpjh
ntgkjdjp
nthbnjhbz
nthgtybt
nthhbnjhbz
nthhjhbcn
nthjhbcn
nthk12345
nthtvjr1
nthvbyfk
nthvbyfnjh
nthvbyfnjh2
ntktajy1
ntktajyxbr
ntktdbpjh
ntktdbpjh1
ntktdbpjh1994
ntktgepbr
ntlworld
ntnhflmcvthnb
ntrance1
ntrnjybr
ntserver
ntuhtyjr
ntvbhkfy
ntvf1994
ntvfntvf
ntvgthfnehf
nu18elsz
nuaddn9561
nuance20
nubastish
nuclear1
nudebeac
nudegirl
nudegirls
nudelamb
nudenude
nudepics
nudeteen
nudity36
nuey199300
nufc1892
nufcnufc
nufire02
nugget123
nuggets1
nugran78
nuisance
nukenuke
nukunuku
nullma21
numanuma
number01
number10
number11
number12
number14
number20
number21
number22
number23
number25
number27
number33
number34
number41
number42
number44
number55
number666
number69
number77
number99
numberon
numbnuts
numeric1
numlocks
nummedal
nummer10
nuncateolvidar
nunununu
nunyabiz
nuo725xx
nupe1911
nuqneh81
nuqnehmf
nuqyihyz85
nurbolat
nuriddin
nurik4850
nurik9595
nurnberg
nurregulle95
nurseboy
nursing1
nursultan
nusha123
nusha2011
nussbaum
nutcracker
nutella1
nuthatch
nuthouse
nutmeg69
nutritio
nutrition
nuts2you
nutsack7
nutshell
nutsnuts
nutter12
nuttertool
nuttertools
nuttertools1
nuvolari
nuzha333
nv0905198516
nved3tkp
nves0vk813
nvu64gad
nwcfafnir
nwcpodracer
nwcthotho
nwctrinity
nweltuw7
nwo4life
nygiants
nyisles1
nyjets84
nyknicks
nylonleg
nylonman
nylons69
nymets01
nymets12
nymets86
nymphetamine
nymphets
nynynyny
nypdblue
nyranger
nyrangers
nyuinves
nyuknyuk
nyyankee
nyyankees
nzceg251
nzcydaet14
nzuu4pn89j
o0986699983
o0i9u8y7
o0o0o0o0
o1234567
o123456789
o1l2e3g4
o1l2g3a4
o1o2o3o4
o1o2o3o4o5
o2levell
o4izdmxu
o63bcxms
o83bjj1rzq
oakbrook
oakcliff
oakenfol
oakenfold
oakfield
oakgrove
oakhurst
oakland1
oakland2
oaklands
oakleigh
oakley34
oakridge
oakville
oap9uto293
oasaasll
oasis101
oasis123
oathayra
oatmeal1
ob1canob
ob22ten6
obafgkmp
obayojie
obbqpwr265
oberdorf
obfuscat
obi1kenobi
obituary
obiwan98
objection
oblivion
oblivion1
obnoxious
oboroten
obrigado
observer
obsessed
obsessio
obsession
obsidian
obsolete
obstacle
obvious1
oc247ngucz
oc80969496479
occash69
ocean123
ocean200
oceanbea
oceanblu
oceanblue
oceancit
oceancity
oceans11
oceansid
oceanside
oceansoul
oceanvie
ochorios
ocmanage
oconnell
ocopscn9
ocracoke
octagona
octavian
octavius
october0
october1
october10
october11
october18
october19
october2
october23
october26
october27
october28
october3
october30
october31
october4
october5
october6
october7
october8
october9
octogene
octombrie
octopus1
octopuss
octopussy
oculus12
od169414
odbcconf
odbcinst
oddball1
oddballs
oddjob00
oddworld
oded99aa
oded99aa2
odemokpa
odenplan
oderofein
odessa123
odessa44
odessamama
odessamama69
odessarostov
odessey1
odetojoy
odgez8j3
odieodie
odinochestvo
odinodin
odinokiy
odinthor
odiputse
odnanref
odnetnin
odnoklasniki
odnoklassniki
odonnell
odranoel
odrfc200
odt4p6sv8
odunlami
oduvanchik
odysseus
odz1w1rb9t
oeaccess
oedipus1
oemiglib
oettinge
ofaznpri
ofclr278
ofcourse
offenbac
offering
office12
office13
officema
officer1
officers
official
officina
officine
offshore
offsides
offsprin
offspring
offthewall
oficinag3
ofxxxpor
ogallala
ogamiito
ogetsqq1
oggy0101
ognimcm5615
ogonek2103
ogreogre
ogunquit
ohbehave
ohboy123
ohcanada
ohhs3233
ohio1240
ohioohio
ohiostat
ohiostate
ohiostate1
ohmss101
ohmyberry
ohmygod1
ohmygosh
ohnoohno
ohplease
ohshit11
ohyeah69
ohyesbab
oiauerk39
oicu8122
oilers99
oilfield
oilslick
oinkoink
ointment
oioioioi
oiraserp
oistrakh
oiv3bh7356
ojp123456
ok123456
okavango
okayokay
okcomput
okcomputer
okeechob
okeedoke
okeedokee
okemo123
okeydokey
okidoke1
okidoki1
okidokie
okie1234
okinawa1
okk34125
oklahoma
oklahoma1
oklaokla
okletsgo
okmijnuhb
okmnjiuhb
okokokok
okroshka
oksana123
oksana13
oksana1975
oksana1976
oksana1988
oksana1991
oksana1993
oksana1995
oksana2011
oksana25
oksana78
oksana82
oksana88
oksana89
oksanamalushka
oksano4ka
oksanochka
oktavian
oktober1
oktober2
oktober7
okysstoy
ola12345
oladimej
oladunni
olafolaf
olajuwon
olakemas8
olalekan
olanrewaju
olaolaola
olavolav
olayinka
olcrackmaster
old9puts
oldbitch
oldenbur
oldengli
oldfield
oldforge
oldfrien
oldguard
oldhouse
oldman27
oldnavy1
oldpussy
oldschoo
oldschool
oldskool
oldsmobi
oldsmobile
oldspice
oldstork
oldstuff
oldstyle
oldtimer
oldtrafford
oldtruck
oldwomen
oldyelle
oleander
oleaut32
olebrumm
oledb32r
oledb32x
oledbjvs
oledbvbs
oleg121096
oleg1234
oleg12345
oleg123456
oleg1963
oleg1964
oleg1965
oleg1966
oleg1967
oleg1968
oleg1969
oleg1970
oleg1972
oleg1973
oleg1974
oleg1975
oleg1976
oleg1978
oleg1979
oleg1980
oleg1982
oleg1983
oleg1984
oleg1985
oleg1986
oleg1987
oleg1988
oleg1989
oleg1990
oleg1991
oleg1992
oleg1993
oleg1994
oleg1995
oleg1996
oleg1997
oleg1998
oleg1999
oleg2000
oleg2002
oleg2004
oleg2009
oleg2010
oleg2011
olegator
olegdivov
olegnaruto
olegoleg
olegovich
olegovna
olegstan1980
olegsuper
oleh1994
olek122333400
oleksander
oleksandr
oleksandra
olemiss1
olemiss9
olenka88
olesya1984
olexandr
olga1234
olga12345
olga151275
olga1952
olga1958
olga1960
olga1962
olga1964
olga1966
olga1968
olga1969
olga1970
olga1971
olga1972
olga1973
olga1974
olga1975
olga1976
olga1977
olga1978
olga1979
olga1980
olga1981
olga1982
olga1983
olga1984
olga1985
olga1986
olga1987
olga1988
olga1989
olga1990
olga1991
olga1994
olga1995
olga2002
olga2005
olga2010
olga2011
olga2012
olga221189
olgaolga
olietjoc
olietmic
olimpiada
oliphant
oliveira
oliveoil
oliveoyl
oliver007
oliver01
oliver06
oliver10
oliver11
oliver12
oliver123
oliver13
oliver19
oliver20
oliver22
oliver33
oliver44
oliver69
oliver77
oliver88
oliver93
oliver99
oliverio
olivette
olivetti
olivia02
olivia12
olivia69
olivia99
olivier1
olivier2
olivier9
oliviero
oljaivanova
olk98usr
olleolle
ollidrac
ollie123
olliecat
olliedog
ololo111
ololo123
ololo666
ololoololo
olongapo
olusegun
olya1984
olya1987
olya1988
olya1992
olya1996
olya2010
olyaolya
olympia1
olympiak
olympiakos
olympian
olympics
olympiqu
olympus1
omar1994
omardog77
omardogg
omaromar
ombretta
omega000
omega001
omega123
omega200
omega666
omega777
omega999
omegaman
omegamircolaura
omegaome
omegaone
omegapsi
omegared
omelchenko
omelette
omelo198
omenomen
omerremo
omfgomfg
omfgowned
omgkremidia
omglolomg
omgnoway
omgomgomg
omgtkkyb
omgwtfbbq
omicron1
omisalj0
omisalj2
omni3200
omniomni
omnislash
omo4live
omokunle
omphalos
omsairam
omshanti
omtatsat
omytvc15
onceagai
oncemore
oncology
ondemand
one1two2
one23456
one2many
one2thre
one2three
one4five
oneallah
oneandon
onedarefm
onedirectio
onehunga
onelove1
onelove2
onelove4
onelove7
onelovekv9293
oneman66
onemillion
onemonth
onemoret
onemoretime
onenight
oneone11
oneoneon
oneonone
oneortwo
onepiece
ones5500
onetime1
onetouch
onetreehill
onetwo12
onetwo34
onetwoth
onetwothree
oneunder
oneworld
onimusha
onistire
onkeltom
online01
online11
online12
online123
online99
onlinede
onlinejob
only4porn
only4you
onlyelit
onlyelite
onlyforme
onlyforyou
onlyjeep
onlylove
onlymine
onlyonce
onlyone1
onlyone4
onlyone4-myxworld
onlytest
onlyuse8
onmymind
onrop123
onslaugh
onslaught
ontario1
onthefloor
ontheoutside
ontheroa
ontheroad
ontheroc
ontherock
ontherocks
ontherun
ontology
onurtitz
onwiscon
onyxonyx
oogaboog
oogabooga
ooglyoogly
ooicu812
ooievaar
ooookkkk
oooooo2000
oooooo99
ooooooo1
oooooooo
ooooooooo
oooooooooo
oooopppp
ooxhe2jb
op100403
op720129
oparopar
opel1234
opelagila
opelastr
opelastra
opelcors
opelcorsa
opelkadet
opelomega
opelopel
opeltigra
opelvectra
open1234
open8631
opencure
opendoor
openfire
opengate
openhead
openloop
openmind
opennow1
openopen
opensays
opensaysme
opensesa
opensesame
opensezm
opensezme
openthedoor
openupno
openupnow
openwide
opera100
opera123
operandi
operater
operatio
operation
operations
operator
operator1
opermjap
operoper
opestarxoz
ophelia1
opium123
opium1984
opium451
opopop11
opopopop
opp12z12
opportun
opportunity
opposite
optical1
optician
optimaek
optimist
optimus1
optimusprime
option12
optional
optionaldirs
options1
optiplex
optiques
optiquest
optonlin
opus2000
opusdeijunior
opusopus
oqglh565
or8652ca
oracle11
oracle12
oracle99
oracleclient
oraloral
orange01
orange05
orange10
orange11
orange12
orange123
orange13
orange14
orange17
orange19
orange20
orange21
orange22
orange23
orange24
orange25
orange36
orange44
orange45
orange55
orange56
orange58
orange66
orange69
orange73
orange74
orange77
orange82
orange88
orange99
orangeca
orangeju
orangejuice
orangema
orangeman
orangeme
oranges1
oranges2
oranges5
oranggila
orangina
orangutan
orca6686
orcaorca
orchestr
orchidea
orchidee
ordenador
ordinate
ordinateu
ordinateur
ordnance
orelorel
orenburg
orenthal
orentodd
oreo1234
oreocookie
oreooreo
organist
organize
orgasmic
orgoglio
orhideya
oriental
orientepetroler
orientir
oriflame
origami1
original
original1
orioles1
orioles8
orion007
orion111
orion123
orion333
orion666
orion777
orionm42
orionori
orionpax
orionsbelt
oriskany
orkiox.5
orlando1
orlando12
orlando2
orlando5
orlando8
orlando9
orlangur
ormskirk
ornament
ornitorrinco
oroblram
oroboros
orochimaru
orochimaru1991
orologio
orpheous
orquidea
orrville
orthodox
orthoman
orthopod
orville1
orwell1984
orwell84
osachoff
osborne1
osbourne
osca12rs
oscar007
oscar100
oscar101
oscar123
oscar200
oscarboy
oscarcat
oscardog
oscarito
oscarman
oscarosc
oscarpie
oscarwilde
osdi2004
osedjuse
osetrova
osgood30
oshkosh4
oshoosho
osiris45
oskar123
osleeper
osolemio
osoznanie
osprey12
ostapenko
osterhas
osterhase
osterman
ostern19
ostertag
osubucks
osulliva
oswego96
otaku1989
othello1
othello2
otherone
othersid
otherside
otisdog1
otisizim
otismilo
otisotis
otmorozok
ottensen
otterman
otterpop
ottffsse
ottleben
ottootto
otvertka
ou18gnt0
ou812222
ou812345
ou8124me
ou812515
ou8125150
ou812huh
ou812icu
ou812ou8
ou812ou812
ouachita
ouchouch
oumkaeu0
ouousese
ourbusiness
ourhouse
ourmoney
ousandyou
ousooner
oustyles
outatime
outback1
outboard
outbound
outbreak
outcast1
outdoors
outfield
outhouse
outkast1
outkast6
outlande
outlander
outlaw12
outlaw13
outlaw17
outlaw18
outlaw71
outlaws1
outlawstar
outlawz1
outlawzz
outlook1
outoutout
outr1g0o
outrageous
outreach
outrider
outrigge
outside1
outside2
outsider
outsiders
outstand
outthere
outvader
outworld
ovaltine
ovation1
ovchinnikov
ovechkin
ovechkin8
oven1978
over1944
overboard
overcome
overdale
overdose
overdriv
overdrive
overfien
overflow
overhaul
overhead
overhill
overijse
overkill
overkill1
overland
overload
overlook
overlord
overlord2
overmars
overmind
overnite
overover
overpass
override
overseas
overseer
oversize
overtime
overture
overview
overwhelming
ow8jtcs8t
ow937htd
owatonna
owen2014
owen4152
owenhart
owerri11
owieczka
owlsowls
ownage11
ownage123
owned123
ownyoual
oxpahhuk
oxygen69
oxymoron
oyrcuyi581
ozlq6qwm
ozoju7167
ozolinsh
ozymandi
ozymandias
ozzconej
ozzie123
ozziedog
ozzmosis
ozzy1998
ozzyozzy
p0015123
p00hbear
p00ntang
p00pp00p
p0123456
p030710p$e4o
p0cadbyb
p0d0lski
p0lkad0t
p0o9i8u7
p0o9i8u7y
p0o9i8u7y6
p0oooo00
p0p0p0p0
p0pmagicwd*
p0rnlove
p0rnostar
p0rnp0rn
p0rnpass
p0rnstar
p0tl8dje
p1059135
p120155b
p1234567
p123456789
p1478147
p163758j
p1959n1984x
p19810626
p1a13k82
p1a2n5d0
p1a2s3s4
p1ngp0ng
p1nkb178
p1nkfloyd
p1s1cuta
p1tamora
p1vo123456
p28102006
p2imping
p2mask2y
p2ssw0rd
p31415926
p33kab00
p3ac0ck2
p3avbwjw
p3corion
p3i2p1p3i2p1
p3nnywiz
p3shopping
p438616275
p44sq9669
p455w0rd
p455word
p471515p
p4ssw0rd
p4ssword
p51musta
p51mustang
p51n1ap4
p5kplc1600
p5mdrmhs
p8009144
p8sk7qrg7z
p8ssw0rd
p9ujkuf36d
p@$$w0rd
p@ssw0rd
p@ssword
pa$$w0rd
pa$$word
pa0704196
pa1ub65udd
pa22word
pa230227
pa33w0rd
pa33word
pa44w0rd
pa44word
pa55w0rd
pa55wor7
pa55word
pa717935
paasche2
paashaas
pablo123
pacalove
pacemake
pacers31
pacesett
pachanga
pachinko
pacific1
pacific2
pacific8
pacifica
pacifico
pacifier
packages
packard1
packardb
packardbell
packards
packers1
packers12
packers2
packers4
packers6
packers7
packers9
packman1
packmule
packs296
packwood
packword
pacman12
pacman13
pacoloco
pacopaco
pacopant
pacosant
pacotaco
paddingt
paddington
paddler1
paddler2
paddling
paddonak
paddy123
paderborn
padoncheg
padres19
paganini
paganizonda
paganman
pagedown
pagefile
pahasapa
paige123
pailhead
painfull
painislove
painkill
painkiller
painkotter
painless
painpain
paint123
paintbal
paintball
paintball1
paintbrush
painter1
painter99
painterm
painters
painting
paintman
paipaipa
paisanos
paiteamo
pajarito
pajeroio
pakalolo
pakipaki
pakistan
pakistan1
pakistan12
pakistan123
pakistan786
pakistani
palace22
palacios
paladin0
paladin1
paladin123
paladin2
paladin3
paladin4
paladin5
paladin6
paladine
paladino
paladino30
paladins
paladium
palamino
palantir
palapala
palatine
paleface
palefire
palehors
palembang
palencia
palenie16
palenque
paleride
palermo1
palestin
palestina
palestine
palestra
palghat123
palidhje
palindro
palisade
palladin
palladio
palladiu
palladium
pallavolo
pallmall
palmbeac
palmdale
palmeira
palmeiras
palmerst
palmetto
palmpilo
palmsche
palmtree
paloalto
paloma123
palomino
palomita
palpatin
palpatine
pamapama
pamela00
pamela01
pamela11
pamela12
pamela22
pamela69
pamelarafter
pammysue
pamplona
pampusik
pan15272
pan27043
panacea1
panachry
panadero
panaflex
panagiotis
panama12
panama99
panameno
panamint
panasenko
panasoni
panasonic
panasonic1
panasonic2
panasonik
panasync
panavisi
pancake1
pancakes
pancakes1
panchenko
panchita
panchito
pancho12
pancrase
pancreas
panda123
pandabea
pandabear
pandacat
pandaman
pandanda
pandapanda
pandas12
pandemic
pandemon
pandemonium
pandora1
pandora2
pandora4
pandora6
pandora7
pandora8
pandora9
pandoras
pandorax
pandorra
panerai1
panfilova
pangolin
pangpang
panhandl
panheadz
panicker
paninaro
panipuri
pankhoy1
pankihoy
panorama
panorami
pantalon
pantbond
panteleeva
pantera1
pantera123
pantera2
pantera3
pantera4
pantera5
pantera6
pantera9
panteras
panterax
panterka
panterra
pantheon
panther0
panther1
panther2
panther3
panther4
panther5
panther6
panther7
panther8
panther9
panthera
panthers
panthers1
panthose
panties1
panties2
panties3
panties4
panties6
panties7
pants123
pantyboy
pantyhos
pantyhose
pantyman
panzer11
panzer12
panzer44
panzer45
panzer69
panzer80
panzer88
panzer999
paola123
paoletta
paolo123
paolopaolo
papa1234
papa2000
papa411368
papabear
papacaca
papachub1
papacito
papagaio
papagena
papageno
papajoes
papajohn
papakarlo
papalima
papamama
papamike
papanata
papapapa
papapppp
papapump
paparazi
paparazz
paparazzi
paparoach
papas111
papasa123
papasito
papasmrf
papasmur
papasmurf
papasova
papatiti
paper123
paperback
paperbag
paperboy
paperchase
papercli
paperclip
papercup
papercut
paperhea
paperino
paperman
papermat
papermate
papermate1
paperone
papichul
papichulo
papilion
papillio
papillon
papipapi
papirosa
papirrin
papochka
papoelli
papone90
papounet
pappnase
paprika1
paquette
para2000
parabellum
parabelum
parabola
parabola1
paracels
paracetamol
parachut
parachute
paradice
paradidd
paradiddle
paradidl
paradies
paradigm
paradigma
paradis1
paradise
paradise1
paradiso
paradist
paradize
paradoks
paradox1
paradox2
paradoxx
paraffin
parafuso
paragon1
paragraf
paraguay
parakeet
paraklast1974
paralegal
paralelepiped
paralelepipedo
parallax
parallel
paramaribo
paramedi
paramedic
parameters
parametr
paramonov
paramonova
paramore
paramore1
paramoun
paramount
paranoia
paranoid
paranoik
paranoja
paranormal
paranoya
parapara
parasite
paraskev
parasolka
parasuta
paratech
parathyr
paratroo
paravion
paraziti
parcells
pardonme
parfilev
pariah12
pariente
paris123
paris200
paris750
pariscat
parisfal
parisfrance
parisher
parishilton
parisien
parispar
parisparis
parkcity
parkdale
parker01
parker02
parker10
parker11
parker12
parker123
parker13
parker20
parker99
parkhead
parkhill
parking1
parkinson
parkit05
parkland
parklane
parklife
parkour123
parkpark
parkplac
parkplace
parkplatz
parkside
parkston
parkview
parkwood
parlament
parlance
parlante
parliame
parliament
parliament12345
parmalat
parol123
parol12345
parol1995
parol666
parol777
parol999
parola111
parola12
parola123
parolame
parolamea
parolanet
parolata
paroli123
parolparol
paroparo
parousia
parrothd
parrothe
parrothead
parrotia
parrotts
parsifal
partagas
partenit
parthree
particle
partisan
partizan
partizan1
partner1
partner5
partners
partridg
partridge
partsman
parttime
party123
partyboy
partygir
partyguy
partyhar
partykid
partyman
partytim
partytime
parusnik
parvathi
parzival
pas5word
pasadena
pasapasa
pasarica
pascal01
pascal11
pascalbe
pascale1
pascalin
paschall
pascolan
pasd5dxz
pasha100
pasha123
pasha1974
pasha1980
pasha1988
pasha1990
pasha1991
pasha1992
pasha1996
pasha1998
pasha2000
pasha2010
pashademon
pashapasha
pashenka
pashkova
pasodoble
pasolini
paspartu
pasquale
pass0000
pass1000
pass1212
pass1234
pass12345
pass123456
pass1525
pass1784
pass1821
pass1wor
pass1word
pass2000
pass2002
pass2005
pass2010
pass2012
pass2wor
pass2word
pass5678
pass6878
pass9999
pass_hkd
pass_rrewq
passagen
passager
passages
passat99
passatb3
passbull
passcode
passcode1
passcord
passenger
passepar
passepas
passerby
passfind
passfree
passhere
passion1
passion2
passion3
passion6
passion7
passion8
passiona
passionate
passione
passions
passiton
passking
passline
passmark
passmast
passmaster
passmein
passmore
passord1
passover
passowrd
passp0rt
passpage
passpass
passport
passport1
passport2
passssap
passswor
passsword
passtemp
passtest
passthie
passthief
passthis
passthru
passtime
passtrader
passuser
passvord
passw0rd
passw0rd.
passw0rd1
passw3rd
passward
passwd01
passwd12
passwd123
passwerd
passwoid
passwolf
passwor1
password
password!
password.
password0
password00
password01
password02
password07
password09
password1
password1!
password10
password101
password11
password12
password123
password1234
password12345
password13
password14
password15
password18
password19
password1981
password2
password20
password2000
password2002
password2009
password2010
password2011
password21
password22
password23
password27
password29
password3
password31
password321
password33
password36
password4
password41
password420
password45
password5
password55
password56
password6
password65
password66
password666
password69
password7
password77
password777
password79
password8
password83
password85
password88
password89
password9
password91
password92
password93
password99
password999
password@123
passwordassword
passwordd
passworddrowssap
passwordp
passwordpassword
passwordpnb
passwords
passwordsex
passwordss
passwordstandard
passwordx
passwork
passworld
passwort
passwort1
passwprd
passwrod
passwurd
passzone
pasta123
pastaboy
pastoral
pastoriu
pastorius
pastrami
pastrana
pasttime
pastuhov
pastures
pastword
pasvince
paswoord
pasword1
pat12345
pat250fe
pat8019l
patagoni
patagonia
patapata
patapouf
patate21
patatina
patch123
patchdog
patches1
patches2
patches5
patches7
patches9
patchess
paterson
pathetic
pathfind
pathfinder
pathmark
pathogen
patholog
pathways
patience
patience1
patitofeo
patlabor
patoloco
patologia
patoluca
patopato
patpatpa
patriarc
patrice1
patrice2
patrici1
patricia
patricia1
patricio
patrick0
patrick01
patrick1
patrick10
patrick11
patrick12
patrick123
patrick17
patrick18
patrick2
patrick21
patrick22
patrick23
patrick24
patrick3
patrick4
patrick44
patrick5
patrick6
patrick69
patrick7
patrick8
patrick9
patrickb
patrickd
patrickj
patrickk
patrickm
patricks
patrik12
patriot0
patriot1
patriot123
patriot2
patriot8
patriots
patriots1
patriots12
patrisha
patrizia
patroclo
patronus
patrycja
patrycja1
patterns
patterso
patterson
patton45
patty123
patty797
pattyann
pattypat
paul0001
paul0742
paul1228
paul1234
paul2000
paula123
paula13e
paulaner
paulchen
paulding
paulette
pauliina
paulina1
pauline1
pauline2
pauline7
paulinha
paulinho
paulinka
paulinka1
paulista
pauljohn
paulking
paulo123
paulpaul
paulsmit
paulstan
paulvandyk
pausebreak
pavaroso
pavarott
pavarotti
pavel123
pavel1980
pavel1988
pavel1994
pavel1996
pavel1997
pavel1998
pavel1999
pavel777
pavelpavel
pavement
pavilion
pavilion1
pavillon
pavlakos
pavlenko
pavlodar
pavlograd
pavlota19
pavlovich
pavlusha
pawelek1
pawnbrok
pawnshop
paxton33
paxx1dog
paycheck
paycheck1
paycom013002
paymenow
payments
payroll1
payton20
payton34
pazzkrew
pazzword
pb00147565
pb757909
pbvf2010
pbvf2011
pbvf2012
pbvfktnj
pbyxtyrj
pc7fddmh
pcgamer1
pchealth
pciide0chann
pcremen2
pcrmcfnsoqw+
pcs210tf
pd28gl23
pdbrowse
pdf02764
pdmd62k1
pdtpljgfl
pdtpljxrf
pdtpljxtn
peabody1
peace007
peace123
peacefro
peaceful
peacelov
peacelove
peacemak
peacemaker
peaceman
peacenow
peaceout
peach123
peachbed
peachbus
peachdame
peacher1
peaches0
peaches01
peaches1
peaches2
peaches22
peaches3
peaches4
peaches5
peaches6
peaches7
peaches8
peaches9
peachess
peachfuz
peachtea
peachtre
peachtree
peachy23
peacock1
peakaboo
peanut01
peanut02
peanut10
peanut11
peanut12
peanut123
peanut23
peanut69
peanut78
peanut99
peanutbu
peanutbutter
peanuts1
peanuts2
peanutss
peanutts
peardoor
pearl100
pearljam
pearljam1
pearson1
peartree
peatmoss
pebbles1
pebbles2
pebbless
pechanga
pechenka
pecheurs
pechugas
peck1944
peck8765
peckerhe
peckerwo
peckerwood
pectopah
peculiar
ped78hun
pedalpum
peddler1
pederast
pedersen
pederson
pedestal
pedigree
pedobear
pedophile
pedrinho
pedro007
pedro123
pedro1234
pedrolucasmunhoz
pedroped
pedropedro
peeforme
peekab00
peekaboo
peekaboo1
peekapoo
peekskil
peepers1
peephole
peeppeep
peepshow
peerless
peewee01
peewee11
peewee13
peewee51
peg9gev7
pegasus1
pegasus2
pegasus6
pegasus7
peggy123
peggysue
peinture
peitsche
pekanidze12
pelageya
pelepele
pelham12
pelican1
pelicano
pelicans
pelle123
pelle1808
pellegrino
pellucid
pelotero
pelotudo
peluches
peluchin
pemb1234
pemberto
pemberton
pembroke
penb8563
penchair
pencil10
pencil12
pencouch
pendejo1
pendejos
pendes25
pendesk3
pendesk5
pendleto
pendoor1
pendrago
pendragon
pendulum
penelopa
penelope
penelope1
penepene
penetrat
penetrating
penetration
penetrator
penfield
penfloor
penfold1
pengoat5
penguin0
penguin1
penguin123
penguin2
penguin3
penguin4
penguin5
penguin6
penguin7
penguin8
penguin9
penguino
penguins
penguins1
penhorse
penhouse
peninsul
penis123
penishead
penisman
penispenis
penmouse
pennance
pennbill
penningt
pennington
pennstat
pennstate
penny123
penny444
pennydog
pennylan
pennylane
pennyone
pennypen
pennywis
pennywise
pennzoil
penoplast
pens7367
pensacol
pensacola
pensiero
pensioner
pensions
pentable
pentacle
pentagon
pentagram
pentecote
penthous
penthouse
pentium1
pentium2
pentium3
pentium4
pentium5
pentiums
pentland
penumbra
penwindo
penza58rus
penzance
people12
people123
peoplepc
peopleshit
pepe1234
pepelepe
pepeluch
pepeluis
pepepepe
peperone
peperoni
pepper00
pepper01
pepper02
pepper03
pepper04
pepper10
pepper11
pepper12
pepper123
pepper13
pepper14
pepper20
pepper21
pepper22
pepper23
pepper34
pepper44
pepper55
pepper69
pepper76
pepper77
pepper79
pepper90
pepper99
pepperca
pepperco
pepperdo
pepperdog
pepperma
peppermi
peppermint
pepperon
pepperoni
peppers1
peppydog
pepsi007
pepsi111
pepsi123
pepsi200
pepsican
pepsicol
pepsicola
pepsiiii
pepsikola
pepsiman
pepsimax
pepsinsx
pepsione
pepsipep
pequeapa
peranders
peraspera
perasperaadastra
percent7
percepti
perception
perceval
percival
percocet
percodan
percolate
percussi
percussion
percy123
perdurab
peregrin
peremena
perestroyka
peresvet
pereulok
perfcounter
perfect0
perfect1
perfect10
perfect2
perfect5
perfect6
perfect9
perfecta
perfectexploiter
perfecti
perfection
perfecto
perfects
perfectworld
perforat
perforator
performa
performance
performe
performing
perhonen
pericles
pericolo
perikles
perilous
periodon
periskop
periwinkle
perkasie
perkele1
perkins1
perkins8
permanen
permanent
permission
permissions
permitrs
permitss
pernambuco
pernilla
pernille
peropero
peroxide
perperikon
perpetua
perpetual
perpetuo
perrier1
perrito1
perritos
perro123
perroloco
perry123
persepho
persephone
persepol
pershing
persimmo
persimmon
persispal
persiste
persistent
persona1
personal
personal123
personals
personne
personnel
perspective
perspektiva
persuire
pertinant
peruaner
perugina
peruperu
peruvian
pervasive
perverse
perverso
pervert1
pervert6
perverte
perverted
pervertikal
perverts
pescador
pescator
peshawar
pestilen
pestipoo
petaluma
pete1234
pete1387
pete1924
petelino
petepass
petepete
peter001
peter007
peter010
peter100
peter111
peter123
peter195
peter196
peter2000
peter2009
peter222
peter321
peter666
peter888
peterbil
peterbilt
peterbui
peterbuilt
peterburg
petercar
petercri
peterete
petergun
peterman
peternor
peternorth
peternorth1
peterose
peterpan
peterpan1
peterpar
peterparker
peterpaul
peterpet
peterpeter
peterpiper
petersam
petersbu
petersburg
petersen
peterson
peterson1
petertes
petertje
petertosh
petewent
petewentz
peteyboy
petipier
petition
petra123
petrafan
petrarca
petrenko
petro12345
petroler
petroleu
petrolog
petronas
petronella
petroniu
petrosian
petrosyan
petrovi4
petrovic
petrovich
petrovici
petrovih
petrovna
petrozavodsk
petrucci
petrucho
petrusha
petrushka
petruska
petruyuiyuf
petsmart
petspets
petticoa
petticoat
petunia1
petunia7
petushok
peugeot1
peugeot2
peugeot206
peugeot307
peugeot406
peyton01
peyton18
peyton5243
pezevenk
pfchfyrf
pfchfytw
pfchfytw1
pfchfyws
pfdflf2912
pfdjlcrfz
pfeiffer
pfghtotyj
pfhfnecnhf
pfkegflyz
pfkegtym
pflhjn123
pflhjnbot
pflhjnbr
pflhjnbyf
pflhjncndj
pfnvtybt
pfpthrfkmt
pfqrf123
pfqrfpfqrf
pfqrfvjz
pfqwtd27121988
pfqxjyjr
pfqxtyjr
pfuheprf
pgexbpro
pgszt6md
phaedrus
phanatic
phantasm
phantasy
phantom0
phantom1
phantom11
phantom2
phantom3
phantom4
phantom5
phantom6
phantom7
phantom9
phantoms
pharcyde
pharmaci
pharmacist
pharmacy
pharmer1
pharrell
phat1234
phatasss
phatfarm
phatgirl
phatness
phatphat
phatpussy
pheasant
phelsuma
phenmarr
phenomen
phenomenon
pheonix1
phezc419hv
phi11ies
phialpha
phideaux
phidelts
phil1234
phil1vid
phil2vid
philadel
philadelphia
philbert
philcoll
philemon
philipp1
philipp2
philippa
philippe
philippi
philippin
philippine
philippines
philips1
philips123
philips2
philips3
philips96
phillesh
phillies
phillies1
phillies22
phillip0
phillip1
phillipa
phillipe
phillipp
phillips
philly01
philly22
philly76
philly79
philmann
philmont
philo123
philosop
philosophy
philphil
phiphika
phipsi23
phish123
phish420
phishead
phishfan
phishhea
phishhead
phishing
phishman
phlipper
phobos12
phoebe01
phoebe51
phoenix0
phoenix01
phoenix1
phoenix12
phoenix123
phoenix13
phoenix2
phoenix3
phoenix4
phoenix5
phoenix6
phoenix7
phoenix8
phoenix9
phoenixx
phonebook
phoneman
phonesex
photo123
photobug
photodis
photogra
photograph
photographer
photography
photoguy
photoman
photosho
photoshop
photosmart
photowiz
phousley
phratria
phreaker
phreddy1
phrizbin
phrygian
phuonganh
phuongthao
phxsuns1
phydeaux
phyllis1
phyrexia
physalis
physical
physicaldevi
physicia
physique
phztca63f9zu
phzv5rtfpkwc
pi100let
pi314159
pi31415926
piacenza
piamaria
piano123
pianofor
pianoforte
pianoman
pianopia
piazza31
piazzoll
pibzk431
picadill
picapica
picard01
picard07
picard12
picard22
picard47
picardie
picasso1
picasso2
picasso7
picaurio
picayune
piccione
piccollo
piccolo1
pichugin
picka311
pickerel
pickerin
pickering
pickett1
pickford
pickle11
pickle12
pickle99
pickles1
pickles2
pickles4
pickless
pickwick
picooooo
picopico
pictuers
picture1
pictures
pidarasi
pidersia
pie12345
piechtbg
piedmont
pieface1
piehonkii
pieisgood
piemonte
pierce34
piercing
pierluigi
pierpont
pierre01
pierre12
pierre17
pierrick
piespies
pietpiet
pigfucke
pigfucker
piggy123
piggy15708
piggyboy
piggyman
piggypig
piglet12
piglet69
piglet99
pigletty
pigly139
pigmalion
pignol12
pigpen67
pigtails
pigtiger
pihlakas
pikachu1
pikachu11
pikachuu
pikapika
pike1868
pike2012
pikepike
pikepole
pikespea
pikespeak
pikkumyy
pikkunappi9c
pikopiko
pilarica
pilatus1
pilchard
piledriv
pilgrim1
pilgrim4
pilgrims
piligrim
pilipenko
pilipili
pilipino
pill8585
pillepal
pillow123
pills301
pilorama
pilot123
pilot666
pilotfmwqw
pilotman
pilotpilot
pilsbury
pilsener
pilspils
pilsudsk
pimalibra
pimentel
pimousse
pimp1234
pimp4life
pimp6969
pimpdadd
pimpdaddy
pimpdaddy1
pimpdady
pimpdogg
pimperne
pimpette
pimphard
pimpin12
pimpin123
pimpin69
pimping1
pimpinit
pimpjuic
pimpjuice
pimpolog
pimpology
pimppimp
pimpschn
pimpshit
pimpslap
pimpster
pinacola
pinafore
pinarell
pinball1
pinch123
pindakaas
pineappl
pineapple
pineapple1
pineapples
pinecone
pinecres
pinedale
pinehill
pinehurst
pineland
pineleaf
pinellas
pineridg
pinetree
pinewood
pingeye2
pinggolf
pingouin
pingping
pingpong
pinguin1
pinguine
pinguino
pingvin1
pingzing
pinhead1
pinheads
pinheiro
pink1234
pink1973
pinkdots
pinkerto
pinkerton
pinkflower
pinkfloy
pinkfloyd
pinkfloyd1
pinkgirl
pinkhair
pinklady
pinklips
pinkmoon
pinkpant
pinkpanther
pinkpink
pinkpony
pinkpull
pinkpuss
pinkpussy
pinkrose
pinkslip
pinkster
pinkston
pinktaco
pinkteen
pinky123
pinnacle
pinocchi
pinocchio
pinoccio
pinochet
pinopino
pinotage
pinoyako
pinoyboy
pinoypride
pinpoint
pinscher
pinsonic
pinstrip
pintail1
pinto123
pinuccio
pion1991
pioneer1
pioneer2
pioneer5
pioneer8
pioneers
pioner14
piotrek1
pioupiou
pipedown
pipefitt
pipefitter
pipeline
pipepipe
piper123
pipercub
pipeutvj
pipicaca
pipikpipik
pipipipi
pipiska1
pipopipo
pippen33
pippo100
pippo123
pippobaudo
pippodei
pippomat
pippopippo
pipsquea
piracicaba
piramida
piramida1
piramide
pirate13
pirate21
pirate69
pirategy
pirates1
piri1233445585
pirojenka77
pirotess
pirrello
pisankaa
pisapisa
piscataw
pisces69
pisellin
pisellon
pispirik
pissfan0
pissfan2
pissflap
pisshead
pisslove
pissoff1
pissonme
pisspiss
pisspoor
pissword
pistache
pistol99
pistoler
pistolero
pistolet
pistolpe
pistons1
pistons2
pitagora
pitapita
pitbull1
pitbull2
pitbulls
pitcairn
pitcher1
pitchers
pitchoun
piter1984
piter2007
piterpiter
pitmans4
pitoloco
pitomate
pittbull
pitts384
pittsbur
pittsburg
pittsburgh
pittypat
pitufina
pitviper
pivopivo
piwi6552
pixel123
piyopiyo
piz_terr
pizda123
pizdabol
pizdec123
pizdikus
pizdos1k
pizza123
pizza1414
pizza200
pizzaboy
pizzahut
pizzaman
pizzapie
pizzapizza
pizzeria
pj2f6f4pab
pjcgujrat
pjclalamusa
pjflkork
pjkjnjdf
pjkmabhz
pjsheridan
pk100156
pk8srud313
pkbmdk56
pkelley7
pker4life
pkfnjdkfcrf
pkfnjecn
pkownerisz
pkrabbit
pkripper
placebo1
placebo7
placemat
placemen
placenta
placeres
placido1
plainfie
plainfield
planet99
planeta5
planetar
plankeye
plankton
planner1
planners
planning
planokur
planplan
plant123
plantain
plantati
planters
planting
plantman
plas2ma3
plasma69
plaster1
plastere
plastic1
plastic2
plastic7
plasticb
plasticc
plasticd
plasticf
plastich
plastick
plasticm
plasticp
plasticr
plastics
plastict
plastika
plastikman
plat1num
plateado
platform
platinu1
platinum
platinum1
platipus
platnium
platonic
platonov
platonova
platypus
play1234
play2win
play4fun
playa2007
playafly
playback
playball
playbass
playboy0
playboy1
playboy10
playboy12
playboy2
playboy3
playboy5
playboy6
playboy7
playboy8
playboys
player00
player01
player03
player11
player12
player123
player13
player15
player20
player21
player22
player23
player24
player69
player72
player77
players1
playerss
playfull
playgame
playgirl
playgolf
playgrou
playground
playhard
playhouse
playin44
playland
playlife
playmake
playmaker
playmate
playmate1
playmobil
playoffs
playplay
playstat
playstatio
playstation
playstation2
playstation3
playthin
plaything
playtime
playwith
pleasant
please12
please123
please22
pleaseme
pleaseno
pleasework
pleasing
pleasure
pleasure2
pleasures
pleazcufme
pleckgat
pleiades
plemiona
plethora
plextsofttm
plexus66
pleyades
plfm0202
plhfdcndeq
plhfdcndeqnt
plhy6hql
plimsoll
plipplop
plissken
pljhjdmt
plm15243
plmoknij
plmoknijb
plodicus
plokijuh
plokkies
plokmijn
plokopkl
plokplok
plonker1
ploopplo
plopplop
plotnikov
plotnikova
plug0102
plumber1
plumber5
plumbers
plumbing
plumgate
plumhors
plumkiwi
plummer1
plumpers
plumplum
plumpony
plumtree
plunkett
pluribus
plusplus
plutarch
plutarco
pluto123
plutonio
plutoniu
plutonium
plutopluto
plutosb12
plyers321
plylst13
plylst14
plymouth
plypper99
pm830012
pmdmscts
pmdmscts2000
pmdmsctsk
pmeassic
pmoy1998
pmoy2004
pmpo2100w
pmtgjnbl
pmyiicrc
pn155n51
pn961624
pnnywise
pnuematic69
pobeda1945
pobeditel
pocadby3
pocahont
pocahontas
poci4712
pocker65
pocketpc
pockets1
pocoloco
pocomoke
poderoso
podiatry
podnqam1
podracer
podsolnuh
podstava
podvinsev
podvodnik
poeppoep
poetpoet
pofkia123
pofxa567
pogiako123
pogopogo
pogosyan
pogrebnoi
poi2poi2
poilkjmn
poilkjmnb
poindext
poinsett
point4774
pointblank
pointbreak
pointer1
pointers
pointles
pointman
poiop777
poipoi00
poipoipo
poipoipoi
poipoiqw
poison11
poison69
poisonivy
poisonme
poissons
poitegad
poitiers
poiu0987
poiu1234
poiu7890
poiulkjh
poiupoiu
poiuuiop
poiuy098
poiuyt00
poiuytre
poiuytrew
poiuytrewq
poiuytrewq1
poiuytrewq8008
poiuytreza
pojke123
pokapolka
pokemon0
pokemon00
pokemon001
pokemon1
pokemon10
pokemon11
pokemon12
pokemon123
pokemon1234
pokemon13
pokemon14
pokemon2
pokemon21
pokemon3
pokemon6
pokemon7
pokemon8
pokemon9
pokemon97
pokemon99
pokemone
pokemons
pokepoke
poker112
poker123
poker777
pokerfac
pokerface
pokerman
pokermon
pokesmot
poketan4
pokipoki
poklmnji
pokolenie
pokopoko
pokpokpok
pokrovka
pol123456
pola2345
polabear
polanski
polar123
polarbea
polarbear
polarcap
polarice
polaris1
polaris2
polaris3
polaris4
polaris5
polaris7
polaris8
polaris9
polaroid
polaroidw34
polarone
poldyblo
polecatt
poledogg
polepole
polevaul
polevault
polgara1
police01
police11
police21
police22
police69
police91
police99
policema
policeman
policja1
policy77
poliglot
poligraf
polikarpova
poliklinika
polina03
polina09
polina12
polina123
polina17
polina1996
polina1997
polina1998
polina200
polina2001
polina2002
polina2003
polina2005
polina2007
polina2008
polina2009
polina2010
polina2011
polinapolina
polino4ka
polinochka
polipoli
polisterman
politech
politica
political
politics
politika
politolog
politova
polityka
polka123
polkadot
polkaudi
polkaudio
polkovnik
polkpolk
pollackd
pollard1
pollito1
pollitos
pollock1
pollpoll
pollutio
polly123
pollyann
pollyanna
pollydog
pollywog
polniypizdec0211
polniypizdec1102
polniypizdec110211
polo1234
polo2001
polo4321
polobear
polomint
polonais
polonia1
polonium
polonius
polopolo
polopolo09
polopony
polosa12
polosatik
polospor
polosport
polowine
poloz3024
polpetta
polpolorin
polpolpol
polska12
polska123
polsot21
polstore
poltergeist
polupoker
polyakov
polyakova
polyglot
polymers
polytech
polytechnic
polzovatel
pomac667
pomapoma
pomapomapoma
pomidorka
pomodoro
pompeyfc
pompidou
pompiers
pompilius
pompkaziom
pon32029
poncedeleon
ponchito
poncho32
ponderos
ponderosa
pondscum
pongo123
pongpong
ponochka
ponomarenko
ponomarev
ponomareva
pontiac1
pontiac2
pontiac6
pontiac7
pontiac9
pontiacg
pontiacs
pontoosh
ponuponu
ponyboy1
ponygirl
ponypony
ponytail
poochie1
poochunk
poochunk1993
poofpoof
pooh1234
poohbaby
poohbear
poohbear1
poohchan
poohpooh
pooja123
pookachu
pookie00
pookie01
pookie11
pookie12
pookie21
pookie22
pookie69
pookie76
pookster
pooky123
pool6123
poolball
poolhall
poolplayer
poolpool
poolroom
poolshar
poolshark
poolside
poonanny
poonie13
poonpoon
poontang
pooooooo
poop1234
poop2001
poopdeck
poopdick
poopdog1
poopface
poophead
poophole
poopie12
poopiebrains
poopoo12
poopoo123
poopoo22
poopoopoo
pooppoop
poopshit
poopshoot
poopstain
poopster
poopy123
poopybutt
poopydoo
poopyhead
poopypan
poopypants
poopypoo
poopysex
poorboy1
poornima
poostick
popapopa
popcicle
popcorn1
popcorn12
popcorn123
popcorn2
popcorn3
popcorn5
popcorn6
popcorn7
popcorns
popepope
popeye11
popeye12
popeye69
popimpin
popmusic
popo1234
popochka
popop998
popopopo
poporing
popov123
popovich
popovich250293sanek
poppin69
poppoppop
poppy111
poppy123
poppycoc
poppydog
poppysee
popsapopsa
popsicle
popstar1
popstars
popsucks
poptart1
poptarts
poptrash
populace
population
populous
porcelain
porcelin
porchettr
porcodio
porcupin
porcupine
pordrumr
porelculo
porfavor
porfidio
porfirio
porfum2007
porkbutt
porkchop
porkchop1
porkkana
porkodio
porkpork
porkrind
porksoda
porkypig
porn1234
porn2000
porn2004
porn4ever
porn4life
porn6969
pornaccess
pornadept
pornbest
pornbits
porncity
pornclub
pornfrea
pornfreak
pornfree
pornguy1
pornholio
pornicat
pornisgood
pornking
pornlove
pornlover
pornmail
pornmast
pornmaster
porno123
porno4me
porno666
pornoboy
pornogra
pornografi
pornografia
pornographic
pornography
pornoman
pornoporno
pornosex
pornosta
pornostar
pornoworld
pornoxxx
pornpass
pornpics
pornplease
pornporn
pornportal
pornpw31
pornquee
pornreview
pornrocks
pornsite
pornslinger
pornstar
pornstar1
pornstars
porntoon
porntube
pornword
porol777
porosenok
poroshok
porovoz123
porpoise
porridge
porsche0
porsche1
porsche2
porsche3
porsche5
porsche7
porsche8
porsche9
porsche91
porsche911
porsche928
porsche944
porsche997
porsches
porschet
porshe911
porsiempr
portable
portable18
portage9
portakal
portcity
portell1
porter12
porter13
porter99
portfoli
porthole
portillo
portimao
portishe
portishead
portland
portman1
portnoy1
porto200
porto2010
portocal
portocala
portofin
portport
portrait
portside
portsmou
portsmouth
portugal
portugal1
portugalia
portugue
portugues
portvale
portvein
porunga83
posaune1
poseidon
poseinfopas
posenitz
poshspic
positano
position
position69
positive
positivo
positron
posnanie508
possesse
possible
possum10
postbank
postbode
postbote
postcard
postepay
poster77
postler75
postman1
postmann
postmaster
postnikov
postoffi
postov10
postov1000
potapova
potatoes
pote1956
poteklo2
potemkin
potencial
potentia
potential
pothead1
potheads
potofgol
potogold
potsmoke
potter007
potter12
potter13
potty123
pouetpouet
poulette
poundcak
poundcake
pounders
pounding
pounette
poupette
poupou64
poupoune
pourquoi
povelitel
powder12
power111
power123
power1234
power200
power2000
power220
power500
power666
power777
powerade
powerage
powerbal
powerboa
powerbom
powerboo
powerbook
powerbos
powerboy
powercat
powerdvd
powerful
powerful1
powerfull
powerhea
powerhou
powerhouse
powerlifting
powermac
powermad
powerman
powermax
powerof3
poweroflove
powerone
poweroti
powerpc1
powerpink
powerpla
powerplant
powerplay
powerpoint
powerpow
powerpower
powerpuf
powerpuff
powerran
powerrangers
powers12
powersho
powershot
powersla
powerslave
powerstr
powerstroke
powertrip
powerup1
powerwagon
poziomka
pp00pp00
pp123456
ppabzkxn
ppooppss
ppp12345
pppoe36176
ppppllll
pppppp11
ppppppp1
pppppppp
ppppppppp
pppppppppp
pppppppppppp
ppritche
ppspankp
pqnr67w5
pqowieuryt
pr0npr0n
pr0pane1
pr1ncess
prabhaka
practica
practical
practice
praetori
praetorian
praetorians
pragmati
prairie1
praisehim
prajapati
prancer1
prankste
pras8vig
prasanna
prasanth
prashant
pratanah
pratap1245
pratchett
pratibha
pratik123
pratiksha
pravdina
pravoslavie
prazdnik
prd489cledy
preacher
preamble
preciosa
precious
precious1
precious2
precisio
precision
precompiling
predador
predatel
predator
predator1
predator2
predators
preetham
prefect1
preffered
pregnant
preinstall
prejudice
prelevic
prelude1
prelude2
prelude8
prelude9
preludes
premier1
premier2
premiere
premiers
premium1
premiumcash
premiumpass
premlata
premolar
prentice
prentiss
presario
presario1
preschool
prescott
presence
presenta
presente
presents
preserve
presiden
president
president1
presidente
presidio
presley1
pressing
pressley
pressman
pressure
prestige
prestigio
preston1
preston2
preston3
preston6
preston7
prestone
pretende
pretender
pretoria
pretty69
pretty75
prettybi
prettybo
prettyboy
prettyfly
prettygi
prettygir
prettygirl
prettygood
prettylady
prettyme
prettypi
prettywoman
pretzel1
pretzels
preussen
preved123
prevedmedved
previous
prewedpoka
prezervativ
prezident
priapism
priceles
priceless
pricilla
pridumiv
pridurok
priester
priestley
prigoda25392637
prihodko
prikolist
primadonna
primaris
primary1
primaver
primavera
primer55
primera1
primerib
primetes
primetim
primetime
primetime21
primitiv
primitive
primrose
princ3ss
prince01
prince10
prince11
prince12
prince123
prince14
prince19
prince20
prince23
prince25
prince33
prince55
prince69
prince77
prince88
prince89
prince99
princehh
princes1
princesa
princesa1
princesit
princesita
princeska
princess
princess!
princess1
princess11
princess12
princess123
princess16
princess17
princess2
princess20
princess23
princess3
princess33
princess69
princess8
princess9
princessa
princesse
princesska
princeto
princeton
principa
principal
principe
principessa
principi
pringles
pringles1
prinsessa
print123
printemps
printer1
printer5
printer59
printers
printesa
printing
printscreen
prinzess
prioritet
priority
priozersk
priscila
priscill
priscilla
prisonbreak
prisoner
prissilla
pristina
pristine
private1
private11
private2
private5
private6
private8
private9
privateer
privatei
privatejayla
privatep
privates
privet0077
privet123
privetik
privetkakdela
privetprivet
privilege
privrefs
priya123
priyanka
proactiv
proba123
probably
probatio
probation
probert2
probie24
problem1
problema
problemas
problems
process1
processi
processing
processor
processors
procraft
proctexe
procuror
prodigal
prodigy1
prodigy5
prodrive
produce1
producer
product1
producti
productid20f
production
productions
products
profesional
profesor
professi
profession
professional
professionaltools
professo
professor
professore
profi666
profiler
profiles
profound
profunda
progamer
progaming
progetti
progetto
proghouse
program1
programa
programb
programbo
programist
programm
programma
programmable
programmer
programmer9
programmist
programs
progreso
progress
progressive
prohlada
prohorov
prohorova
project1
project2
project8
projecti
projecto
projects
prokofie
prokopenko
prokuratura
prokuror
prolinea
prologix
prologue
prolong1
promaster
prometeo
prometeu
prometey
promethe
prometheus
promi1990
promise1
promise2
promises
promo123
promo321
promodata0
promopas
promote3
promoter
promotio
promotion
promotions
pron1234
pronpron
propagan
propecia
propelle
propeller
properly
properties
property
prophecy
prophet1
prophet5
propilot
propofol
propolis
proposal
proracer
prorok12
prosecco
proskater
prospect
prospekt
prosper1
prosperi
prosperity
prospero
prospers
prostaff
prostata
prostate
prostitutka
prosto123
prostock
prostoparol
prostotak
prostoyparol
prostreet
prostyle
protagor
protasov
protect1
protecte
protected
protecti
protection
protection1
protecto
protector
protege5
protein1
protektor
proteus1
proteus3
protocol
protocols
protokol
protoman
protonix
protools
protoss1
prototip
prototyp
prototype
protozoa
protvino
protyuss
prova12345
provence
proverbs
proverbs31
proverka
proverkarb
providen
providence
provider
providername
provides
providia
providian
proview1
province
provinci
provista
provizor
prowler1
proximus
prtupg9x
prudenc3
prudence
prudenti
prufrock
prunella
prussian
przemek1
ps113327
ps148sf9
ps157594
ps241459
ps252519
ps253535
ps288198
ps5333nu
ps836359
ps963347
psalm150
psalms23
psbrjk98
pscxyjr1
psetupinitre
psiholog
psions5a
psp4ever
psulions
psurings
psw333333
psychaos
psychedelic
psychnau
psychnaut1
psycho12
psycho66
psycho72
psycho78
psycholo
psychology
psychoma
psychopa
psychosi
psychoti
psychotic
psykopat
psylocke
psytrance
pt123456
pt1ppt1p
pt7icthz
pt915500
ptcruise
ptcruiser
ptcwtc2006
ptfe3xxp
pthjxthnj
ptktyjuhfl
ptpd6719
ptsm5vov
ptvkzybrf
ptybneirf
ptybngbnth
ptybnxtvgbjy
puavbill
public99
publicidad
publisher
publishi
puchatek
puckhead
puckpuck
puckster
puddin12
pudding1
puddings
puddledu
puddy944
puddycat
puddytat
puertori
puertorico
puffball
puffdadd
puffdaddy
puffin12
puffpuff
pufunga7782
pugachev
pugacheva
pugilist
pugliese
pugsley1
puissant
pujols05
pukapuka
pukipuki
pulamera
pulguita
pullings
pullthis
pulpfict
pulpfiction
pumanike
pumapuma
pumpitup
pumpkin0
pumpkin1
pumpkin2
pumpkin3
pumpkin5
pumpkin9
pumpkinh
pumpkinhead
pumpkinpie
pumpkinq
pumpkins
pumppump
pumuckel
punahele
punchbug
punching
punished
punisher
punisher1
punishment
punkband
punkbitc
punkinhe
punknotdead
punkpunk
punkrawk
punkrock
punksnotdead
punksrme
punkstar
punkster
punt0org
punter12
puo080808
puppets1
puppie23
puppies1
puppies2
puppster
puppy123
puppyboy
puppycat
puppydog
puppylov
puppylove
puppyman
puppypup
puptent1
puravida
purchase
pureevil
puregold
purelove
pureplay
purepoison
purepure
purepussy
purerf545454
purgator
purple01
purple11
purple12
purple123
purple13
purple15
purple17
purple19
purple21
purple22
purple23
purple24
purple28
purple34
purple42
purple45
purple64
purple66
purple69
purple77
purple88
purple99
purplebl
purpleco
purpleha
purplehaze
purplehe
purplepower
purplera
purplerain
purposeful1
purrfect
purusha1
puschkin
pusechka
pushcart
pushinka
pushistik
pushkareva
pushkin1
pushkina
pushpull
pushpush
pusspuss
pussword
pussy000
pussy101
pussy111
pussy112
pussy123
pussy1234
pussy200
pussy2000
pussy247
pussy420
pussy4me
pussy666
pussy6969
pussy911
pussyass
pussybitch
pussyboy
pussyca1
pussycat
pussycat1
pussycats
pussycum
pussydick
pussyeat
pussyeater
pussyfac
pussyface
pussyfuc
pussyfuck
pussygal
pussygalore
pussygirl
pussygod
pussyhol
pussyhole
pussyisgood
pussyjuice
pussykat
pussylic
pussylick
pussylicke
pussylicker
pussylip
pussylips
pussylov
pussylove
pussylover
pussyluv
pussyman
pussymonster
pussypic
pussypie
pussypus
pussypuss
pussypussy
pussypwr
pussysex
pussyslit
pussywet
pustanio
pusyadiana
put_your
putamadr
putamadre
putangin
putangina
putanginamo
putian123
putina73
putneyuk
putoputo
puttputt
puttypaw
putzputz
puyallup
pw123456
pweepwee
pwilliam
pws791ac
pxx3eftp
pyatnica
pyewacket
pyfrjvcndf
pyfrjvcndj
pyfvtybnjcnm
pygmalio
pyramid1
pyramid3
pyramid5
pyramid7
pyramid8
pyramide
pyramids
pyrate22
pyrenees
pyromaniac
pyrotech
pythagor
pythagoras
pyvel910
pywacket
q01819099
q0685980
q0987654321
q0w9e8r7
q0w9e8r7t6
q1005049
q1111111
q11111111
q111111q
q1205199333
q123123123
q123321q
q1234321
q123454321
q1234567
q12345678
q123456789
q1234567890
q123456789q
q1234567q
q123456q
q123654789
q123q123
q12we34r
q12we34rt5
q13pj6lm
q1819084
q194655q
q1a1z1w2s2x2
q1a2z3w4s5x6
q1q1q1q1
q1q1q1q1q1
q1q2q1q2
q1q2q3q1q2q3
q1q2q3q4
q1q2q3q4q5
q1q2q3q4q5q6
q1te4g3n
q1w1e1r1
q1w1e2q3
q1w2e34r
q1w2e3asd
q1w2e3q1w2e3
q1w2e3r4
q1w2e3r4t
q1w2e3r4t5
q1w2e3r4t5y
q1w2e3r4t5y6
q1w2e3r4t5y6u
q1w2e3r4t5y6u7
q1w2e3r4t5y6u7i8
q1w2e3r4t5y6u7i8o9p0
q1w2e3rr
q1w2q1w2
q2babs13
q2q2q2q2
q2w3e4r5
q2w3e4r5t
q2w3e4r5t6
q2w3e4r5t6y
q2w3e4r5t6y7
q3133087
q3385328
q3538004
q4673959n
q4725982
q4946227
q4n2jdeh
q508963q
q66y62nf
q6ja3y5g
q7645470
q7654321
q7777777
q7870511
q789456123
q7895123
q7w8e9r0
q80661658441
q8zo8wzq
q925648q
q9379992
q987654321
qa12ws34
qa8916820123
qanisose
qantas01
qaqaqaqa
qaswedfr
qaswqasw
qawsed11
qawsed12
qawsed123
qawsedrf
qawsedrf1
qawsedrf123
qawsedrftg
qawsedrftgyh
qawsedrftgyhujik
qawsedzxc
qawsqaws
qaywsxed
qaywsxedc
qaz12300
qaz12345
qaz123456
qaz1234567
qaz123qaz
qaz123qaz123
qaz123ws
qaz123wsx
qaz123wsx456
qaz123zaq
qaz12qwe
qaz12wsx
qaz1wsx2
qaz1wsx2edc3
qaz26101778
qaz2wsx3
qaz56789
qazasd123
qazedc123
qazedctgb
qazedcws
qazedcwsx
qazplm71
qazqaz12
qazqaz123
qazqazqaz
qazqwe123
qazqwert
qazse123
qazsedcf
qazsedcft
qazsedcxz
qazwsx09
qazwsx11
qazwsx111
qazwsx12
qazwsx123
qazwsx123123
qazwsx1234
qazwsx12345
qazwsx123456
qazwsx123edc
qazwsx13579
qazwsx1985
qazwsx21
qazwsx22
qazwsx26
qazwsx32
qazwsx321
qazwsx777
qazwsx82
qazwsxcdevfr
qazwsxcv
qazwsxe1
qazwsxed
qazwsxedc
qazwsxedc1
qazwsxedc12
qazwsxedc123
qazwsxedc12345
qazwsxedc1975
qazwsxedca
qazwsxedcr
qazwsxedcrf
qazwsxedcrfv
qazwsxedcrfvtgb
qazwsxedcrfvtgbyhn
qazwsxqaz
qazwsxqazwsx
qazxc123
qazxcdew
qazxcdewq
qazxcdews
qazxcvb1
qazxcvbn
qazxcvbnm
qazxcvbnm1
qazxqazx
qazxsw11
qazxsw12
qazxsw123
qazxsw21
qazxsw22
qazxswed
qazxswedc
qazxswedc1
qazxswedc123
qazxswedcvfr
qazxswedcvfrtgb
qazxswer
qazxswqaz
qazxswqazxsw
qazzaq123
qbycq4cn
qcmfd454
qcvzop32
qcxdw8ry
qdr20021
qdv9l68c
qeadzcwsx
qef6wvoa
qefender098
qeqhzjxa
qer13568
qetu1357
qetuoadgjl
qetuqetu
qewadszcx
qht4d5m8
qianlong
qigrualw
qis5pbil
qj6xodkiy
qjl8nkum
qjmwa843
qmezrxg4
qmgrprxy
qmpq39zr
qnmahlj8
qotdethi
qoxgvdye
qpalzm12
qpd6sifc
qpful542
qpqpqpqp
qprocess
qpwoeiru
qpwoeiruty
qpwoqpwo
qq111111
qq11556666
qq11ww22
qq123123
qq123321
qq123456
qq1234567
qq123456789
qq4q2opm
qqaazzqaz
qqaazzwwssxx
qqclcffd
qqpp1233
qqq111qqq
qqq12345
qqq1234567
qqq123qqq
qqq12qqq
qqqaaazzz
qqqq1111
qqqq1234
qqqq2000
qqqqq11111
qqqqq55555
qqqqqqq1
qqqqqqqq
qqqqqqqq1
qqqqqqqqq
qqqqqqqqqq
qqqqqqqqqqq
qqqqqqqqqqqq
qqqqwwww
qqqwww123
qqqwwwee
qqqwwweee
qqwanrltwqq
qqww1122
qqwwee11
qqwwee123
qqwweerr
qqwweerrttyy
qrafzvwesdxc41
qrg7t8rhqy
qsa1asno
qsawefdr
qscwdvefb
qsdfghjk
qsdfghjklm
qsefthuk
qsefthuko
qstorm5q
qtipqtip
quackers
quackqua
quadrant
quadriga
quadzilla
quagmire
quake123
quake333
quake3arena
qualcomm
qualisys
quality1
quality2
qualopec
quan7225
quanache
quang123
quangvinh
quant430
quant4307
quant430799
quant4307quant4307
quant4307s
quantico
quantity
quantock
quantum1
quantum2
quantum9
quantumx
quarantine
quaresma
quarks73
quarter1
quarterback
quarters
quartet4
quasimod
quasimodo
quattro1
quattro2
quattro4
quattro6
queen123
queenas8151
queenbee
queenie1
queenqueen
queensla
queensland
queensry
queentut
queequeg
quentin1
queropica
quest123
question
questions
questpistols
quetal12
queteimporta
quetzalc
quick123
quickcam
quickdraw
quickfix
quicksan
quicksand
quicksil
quicksilver
quicktim
quicktop
quidditch
quiddity
quietkey
quietman
quiksilv
quiksilver
quiktrip
quilting
quimoode
quin2112
quincunx
quincy01
quincy10
quincy12
quinella
quinones
quintain
quintana
quintero
quintho1
quintin1
quirly99
quisling
quixotic
quocminh
quovadis
qurbanov
qurdadze
qw123098
qw123123
qw123321
qw123456
qw1234567
qw12345678
qw123456789
qw1234er
qw12er34
qw12er34ty56
qw12qw12
qw16116222
qw1as2zx3
qw1er2ty3
qw212121qw
qw23erty
qw34ty78
qw475869
qw7519632
qwas1234
qwaserdf
qwasqwas
qwaszx11
qwaszx12
qwaszx123
qwaszx1234
qwaszx12345
qwaszx123456
qwaszx321
qwaszx7890
qwaszxcv
qwaszxedc
qwaszxer
qwaszxerdfcv
qwaszxqw
qwaszxqwaszx
qwe123123
qwe123321
qwe123321qwe
qwe12345
qwe123456
qwe1234567
qwe123456789
qwe123as
qwe123asd
qwe123asd456
qwe123ewq
qwe123q1w2e3
qwe123qw
qwe123qwe
qwe123qwe123
qwe123r4
qwe123rty
qwe123rty456
qwe123zxc
qwe12qwe
qwe1qwe2
qwe1qwe2qwe3
qwe45ewq
qweasd12
qweasd123
qweasdqwe
qweasdqweasd
qweasdzx
qweasdzxc
qweasdzxc1
qweasdzxc12
qweasdzxc123
qweasdzxc123321
qweasdzxcb7
qweasdzxcrfv
qwedcxza
qwedcxzaq
qwedcxzas
qwedfgbnm
qwedsa123
qwedsazx
qwedsazxc
qweejeebo
qwegta13091990
qweqwe12
qweqwe123
qweqweqw
qweqweqwe
qweqweqwe1
qwer1111
qwer1209
qwer1234
qwer12345
qwer123456
qwer1234qwer
qwer123qwer
qwer1990
qwer2000
qwer2008
qwer2010
qwer4321
qwer5678
qwer7890
qwerasdf
qwerasdf1
qwerasdf12
qwerasdf1234
qwerasdfz
qwerasdfzxcv
qwerasdfzxcv1234
qwerasdzx
qwerfdsa
qwerfdsa123
qwerfdsazxcv
qwerpoiu
qwerq2000
qwerqwer
qwerqwerqwer
qwerrewq
qwert123
qwert1234
qwert12345
qwert321
qwert54321
qwert666
qwert789
qwert999
qwertasd
qwertasdfg
qwertasdfgzxcvb
qwertasdfzxc
qwertgfdsa
qwertqwert
qwertrewq
qwerttrewq
qwerty00
qwerty000
qwerty007
qwerty01
qwerty02
qwerty03
qwerty05
qwerty07
qwerty08
qwerty09
qwerty098
qwerty0987
qwerty1!
qwerty10
qwerty100
qwerty100500
qwerty101
qwerty11
qwerty111
qwerty12
qwerty121
qwerty123
qwerty123321
qwerty1234
qwerty12341
qwerty12345
qwerty123456
qwerty1234567
qwerty123456789
qwerty1234567890
qwerty123qwerty
qwerty13
qwerty132
qwerty135
qwerty14
qwerty147
qwerty1488
qwerty15
qwerty16
qwerty17
qwerty18
qwerty19
qwerty1975
qwerty1976
qwerty1978
qwerty1981
qwerty1982
qwerty1983
qwerty1984
qwerty1985
qwerty1987
qwerty1988
qwerty1989
qwerty1990
qwerty1991
qwerty1992
qwerty1993
qwerty1994
qwerty1995
qwerty1998
qwerty20
qwerty2000
qwerty2009
qwerty2010
qwerty2011
qwerty2012
qwerty21
qwerty22
qwerty23
qwerty24
qwerty25
qwerty27
qwerty28
qwerty29
qwerty30
qwerty31
qwerty32
qwerty321
qwerty33
qwerty34
qwerty35
qwerty44
qwerty45
qwerty456
qwerty54321
qwerty55
qwerty555
qwerty56
qwerty62
qwerty65
qwerty654
qwerty654321
qwerty66
qwerty666
qwerty67
qwerty69
qwerty72
qwerty75
qwerty76
qwerty77
qwerty777
qwerty78
qwerty789
qwerty79
qwerty80
qwerty81
qwerty82
qwerty83
qwerty84
qwerty85
qwerty87
qwerty88
qwerty89
qwerty90
qwerty91
qwerty92
qwerty93
qwerty94
qwerty96
qwerty98
qwerty987
qwerty99
qwerty999
qwertyas
qwertyasd
qwertyasd123
qwertyasdf
qwertyasdfg
qwertyasdfgh
qwertyhgfdsa
qwertyhn
qwertyklava
qwertyop
qwertypoiu
qwertyqw
qwertyqwe
qwertyqwerty
qwertyru
qwertys12
qwertyu1
qwertyu12
qwertyu123
qwertyu1234567
qwertyu7
qwertyu8
qwertyui
qwertyui1
qwertyui12
qwertyui123
qwertyui2000
qwertyuio
qwertyuiop
qwertyuiop0
qwertyuiop1
qwertyuiop10
qwertyuiop12
qwertyuiop123
qwertyuiop1234
qwertyuiop12345
qwertyuiop123456789
qwertyuiopas
qwertyuiopasdf
qwertyuiopasdfg
qwertyuiopasdfgh
qwertyuiopasdfghjkl
qwertyuiopasdfghjklzxcvbnm
qwertyytrewq
qwertyzxcvbn
qwertz12
qwertz123
qwertzui
qwertzuiop
qweruiop
qwerzxcv
qwesdfcvb
qwest123
qweszxcv
qwezxc123
qwezxcasd
qwms8ord
qwopqwop
qwqw1212
qwqwqw12
qwqwqwqw
qwqwqwqwqw
qwsaqwsa
qwsxcder
qx4aipw3
qyzwtds378
qz6hsak2
qzejh2ex
qzwxec12
qzwxecads
qzwxecrt
qzwxecrv
qzwxecrvtb
r00tb33r
r00tbeer
r0ckall1
r0ckstar
r1234567
r123456789
r13sch08
r18486354
r1a2z3o4r5
r1o2m3a4n5
r1o9m9a6
r1vertei
r1yamaha
r231255g
r23qmi68a
r2d24538
r2d2c3o0
r2d2c3p0
r2d2c3po
r2d2r2d2
r2u1s1h2
r35ast47
r3ady41t
r3dk3nny
r3m3mb3r
r3n3gad3
r3r3vi3wacc3ss
r3vi3wpass
r3view_r
r463k5zb
r4e3w2q1
r4kesctql2
r53gj225
r5t6y7u8
r697965318
r7755577
r9chot8b
ra231177
rabarber
rabb30it
rabbit10
rabbit11
rabbit12
rabbit123
rabbit13
rabbit19
rabbit32
rabbit42
rabbit65
rabbit66
rabbit69
rabbit88
rabbit99
rabbits1
rabch12s
rabobank
racaille
raccoon1
racecar02
racecar1
racecar3
racecars
raceface
racehors
racer123
racerace
racerb50
racerboy
racerman
racerock
racerx66
racerxxx
racetrac
racetrack
racewalk
rachael1
rachel00
rachel01
rachel05
rachel11
rachel12
rachel16
rachel17
rachel19
rachel21
rachel23
rachel69
rachel89
rachel99
rachelle
rachrach
rachsara
racing11
rad69joe
radagast
radar123
radchenko
radcliff
radcliffe
radford1
radford8
radharani
radhaswami
radiance
radiance29
radiatio
radiation
radiator
radical1
radio123
radioact
radioguy
radioham
radiohea
radiohead
radiolog
radiology
radioman
radioone
radioradio
radiosha
radioshack
radiotehnika
radish61
radishes
radisson
radoslav
rafael10
rafael12
rafael123
rafaelit
rafaello
rafalski
rafarafa
rafel586
raffaela
raffaele
raffaella
raffaello
rafferty
ragamuff
ragamuffin
ragebaby
ragecage
ragerage
raggamuffin
raghavan
ragingbu
ragnar0k
ragnar23
ragnaroc
ragnarock
ragnarok
ragnarok13
ragnhild
ragnorok
ragsdale
ragsrags
ragunath
rahasia12
rahimova
rahja123
rahul123
rahul500
raidboss
raider01
raider10
raider11
raider12
raider60
raider69
raider84
raider99
raiderfa
raiders0
raiders1
raiders2
raiders3
raiders4
raiders5
raiders6
raiders7
raiders8
raiders81
raiders9
raiders99
raiderss
raiedfon
raijmakers313
raikkonen
raikonen
railrail
railroad
railroad1
railways
raimunda
rainbird
rainbow0
rainbow1
rainbow12
rainbow123
rainbow16
rainbow2
rainbow3
rainbow4
rainbow5
rainbow6
rainbow7
rainbow8
rainbow9
rainbows
rainbows1
rainbowsix
rainbowskittles
raincoat
raindanc
raindogs
raindrop
raindrops
rainfall
rainford
rainforest
rainger-493949
rainier1
raining1
rainking
rainmake
rainmaker
rainman1
rainman2
rainonme
rainrain
rainsong
rainstor
raintree
rainwate
rainy2da
rainyday
raishan1
raistlin
raj12345
rajababu
rajadasa
rajaraja
rajarani
rajendra
rajeshwari
rajinder
rajkumar
rajuraju
rakastan
rakkaani
rakkasan
rakkausrunot
rakushka
raleigh1
ralliart
rallo123
rally200
rallycar
rallyman
rallyspo
ralph007
ralph101
ralph123
ralphbee
ralphdog
ralphie1
ramadevi
ramalama
ramallah
raman123
ramaraju
ramarama
ramashka
ramasita
ramayana
ramazanov
rambler0
rambler1
ramblers
rambling
rambo123
rambone1
rambor98
rambutan
ramchandra
ramcharg
ramenskoe
rames123
ramesses
rami1987
ramimor1
ramirez1
ramirez2
ramirezi
ramkumar
rammramm
rammstei
rammstein
rammstein1
rammstein12
ramon123
ramones1
ramonraf
rampage1
rampager
ramrod38
rams2000
ramsdell
ramsgate
ramshorn
ramsrams
ramstein
ramtech6
ramtough
ramtruck
rana2011
rananalk
ranarana
ranchero
ranchers
ranchito
rancid11
rancid69
rancid99
randall1
randalth
randalthor
randerso
randolph
random00
random11
random12
random123
random13
random69
randrand
randy123
randy1234
randyman
randymos
randymoss
randyorton
ranger00
ranger01
ranger02
ranger04
ranger05
ranger06
ranger10
ranger11
ranger12
ranger123
ranger13
ranger16
ranger17
ranger175
ranger19
ranger20
ranger21
ranger22
ranger23
ranger24
ranger26
ranger27
ranger30
ranger32
ranger33
ranger34
ranger35
ranger40
ranger42
ranger44
ranger51
ranger56
ranger66
ranger67
ranger69
ranger72
ranger75
ranger76
ranger77
ranger82
ranger85
ranger88
ranger89
ranger91
ranger93
ranger94
ranger96
ranger97
ranger98
ranger99
rangerov
rangerover
rangerpnb
rangers0
rangers08
rangers1
rangers11
rangers12
rangers2
rangers6
rangers69
rangers8
rangers9
rangers99
rangersf
rangersfc
rangersz
rani1234
rankinss
ranxerox
ranziech
raoul598
raoyu1359760
rap12345
rap31264
rap4life
raphael1
raphael2
raphical
rapidrapid
rapmusic
rapoport
raptop20
raptor01
raptor02
raptor10
raptor12
raptor22
raptor27
raptor66
raptor660
raptors1
rapture1
raptured
rapunzel
rapwoyska
raquelit
raradewf
rararara
raregaz1
rarotong
rasamaha
rasamaxa
rasarasa
rasberry
rascal11
rascal12
rasengan
rashamba
rasheeda
rashelle
rashid12
rashley198
raskaraka
raskolni
rasmus123
rasmusse
rasmussen
raspberr
raspberry
raspoutine
rasputen
rasputin
rasputina
rassamaha
rassilon
rasta123
rasta220
rastafar
rastafarai
rastafari
rastaman
rastamon
rastoman
rasulova
ratbasta
ratbastard
ratbones
ratchet1
ratfarts
rathbone
rational
ratmratm
ratohayo
ratskrad
ratsrats
rattfink
rattlers
rattlesn
rattlesnake
rattolo58
rattrace
rattydog
rattytat
ratzfatz
raul2000
raulpesc
raulraul
ravedave
raven111
raven123
raven666
ravencla
ravenlof
ravenna57
ravenous
ravenril
ravens01
ravens52
ravenswo
ravenwol
ravinder
rawdeals
rawding12
rawiswar
rawlings
rawpower
rawratho
rawrrawr
rawtool1
rayallen
raymond0
raymond1
raymond2
raymond3
raymond4
raymond9
raymonda
raymonde
raymondl
raymondo
raymonds
raymundo
rayoflight
rayray34
raytheon
razdvatri
razen650
razer123
razielle
razing59
razmadze
razmataz
razor123
razor1911
razorbac
razorbla
razorblade
razorboy
razvedchik
razvedka
razvedos
rb101798
rb26dett
rb67pros
rbcekmrf
rbcfrbcf
rbcjymrf
rbckjhjl
rbctktdf
rbctktdf1
rbhbkk12
rbhbkk123
rbhbkkjdf
rbhbkkrf
rbhbtirb
rbhbxtyrj
rbhfrbhf
rbhjdjuhfl
rbkbvfylfhj
rblefkow
rbnfqcrfz
rbrbvjhf
rbyjntfnh
rbylpflpf
rc.if2010
rc.itymrf
rc8kgnus
rcabrera
rcbdyctl
rccb1602
rchsrchs
rcporter
rcsad8m4
rctybz2001
rctytxrf
rcv243094
rcvz563313
rd4oouos
rdearing
rdewulzvchjz
rdfhnbhf
rdfpbvjlf
rdfpbvjlj
rdfreirf
rdgpl3ds
rdjg3rdj
rdl04121957
rdpcfgex
rdq5ww4x
rdrunner
rdsaddin
re2j3hmd
reaccount
reaching
reachout
reaction
reactive
readbooks
readdataport
readermail
reading1
readingfc
readread
ready2go
readymix
readynow
reagan80
reagan99
real1986
realamateur
realcool
realde14
realdeal
realdoll
realesta
realestate
realfast
realgirls
realgood
realgreen
realhard
reality1
reality10
reality2
reality3
reality4
reality5
reality7
reality8
reallife
reallove
really123
realmadr
realmadri
realmadrid
realmadrid1
realmadrid10
realmadrid7
realnice
realnigg
realnigga
realnost
realreal
realshit
realtalk
realthin
realtime
realtits
realtor1
realtree
realttru
realworl
reandost
reanimat
reanimat321
reanimation
reanimator
reaper01
reaper12
reaper13
reaper20
reaper66
reaper666
reaper69
rearview
rebal453
rebareba
rebbecca
rebbyt34
rebecca1
rebecca2
rebecca3
rebecca321
rebecca4
rebecca7
rebecca8
rebecca9
rebeccaa
rebeccad
rebeccar
rebeccas
rebekah1
rebekkah
rebel123
rebel1616
rebel9d9
rebeldeway
rebeldog
rebelins
rebelion
rebelkuz
rebellio
rebellion
rebelphoto
rebelyel
rebelyell
rebew000
rebirth1
rebound1
rebuilde
reccugs6
receiver
recently
reception
recharge
recherche
rechnung
reciproc
reckless
recliner
recluser
recnehbwf
recon123
reconcil
reconman
reconnect
recordable
recorder
recording
recovery
recreati
recreation
recruite
recruiter
recruitment
recurrin
recurring
recycle1
recycled
red12345
red1wing
red456344
red4dyan
red4rum4
red5red5
red7stork
red849zx
redalert
redalert1
redalert2
redalert3
redangel
redapple
redapples
redarrow
redbarch
redbaron
redbeard
redbird1
redbirds
redblack
redblood
redboots
redbotto
redbreas
redbrick
redbull1
redbull123
redbull3
redbull69
redbull7
redbunny
redcar26
redcar27
redcastl
redcedar
redchevy
redcliff
redcloud
redcoats
redcobra
redcomet
redcouch
redcross
redcrown
redd1954
reddevil
reddevils
reddfoxx
reddhott
reddiver
reddodge
reddog01
reddog11
reddog12
reddog22
reddog44
reddog69
reddrago
reddragon
reddredd
reddress
reddsoxx
reddwarf
redeagle
redearth
redeemed
redeemer
redeglobo
redempti
redemption
redeye12
redfaction
redfield
redfish1
redfish2
redfive1
redford1
redfoxes
redfred1
redgiant
redgrave
redgreen
redhat50
redhat500
redhat590
redhat91
redhawk1
redhawks
redhead1
redhead2
redheads
redheart
redhonda
redhook1
redhorse
redhouse
redibyrf
redicing
redirect
redknapp
redlabel
redlands
redlight
redline1
redlines
redlion1
redlodge
redlover
redmachine
redman10
redman12
redman22
redman69
rednaxel
rednaxela
rednblue
redneck1
redneck2
redneck5
rednecks
rednefed
rednight
redoctob
redoctober
redonion
redorang
redpoint
redpower
redqueen
redracer
redragon
redraide
redraider
redrange
redranger
redred12
redred25
redredre
redredred
redrider
redriver
redrobin
redrocke
redrocket
redrocks
redrose1
redroses
redrover
redrum11
redrum12
redrum69
redryder
reds1990
reds7337
redseven
redshark
redshift
redshirt
redshoes
redskin1
redskins
redskins1
redskins21
redsnake
redsnapper
redsocks
redsox00
redsox01
redsox02
redsox04
redsox05
redsox06
redsox07
redsox09
redsox11
redsox12
redsox123
redsox17
redsox18
redsox19
redsox20
redsox2004
redsox21
redsox22
redsox24
redsox33
redsox34
redsox45
redsox69
redsox77
redsox86
redsox99
redsoxxx
redsreds
redstar1
redstick
redstone
redstorm
redstrip
redtiger
redtruck
redundan
redvette
redviper
redvolvo
redvsblue
redwagon
redwall1
redwater
redwhite
redwine1
redwing1
redwing9
redwings
redwings1
redwolf1
redwood1
redwood32
redwoods
reece123
reeftank
reese123
reesecup
reeseman
referenc
reference
referent
refinery
refinnej
reflecti
reflection
refuma59
regalado
regbckjyf
regbvjcr
regenbogen
regerror
regfcznbyf
reggae69
reggaeto
reggiani
reggie01
reggie11
reggie12
reggie13
reggie17
reggie22
reggie31
reggie35
reggie44
reghbzyjd
regiment
regina01
regina909
reginald
reginaldo
reginali
regional
register
register1
registerdevi
registered
registering
registery
registration
registry
reglisse
regsvr32
regtrace
regularexpre
regulate
regulato
regulator
rehbwf74
rehcjdfz
rehctelf
rehdbvtnh
rehelmer
rehfxdfcz
rehjgfnrf
rehoboth
rehufy45
rehyjcbr
rehznbyf
reiayanami
reidboss
reinaldo
reindeer
reinhard
reinhardt
reinhart
reinhold
reinvent
rejeaves
rejected
rekbdctn
rekbrjdf
rekbytyrj
rekfrjdf
reklama123
reklama2
rekmnehf
rekmubyf
reks12345
reksuh11
relation
relation666
relative
relax123
relaxnow
relaxweb
relaxwebbewxaler
relayer1
release1
relentless
relhzdfz
relhzdsq
relhzdwtdf
relhzijd
relhzirf
reliable
reliance
religion
reloaded
reloader
reltcybr
rema1000
rematando
rembrand
rembrandt
rembrant
rembrant6
remedios
remellur
remember
remember1
remi9019
remigius
remillar
reminder
remindme
remingto
remington
remotedeskto
remotepg
remoting
removing
remy2000
remyremy
renaissance
renamero
renan123
renarie1
renata69
renault1
renault5
rencontre
rendezvo
rendezvous
rene0102
renecito
renee123
renegade
renegade1
renegades
renerene
renesans
renfield
rengaraj
renhfgfkb
renovate
renovatio
rentacar
renteria
renthead
repeat99
repick007
repmrf1992
repmvbyf
repmvtyrj
reporter
reposado
repromarket
reptile1
reptiles
reptilia
reptymrf
republic
republica
republican
republik
repvtyrj
repytw1992
repytwjd
repytwjdf
repytxbr
repzrepz
request1
requeste
requiem1
required
rerecmrf
rerehepf
rereheprf
rereijyjr
rereirby
rereirf123
rereitxrf
rererere
rerfhfxf
rerfhtre
rerhsybrcs
resad123
resagrev
rescue24
rescue34
rescue911
resdm756
research
research1
researcher
resel999675
reseller
reserve1
reserved
reserves
reservoi
reservoir
reset123
resident
residentevil
residual
resignyou
resimleri
resistan
resistance
resolute
resolution
resonance
resource
resources
respect1
respect7
respighi
response
responsi
respublika
restart1
restart235
restaura
restaurant
restinpeace
restless
restless1
restoran
restoration
restorator
restored
restrain
restrest
restrict
restricted
restroom
resurection
resurgam
resurrection
retarded
retire01
retire05
retire98
retired1
retraite
retribution
retrieve
retriever
retriver
retro123
retro12345
retry123
retsamoen123
retupmoc
returned
reueht21
reutlingen
revancha
revelati
revelation
revelations
revenant
revenge1
revenge2
revenger
reverend
reversion
revidyks
review00
review01
review12
review123
review20
review69
review99
reviewer
reviewit
reviewme
reviewpa
reviewpass
reviews1
revision
revisited
revival47
revolucio
revoluinfo123
revoluti
revolution
revolutiontt
revolver
revshare
rew11000
rewolf16
rewq1234
rewq4321
rex23rex
rexthtyrj
rexxrexx
reybkbyuec
reybvfcnth
reybwsyf
reymisterio
reymysterio
reynaldo
reynolds
rezareza
rezident
rf10rf10
rf666666
rf733664
rfcbjgtz
rfccbjgtz
rfccfylhf
rfcfylhf
rfcgth56
rfcgthcrbq
rfcnfytlf
rfcrflth
rfczgecz11
rfdfcfrb
rfewtww5tgregtr
rfgbnfkbyf
rfgbnfy123
rfgbnfyrbn
rfgbnjirf
rfgbnjyjdf
rfgecnby
rfgecnbyf
rfgecnfcerf
rfgexbyj
rfghbpekmrf
rfghbpyfz
rfgtkmrf
rfhafuty
rfhbrfnehf
rfhbvjdf
rfhbyf12
rfhbyf123
rfhbyf135
rfhbyf2006
rfhbyf2010
rfhbyfrfhbyf
rfhbyjxrf
rfhectkm
rfhfdfyrfhbyf
rfhfdtkkf
rfhfgekmrf
rfhfgepbr
rfhfnbcn
rfhfntkm
rfhfrekb
rfhfrfnbwf
rfhfufylf
rfhfvtkm
rfhfvtkmrf
rfhfylfi
rfhfynby
rfhgjdbx
rfhgtyrj
rfhjkbyf
rfhkjcjy
rfhlbyfk
rfhlbyfk1
rfhm2tpx47
rfhnbyrb
rfhnbyrf
rfhnf333
rfhnjafy
rfhnjatkm
rfhnjirf
rfhnjuhfabz
rfhtybyf
rfhvfyftd
rfhyfdfk
rfinfyrf
rfkbajhybz
rfkbuekf
rfkbybyf
rfkbybyuhfl
rfkbyrfvfkbyrf
rfkfiybrjd
rfkfiybrjdf
rfkmdbybcn
rfkmrekznjh
rfktylekf
rfktylfhbr123
rfktylfhm
rflhjdbr
rfltncndj
rfn.itxrf
rfnfcnhjaf
rfnfgekmnf
rfnfhbyf
rfnfhcbc
rfnfvfhfy
rfnjhubyf
rfnthbyf
rfnthbyf1988
rfnthbyjxrf
rfnthbyrf
rfntyjxtr
rfntymrf
rfnz12345
rfnz1983
rfnz1984
rfnz1985
rfnz1986
rfnz1989
rfnz1994
rfnz1998
rfnz2000
rfnz2001
rfnz2010
rfnzcerf
rfnzlehf
rfnzrfnz
rfonline
rfp.kmrf
rfpfrjdf
rfpfyjdf
rfpfynbg
rfqthrfy
rfrfirf1
rfrfirf123
rfrfirfrfrfirf
rfrfitxrf
rfrfkerbz
rfrfrfrf
rfrjqgfhjkm
rfrnec123
rfvbrflpt
rfvbrflpt2011
rfvfcenhf
rfvfhjdjl
rfvfkjdf
rfvtgbyhn
rfvxfnrf
rfxfyhjyyb
rfxtcndj
rfyatnrf
rfybreks
rfycthdf
rfyfhtqrf
rfyflf315
rfylblfn
rged4685
rgihlxoyoclmgiqsu
rhames03
rhapsody
rhbcnbfy
rhbcnbyf
rhbcnbyf1
rhbcnbyf123
rhbcnbyf2003
rhbcnbyf23
rhbcnbyjxrf
rhbcnbyrf
rhbcnfkk
rhbcnjath
rhbdtnrf
rhbnbrfk
rhbnthbq
rhbvbyfk
rhbvbyfkbcnbrf
rhbzxtgj
rhenjqgfhjkm
rhenjqgthtw
rhetoric
rhfcbdfz
rhfcbdsq
rhfcfdbw
rhfcfdbwf
rhfcfdtw
rhfcfdxbr
rhfcfdxtu
rhfcfnekz
rhfcjgtnrf
rhfcjnekmrf
rhfcjnektxrf
rhfcjnekz
rhfcjnf1
rhfcjnjxrf
rhfcjnrf
rhfcyjdf
rhfcyjgthjdf
rhfcyjlfh
rhfcyjujhcr
rhfcyjzhcr
rhfdwjdf
rhfdxtyrj
rhfgbdbyf
rhfvfhtdf
rhfvfnjhcr
rhiannon
rhind101
rhino123
rhinobot
rhinoman
rhjcfaaxtu
rhjdjcnjr
rhjirftyjn
rhjrjlbk
rhjrjlbkutyf
rhjrjpzhf
rhjyinfln
rhjzp59vnq00
rhodes19
rhodesia
rhododendron
rhomboid
rhshcs90
rhtcnjyjctw
rhtdtlrj
rhtdtnrb
rhtdtnrf
rhtgjcnm
rhtvfnjhbq
rhtyltkm
rhubarb1
rhyolite
ribbons1
ricardit
ricardo1
ricardo10
ricardo2
ricardoa
ricbondo
riccardo
riccione
ricebowl
ricecake
ricedrea
riceking
ricflair
ricgresia
rich1234
rich80ar
richard0
richard1
richard10
richard12
richard123
richard13
richard14
richard18
richard2
richard22
richard24
richard3
richard4
richard5
richard6
richard7
richard8
richard9
richardb
richardc
richardd
richarde
richardg
richardh
richardj
richardl
richardm
richardo
richardp
richardr
richards
richards1
richardson
richardt
richelle
richfiel
richgirl
richie11
richie12
richieboy
richieri
richierich
richland
richmond
richpass
richrav3
richrich
richter1
richyric
rick1234
rickdawg
ricketts
rickjame
rickjames
rickover
rickrick
rickross
rickshaw
rickslic
ricksta1
rickster
ricky123
rickylee
ricochet
ricorico
ridcully
riddlebox
riddler1
ride4life
rideflay
ridehard
rideordi
rideordie
ridered1
rideride
ridgebac
ridgeway
ridgewoo
ridgewood
ridicule
ridiculo
ridiculous
riesling
rietriet
riffraff
rifleman
rigatoni
riggmekt
righteou
righteous
rightguard
righthan
righthere
rightnow
righton1
rightstu
rightwin
rigobert
rigoberto
rigolett
rijkaard
rikers69
rikimaru
rikiriki
rikitiki
rikitikitavi
rikkardo
rikoriko
riley123
rileydog
rin15129
rinarina
rinceven
rincewin
rincewind
rindog10
ringbear
ringbuch
ringding
ringedtits2004
ringling
ringmast
ringo123
ringo3227
ringodog
ringosta
ringostar
ringostarr
ringring
ringsend
ringside
ringtone
ringtones
ringwood
ringworm
rinker01
rinorino
rintinti
rintintin
riobamba
riobravo
riodejaneiro
riogrand
riohondo
rioverde
riparian
ripcurl1
ripken08
ripken2131
ripley11
ripper17
ripper69
riptide1
riquelme
riririri
risingsu
risingsun
riskrisk
riskybiz
risolvop
ristorante
rita1234
rita1990
rita2002
rita2010
ritalove
ritarita
ritchie1
ritochka
ritzbits
riv36ers
rivaldo1
rivelino
rivendel
rivendell
river123
riverban
riverboat
riverdal
riverdale
riverdog
riverman
rivermen
riverpla
riverplat
riverplate
riverrat
riverrun
riversid
riverside
riverton
riverview
rjackson
rjatdfhrf
rjcnhjvf
rjcnjxrf
rjcntyrj
rjcnzrjcnz
rjcnzysx
rjcvjgjkbnty
rjcvjlhjv
rjcvjyfdn
rjcvtnbrf
rjcvtnbxrf
rjdfkmcrbq
rjdfkmxer
rjdfktdf
rjdfktyrj
rjdpd454
rjgbkrf666
rjgfntkm
rjgtyufu
rjgtyufuty
rjhgjhfwbz
rjhieyjdf
rjhjcntktdf
rjhjdf777
rjhjkm123
rjhjkmbien
rjhjktdcndj
rjhjktdf
rjhjktdyf
rjhjnrjd
rjhjvsckj
rjhybkjdf
rjhybtyrj
rjhyttdf
rjhzubyf
rjibxtyrj
rjifrpdthm
rjirbyljv
rjirf123
rjirfrgbde
rjirftdf
rjitktdf
rjivfh1988
rjkjcrjdf
rjkjdhfn
rjkjdjhjn
rjkjrjkmxbr
rjkjvbtw
rjkktrwbjyth
rjkktrwbz
rjktcybr
rjktcybrjd
rjktcybrjdf
rjktcybwf
rjktymrf
rjkujnrb
rjkz1992
rjkzrjkz
rjlbhjdrf
rjntyjr1
rjntyjr123
rjntyjxtr
rjpfyjcnhf
rjpkjljq
rjpshtdf
rjpzdjxrf
rjrfrjkf
rjrj1892
rjrjifytkm
rjvcjvjk
rjveybpv
rjvfhjdf
rjvfylbh
rjvfyljh
rjvgfybz
rjvgkbdbn
rjvgktrc
rjvgm.nth
rjvveybpv
rjvveybrfwbz
rjvvthwbz
rjxtnjdf
rjyabuehfwbz
rjyaewbq
rjyatnrf
rjybkbyuec
rjycekmnfyn
rjycfknbyu
rjycnbnewbz
rjycnfynby
rjycnfynbyjdf
rjycnfynf
rjycnfywbz
rjycnhernjh
rjyjdfkjd
rjyjdfkjdf
rjylhfnmtd
rjylhfnmtdf
rjylhfntyrj
rjynhjkm
rjytwcdtnf
rkbveirf
rkbvtyrj
rkbycrjt
rkfccbrf
rkfdbfnehf
rkfdflfdfq
rkloverq
rktjgfnhf
rl2010sl
rl4jjtcm
rlb21220
rlfinney
rlrekqtw
rlzwp503
rm062868
rmacklin
rmluzluz
rmmluz01
rmnixon1
rmracing
rmracinggnicarmr
rmw1rmw1
ro6cqkij
roadbike
roadbloc
roaddawg
roaddoca
roaddogg
roadglid
roadhead
roadhouse
roadkill
roadking
roadmast
roadrace
roadrage
roadrash
roadrunn
roadrunne
roadrunner
roadshow
roadstar
roadster
roadtoad
roadtrip
roadwarrior
roastbee
rob18121
robbie11
robbie53
robbie69
robbins1
robbrown
robbyrob
roberson
robert00
robert01
robert03
robert04
robert07
robert08
robert10
robert11
robert12
robert123
robert13
robert14
robert15
robert16
robert17
robert18
robert19
robert20
robert21
robert22
robert23
robert24
robert25
robert26
robert28
robert29
robert32
robert33
robert36
robert43
robert44
robert45
robert50
robert53
robert54
robert55
robert58
robert61
robert65
robert67
robert68
robert69
robert71
robert77
robert78
robert81
robert88
robert89
robert91
robert98
robert99
roberta1
robertas
robertas1
robertbo
robertim
robertino
robertit
robertito
robertjo
robertle
robertma
roberto1
roberto2
roberto3
roberto4
robertoo
robertor
robertos
robertpa
robertrobert
roberts1
roberts2
robertsj
robertso
robertson
robertss
robertta
robin007
robin123
robinhoo
robinhood
robinopu
robinson
robinson1
robinzon
robitail
robksbd7
roblid40
robocool
robocop1
robofish
roborobo
robot123
robotech
robotech1
robotics
robotix1
robotman
robotnik
robotron
robvanda
robvandam
robyn123
robzombie
rocafell
rocastle
rocawear
rocco123
roccotan
rochdale
rochella
rochelle
rocheste
rochester
rochford
rocinant
rock1119
rock1234
rock1313
rock1578
rock2000
rock2009
rockabil
rockabilly
rockall1
rockandr
rockandroll
rockaway
rockband
rockbott
rockbottom
rockcity
rockclim
rockdale
rockdisplace
rocker99
rocket01
rocket11
rocket12
rocket123
rocket21
rocket22
rocket23
rocket25
rocket44
rocket69
rocket88
rocket99
rocketboy
rocketma
rocketman
rockets1
rockfish
rockforce
rockford
rockhard
rockhead
rockhill
rockholz
rockhopper
rockhound
rockies1
rockies4
rockisdead
rockland
rockline
rockman1
rocknrol
rocknroll
rocknroll1
rocknrolla
rockohamster
rockon123
rockonaa
rockpile
rockport
rockpunk
rockrock
rockroll
rocks123
rocks9412
rocksalt
rocksays
rockshox
rocksmysocks
rocksolid
rockstar
rockstar1
rockstar23
rockster
rockview
rockwall
rockwell
rockwood
rocky100
rocky111
rocky112
rocky123
rocky200
rocky316
rocky321
rocky420
rocky613
rocky711
rocky999
rockyboy
rockyboy1
rockycat
rockydog
rockyhorror
rockymtn
rockyone
rockyroad
rockyroc
rockyroo
rockytop
rockyxxx
rocorico
rocoroco
rod12345
rod353765
rodavlas
rodcarew
rodders1
rodeo123
rodeohax
rodeoman
roderick
rodina19
rodionov
roditeli
rodman91
rodney12
rodney21
rodney66
rodneyah
rodnreel
rododendron
rodolfo1
rodolphe
rodric15
rodrigo1
rodrigue
rodrigues
rodriguez
rodum109
roenskeep
rofemya3
roflcopter
roflrofl
roga4evi411
roger007
roger123
roger444
roger666
rogerdog
rogerroger
rogers12
rogerwil
rogue007
rogue123
rogue420
rogueone
rohan123
roheline
roidmons
rojocapo
rojz6479
roknroll
roksana1
roksolana
roland00
roland11
roland12
roland13
roland18
roland19
roland69
rolandas
rolando1
roleplay
rolexgmt
roller45
rollerbl
rollerblade
rollerbo
rollercoaster
rollers1
rolling1
rolling2
rollings
rollingstone
rollins1
rollmops
rollon10
rollout1
rollover
rollrock
rollsroy
rollsroyce
rolltid1
rolltide
rolltide1
rolodex1
rolorolo
rolsen111
roma1234
roma12345
roma1973
roma1984
roma1986
roma1987
roma1989
roma1990
roma1991
roma1992
roma1993
roma1994
roma1995
roma1996
roma1997
roma1998
roma1999
roma2000
roma2001
roma2003
roma2010
roma2012
romaamor
roman123
roman1978
roman1979
roman1982
roman1984
roman1985
roman1986
roman1991
roman1993
roman1994
roman1995
roman2011
roman222
roman666
roman777
romance1
romanee5
romanenko
romania1
romanian
romano12
romano14
romanova
romanroman
romans323
romanski
romanson
romantic
romantica
romantico
romantik
romantika
romario1
romario1985
romaroma
romaschka
romashka
romashka1970
romashka2
romashkin
romaska123
romeo123
romeo333
romerome
romes2002
rominet0
rominger
romko160392
rommel01
rommel23
rommel32
romochka
rompecorazone
romyaldo
ronald02
ronald11
ronald12
ronaldin
ronaldinh
ronaldinho
ronaldinho10
ronaldinio
ronaldo0
ronaldo007
ronaldo1
ronaldo10
ronaldo12
ronaldo123
ronaldo2
ronaldo7
ronaldo777
ronaldo9
ronaldo99
rondayne
rondelle
ronjerem
ronjeremy
ronnie123
ronnie45
ronorberg88
ronsonol
rooclyde89
roodypoo
rooferings
roogahin
rooivalk
rook1234
rookmage
roomroom
roonaldo
rooney08
rooney10
roosevel
roosevelt
rooster1
rooster2
rooster3
rooster4
rooster6
rooster9
roosters
root66be
rootbear
rootbeer
rootbeer1
rootdown
rootedit
rootroot
ropeburn
roppongi
rorororo
rorschac
rorschach
rorusla11
rosaleen
rosalina
rosalind
rosalinda
rosaline
rosalita
rosamari
rosamaria
rosamond
rosamund
rosangel
rosangela
rosanna1
rosario1
rosarosa
rosbergnico
rosco2008
rosco32a
roscodog
roscoe12
roscoe33
rose0323
rose1234
rose2bud
roseanna
roseanne
rosebank
rosebowl
rosebud1
rosebud2
rosebud3
rosebud4
rosebud5
rosebud6
rosebud7
rosebud9
rosebudd
rosebuds
roseburn
rosebush
rosedale
rosegarden
rosehill
roseland
roseline
rosemari
rosemarie
rosemary
rosemead
rosemont
rosemoun
rosenrot
rosentha
rosepetal
roserose
rosesarered
rosevill
rosewood
roshan789
rosie123
rosiedog
rosinski
rosirosi
roskilde
rosmarie
rosomaha
rosomaxa
rosomaxa1
rossella
rossetti
rossi32575
rossigno
rossignol
rossiter
rossoblu
rossoner
rossoneri
rossross
rossssor
rostik1994
rostisla
rostislav
rostov161
rostov61
roswell1
roswitha
rotation
rothbart
rotherha
rotherham
rothmans
rothwell
rotoroot
rotterda
rotterdam
rottweil
rottweiler
rouge001
roughnec
roughneck
roughrid
roughrider
roughsex
roulette
rounders
roundeye
roundhouse
rousseau
route666
rover100
rover123
rover200
rover214
rover216
rover400
rover416
rover600
rover620
roverbook
roverdog
rovers95
roverscan
rovnogod
row13591
rowdy123
rowdydog
rowlands
roxanne1
roxiedog
roxy1234
roxydog1
roxygirl
roxymusic
roxyroxy
royal123
royalblu
royalflush
royaloak
royals85
royalsta
royayers
roybatty
roybatty08
roygbiv1
royhobbs
royjones
roykeane
rozalina
rozavetrov
rozinate
rozochka
rpol34ss
rpomujla
rpsdrpsd
rr231982w111
rrasprxy
rreedd99
rrek1209
rrobert6
rrop6086
rrr99kkk
rrrabbit
rrrrrr2000
rrrrrrr1
rrrrrrrr
rrrrrrrrr
rrrrrrrrrr
rruukkes
rsalinas
rsammons
rsc512663995
rsf49ers
rshysi59
rsixv1dl
rsmith51
rsmmllsv
rsnail77
rsnotify
rsquared
rss7code
rsturbo1
rstuvwxyz
rsxtypes
rt3460014
rt6ytere
rtarbell
rtnhby12
rtrtrtrt
rtv8633a
rtvthjdj
rtwodtwo
rtyfghvbn
rtynbr43
rtyu4567
rtyuehe1
rtyuehe123
rtyufghjvbnm
ru4btrpnkokgeq
rubashka
rubberba
rubberdu
rubberduck
rubberducky
rubberma
rubberme
rubberne
rubicon1
rubidium
rubinkazan
rublevka
rubshisd
ruby2000
rubydook
rubygirl
rubyred2
rubyrose
rubyruby
rucksack
rudeboy1
rudedude
rudegirl
rudiment
rudirudi
ruditoot
rudolph1
rudypooh
rudyrudy
ruebe484
ruellovedada1
ruffles1
ruffles2
ruffneck
ruffride
ruffruff
ruffryde
ruffryder
ruffryders
rufus123
rufusdog
rugby111
rugby123
rugbybal
rugbyman
rugbyref
ruger123
ruger9mm
rugermk2
ruggieri
ruggiero
ruicosta
ruizhang
rukhsana
rulesyou
rulezzzz
rumble12
rumburak
rumkugel
rumpelstiltzkin
rumpole1
rumpshaker
rumrunne
rumrunner
run4life
runabout
runamuck
rundgren
rundll123
rundll32
runescap
runescape
runescape1
runescape123
runescape1995
runkakuk
runnacles
runner01
runner11
runner12
runner69
runner77
runner99
running1
running2
running3
runningm
runningman
runnings
runningw
runoilija
runonceex
runprograms
runricky
rup333rt
ruriruri
rus561992
rusakova
rusalochka
rusanova
rush1234
rush2112
rushcity
rushhour
rushmore
rushrush
rusik777
ruslan007
ruslan05
ruslan123
ruslan12345
ruslan13
ruslan1984
ruslan1991
ruslan1992
ruslan1994
ruslan1995
ruslan1996
ruslan1997
ruslan1998
ruslan2009
ruslan2011
ruslan4ik
ruslan777
ruslan87
ruslan97
ruslanchik
ruslanmail
ruslanruslan
russ0691
russ1200
russ1234
russell1
russell2
russell3
russell5
russell7
russelliniy
russellr
russells
russia12
russia1488
russia18rus
russia88
russian1
russian6
russian7
russians
russland
rusty123
rusty195
rusty666
rustyboy
rustycat
rustydog
rustyman
rustynai
rustynail
rustypoo
rutabaga
rutabega
rutgers1
rutgers6
ruthanne
rutherfo
rutherford
ruthless
ruthruth
rutledge
ruubruub
ruylopez
rv3usnvm
rv6fqhmf
rvanneth
rvgmw2gl
rvrsumid
rw6sw94284
rwallace
rwhit939
rwjp6303
rwzst378
ry5cjqx4
ryan1234
ryan1980
ryan1994
ryan1998
ryan2000
ryan7926
ryangigg
ryangiggs
ryanking
ryannayr
ryanrocks
ryanryan
rydeordie
ryder123
rydercup
ryebread
rygester
ryjgjxrf
rylander
ryryry12
ryryryry
ryslan123
ryzpmnmvs
rz93qpmq
s0crates
s0ftware
s11kyyzz
s1234567
s12345678
s123456789
s1234567890
s123456s
s14300815s
s159753s
s1911871
s1a2h3a4
s1a2s3h4a5
s1e2r3e4g5a6
s1mpsons
s1s1s1s1
s1s2s3s4
s1s2s3s4s5
s1t2a3s4
s21kpass
s23091998
s28309505
s2fdsp8g6i
s332peed
s3curity
s3trio3d
s456123789
s4xnhsdn
s5dreser
s5jdeuz94c
s5r8ed67s
s636318a
s69!#%&(
s724215h
s7654321
s7777777
s7fhs127
s82254t4
s8371899
s8n8o8p8
s968831778s
s9e3kkpo
s9te949f
sa020494
sa15011965
sa217hr9
sa2222wh
sa2520249
sa3319sb
saab9000
saab900s
saabaero
saabsaab
saadmcfg
saadmweb
saahctdd
saaremaa
saavedra
sabakasuka
sabasaba
sabastian
sabatini
sabbath1
sabbath6
sabbath7
sabbatic
sabercat
sabertooth
sabiduria
sabina01
sabine11
sabine13
sabine24
sabledog
sabotage
sabre150
sabreman
sabres98
sabretoo
sabretooth
sabrewul
sabrina0
sabrina1
sabrina2
sabrina6
sabrina7
sabrina9
sabrina99
sabrinas
sabrino4ka
sabritas
sabusabu
sacanagem
sacera233
sachglng
sachin123
sackings
sacoremsg
sacramen
sacrament
sacramento
sacrific
sacrifice
sadamaza
sadamoto
sadasdas
sadattim
saddlers
sadeness
sadesade
sadface1
sadfsfaasd123
sadie123
sadieanne
sadiedog
sadiegir
sadiegirl
sadiemae
sadiemay
sadiesue
sadikova
sadlkfj23
sadomaso
sadomazo
sadsadsad
sadvceid
safadinho
safari12
safecrac
safehouse
safelist
safemode
safesafe
safeu851
safeway1
saffrejo
saffron1
safonova
safonovo
safrcdlg
safronova
saga1389
sagamore
saganime
sagar101
sagar123
sagbinladen
sagchair
sagebrush
sagenmsg
sagesage
sagitari
sagitario
sagitarius
sagittar
sagittarius
sagmember
sagminimoni
sagnapster
sagnintendo
sagsimpson
sagwa123
sagwarez
saha1234
sahakyan
sahasaha
sahsa2010
sahtekar
sahtm001
sahtm002
sahtm003
sahtm004
sahtm005
sahtm006
sahtm008
sahtm009
sahtm010
sahtm011
sahtm012
sahtm013
sahtm014
sahtm017
sahtm018
sahtm019
sahtm020
sahtm021
sahtm023
sahtm027
sahtm028
sahtm029
sahtm030
sahtm033
sahtm034
sahtm037
sahtm038
sahtm039
sahtm040
sahtm041
sahtm042
sahtm043
sahtm044
sahtm045
sahtm046
sahtm047
sahtm048
sahtm049
sahtm050
sahtm051
sahtm053
sahtm054
sahtm055
sahtm056
sahtm057
sahtm058
sahtm059
sahtm060
sahtm061
sahtm062
sahtm063
sahtm065
sahtm067
sahtm068
sahtm069
sahtm070
sahtm071
sahtm072
sahtm075
sahtm076
sahtm077
sahtm078
sahtm080
sahtm081
sahtm082
sahtm083
sahtm084
sahtm085
sahtm086
sahtm087
sahtm088
sahtm089
sahtm091
sahtm092
sahtm093
sahtm094
sahtm096
sahtm097
sahtm099
sahtm100
sahtm101
sahtm102
sahtm103
sahtm104
sahtm105
sahtm107
sahtm110
sahtm112
sahtm113
sahtm114
sahtm115
sahtm116
sahtm118
sahtm119
sahtm120
sahtm121
sahtm122
sahtm123
sahtm125
sahtm126
sahtm127
sahtm129
sahtm130
sahtm131
sahtm132
sahtm133
sahtm135
sahtm136
saibaba1
saidsaid
saifalla
saige316
saikumar
sail4fun
sailaway
sailboat
sailfast
sailfish
sailing0
sailing1
sailing2
sailor11
sailor22
sailorbo
sailorman
sailormo
sailormoon
sailsail
sainclai
sainstall
saint007
saint111
saint123
saintjoh
saintraj
saints01
saints10
saints11
saints12
saints16
saints19
saints20
saints25
saints98
saints99
saintseiya
saintsfc
saintsrow2
saipriya
sairam123
saisg002
saito525
saiyajin
sakamo99
sakamoto
sakartvelo
sakeris123
sakhalin
sakodogg
sakura12
sakura123
sakuraba
sakuragi
salainen
salam123
salamanc
salamanca
salamand
salamander
salamandr
salamandra
salambek
salamon13
salamony
salamsalam
salarine
salasala
salasana
salasana1
salchicha
saleens7
salem123
salemcat
salernitana
sales100
sales123
sales213
salesian
salesman
salinger
salisbur
salisbury
salksdjf
sally101
sally123
sallyann
sallycat
sallydog
sallysue
salmankhan
salmanov
salmanova
salmon99
salnikova
salocaluimsg
saloclui
salohcin
salomon1
salomon45
salomsalom1
saloniki
salosalo
salsabil
salt1025
saltanat
saltfish
saltlake
saltovka
saltwate
saltwater
saltydog
salukitx
salvador
salvador1
salvatio
salvation
salvator
salvatore
salvatore1
salzburg
sam12345
sam138989
sam19557
sama0824
sama1234
samada33
samadams
samanta1
samanth1
samantha
samantha0
samantha1
samantha12
samantha2
samara163
samara2010
samara63
samarcan
samarina
samarkan
samarkand
samatron
sambalov
sambasam
sambo123
sambosambo
sambrown
sambuca1
sambucca
samdaman
samdurak
samedova
sameer123
samename
samer470
samerica
samesame
samfisher
samiam12
samimaxi1212
samireliyev
samirsamir
samisami
sammakko
sammarin
sammie01
sammilly
sammy001
sammy101
sammy111
sammy123
sammy1234
sammy199
sammy2b4
sammy576
sammy999
sammyboy
sammycat
sammydog
sammygirl
sammyjoe
sammylee
sammysam
sammysos
sammysosa
samosval
samotlor
samourai
samoylenko
sampaguita
sampdori
sampdoria
sampedro
sampling
sampoerna
sampson1
sampson2
sampson55
sampson7
samsamsa
samsamsam
samsclub
samsneed
samson01
samson11
samson12
samson123
samson22
samson23
samson30
samson69
samsonit
samsonite
samsonov
samsonov8
samsonova
samspade
samstern
samstown
samsun55
samsung0
samsung1
samsung11
samsung12
samsung123
samsung1234
samsung12345
samsung13
samsung2
samsung2000
samsung2009
samsung2010
samsung2011
samsung21
samsung3
samsung5
samsung6
samsung7
samsung77
samsung777
samsung8
samsung87
samsung9
samsungc3050
samsungg
samsungkoze176351
samsungr519
samsungs
samsungs5230
samtaney
samtheca
samthedo
samthema
samtheman
samtron1
samuel01
samuel10
samuel11
samuel12
samuel123
samuel18
samuel20
samuel21
samuel22
samuel25
samuel33
samuel99
samuelit
samurai1
samurai4
samurai7
samurai8
samurai9
samurais
samuraix
samusamu
samusara
samusaran
samwise1
sanandreas
sanandres
sananelan
sananepic
sanangel
sananton
sanantonio
sanasana
sanbornp
sanches68
sanchez0
sanchez1
sanchez7
sanchez9
sanchita
sanctify
sanction
sanctuar
sanctuary
sand9000
sandarna
sandbass
sandberg
sandburg
sandcrab
sandcreek
sanddune
sande123
sandeep12
sandello
sander13
sanders1
sanders2
sanderso
sanderson
sandflea
sandford
sandgorg
sandhill
sandi1172
sandiego
sandiego619
sandimas
sandiron
sandk501
sandlake
sandlot1
sandman1
sandman2
sandman6
sandman7
sandman9
sandmann
sandnigger
sandocan
sandokan
sandoval
sandpipe
sandra01
sandra11
sandra12
sandra123
sandra13
sandra14
sandra19
sandra21
sandra22
sandra33
sandra69
sandra75
sandra77
sandrail
sandrash
sandrika
sandrine
sandrita
sandrock
sandstar
sandstone
sandstorm
sandtrap
sandugash
sandusky
sandvika
sandwich
sandworm
sandy007
sandy123
sandy2562
sandy888
sandyboy
sandydog
sandygirl
sandyman
sandypop
sanechek
sanechka
sanek123
sanek1234
sanek1992
sanek1993
sanek777
saneksanek
sanford1
sanfran1
sanfran49
sanfranc
sanfrancisc
sanfrancisco
sangbang
sangeeta
sangeeth
sangeetha
sangohan
sangreal
sanguine
sanguinius
sania123
sanikidze
sanitair
sanitari
sanity72
sanity729
sanjose1
sanjose2
sank1995
sankukai
sanlorenzo
sanman72
sanmarco
sanmateo
sanmigue
sanoskesan
sanosuke
sanpablo
sanpedro
sanramon
sanskrit
santa123
santa234
santaana
santabar
santabarbara
santacla
santaclaus
santacru
santacruz
santafe1
santaklaus
santamaria
santamon
santana1
santana2
santana5
santanas
santande
santander
santaros
santarosa
santasanta
santehnik
santeria
santexnik
santhosh
santi123
santiago
santiago1
santiago123
santisuk
santonio
santorin
santorini
santosfc
sanya123
sanya12345
sanya1986
sanya1992
sanya1993
sanya1997
sanya1998
sanya5712
sanya777
sanyasanya
sanynokia5130
saopaulo
sapper51
sapphic1
sapphira
sapphire
sapphire1
saprissa
sapronova
saqartvelo
sara1234
sara1984
sara2000
sara2003
sara9881
saraband
sarabeth
saraburi
saracen1
saracens
saradomin
sarafina
sarah123
sarah198
sarah200
sarahann
sarahbear
sarahbeth
sarahjan
sarahjane
sarahlee
sarahlov
sarahros
sarahten
sarajane
sarajevo
sarakawa
saralina
saralove
saralynn
saramatt
sarandon
saranghe
sarasara
sarasota
sarastro
saraswathi
saraswati
saratoga
saratov64
saravana
saravanan
sardauka
sardegna
sardines
sardinia
sardonic
sardorbek
sarducci
saregama
sargeant
sargent1
sargepup1
sargrego
sargsyan
sarigama
sarina01
sarkisyan
sarkofag
sarmient
sarmiento
sarpalid
sartre99
sarutobi
sarzynim
sas123456
sasa123321
sasa1234
sasa18ua
sasa1990
sasa1991
sasa2010
sasafras
sasanext
sasanoha
sasasasa
sasasasasa
sasbadas
sascha11
sased111
sasha001
sasha007
sasha050386
sasha111
sasha123
sasha1234
sasha12345
sasha123456
sasha197
sasha1980
sasha1983
sasha1984
sasha1985
sasha1986
sasha1987
sasha1988
sasha1989
sasha199
sasha1990
sasha1991
sasha1992
sasha1993
sasha1993150205
sasha1994
sasha1995
sasha1996
sasha1997
sasha1998
sasha1999
sasha200
sasha2000
sasha2001
sasha2002
sasha2003
sasha2004
sasha2006
sasha2009
sasha2010
sasha2011
sasha2012
sasha5555
sasha666
sasha777
sasha878
sasha_007
sasha_10_11
sashacat
sashace12
sashadog
sashakotov
sashamasha
sashasasha
sashasashasasha
sashenka
sashka159357
sashsash
sashulya
sashutdn
sashutdown
sasitare
saskatoo
saskatoon
saslfcrt
sasquach
sasquatc
sasquatch
sassafra
sassafras
sassy123
sassycat
sassydog
sassygir
sassygirl
sassyone
sassysas
sasuke12
sasuke123
sasuke569
sasuke862
sasukeuchiha
sasyke1234
sasysinf
sat321321
satan666
satana666
satanism
satanist
sataniv1993
satanrul
satchel1
satchmo1
satcong9
satelite
satellit
satellite
satelnet
satisfac
satisfaction
satoshi1
satriani
satriani8
satservr
satsumat
sattarova
sattmann
satu10gg
saturate
saturda1
saturday
saturdaypnb
saturn01
saturn11
saturn12
saturn13
saturn19
saturn69
saturn95
saturn96
saturn97
saturnin
saturnsc
saturnsl
saturnus
satusatu
satyr469
satyricon
saucisse
saulhudson
saun24865709
saunders
sauniere
sauron13
sausage1
sausages
sausalit
sausrmsg
saustall
sauvigno
savage01
savage12
savage123
savage99
savanna1
savannah
savannah1
savatage
savchenko
savdni65
save13tx
saveleva
savenkov
saveongas
savlea90
savs3131
saw2wiwi
sawasawa
sawasdee
sawblade
sawbones
sawgrass
sawtooth
sawyer92
saxaphon
saxaphone
saxofonce
saxophon
saxophone
saxotrip
saxsaxsax
sayangku
saybrook
saycheese
sayhello
saymyname
sayonara
saywhat1
sazonova
sb842105
sba2bbb2
sbcgloba
sberbank
sbn99086
sbscmp10
sc00byd0
sc00byd00
sc0rp10n
sc0tland
sc246650
scaffold
scallops
scallywag
scammell
scammers
scamper1
scampers
scandals
scandinavian
scandisk
scandium
scania11
scaniar620
scaniav8
scanner1
scanners
scanning
scanscan
scapegoa
scapegoat
scarboro
scarborough
scarecro
scarecrow
scarefac
scareface
scarface
scarface1
scarlet1
scarlet2
scarlet6
scarlets
scarlett
scarroll
scarter1
scatman1
scavenger
scb04070
sccdgbeb
scenario
sceptre1
sceptres
scesetuproot
sch846uo
sch9wtwq
schaefer
schaffer
schalke0
schalke04
schallapatapan
schaller
schanzen22
scharan4
schastie
schastlivaya
schastye
schatje1
schatten
schatzi1
schatzie
schecter
schedsvc
schedule
scheiner
scheisse
scheller
schelling
schenker
schering
schermer
schiffer
schilder
schildkroet
schiller
schillin
schimmel
schinken
schlacht1
schlafen
schlampe
schlange
schlecht
schleich
schlosser
schluffi
schlumpf
schluter
schm0852
schmidt1
schmidty
schmitty
schmoggl
schmoopy
schmoove
schmooze
schmurtz
schn0196
schnabel
schnappi
schnapps
schnauze
schnauzer
schnecke
schnecki
schneide
schneider
schnitte
schnitze
schnitzel
schnucki
schnucky
schnuffe
schnuffel
schnuffi
schnulli
schnuppe
schnuppi
schodack
schoener
scholar1
scholars
school10
school11
school12
school123
schoolboy
schoolbu
schoolbus
schoolda
schooldi
schoolgi
schoolgirlie
schoolman
schoolsu
schoolsucks
schooner
schorpioen
schorsch
schrader
schreibe
schreine
schrempf
schroder
schroede
schroeder
schrotti
schubert
schultz1
schultze
schumach
schumache
schumacher
schumann
schuster
schuyler
schwantz
schwartz
schwarze
schweden
schweine
schweiz1
schweizer
schweppes
schwinn1
science1
scimitar
scipione
scirocco
scissors
scituate
sciuscia
sclgntfy
scofield
sconnect
scoobie12
scoobnot
scooby00
scooby01
scooby11
scooby12
scooby13
scooby21
scooby22
scooby69
scoobydo
scoobydoo
scoobydoo1
scoobydoo2
scoobyii
scoondog
scoop123
scooper1
scoot112
scoot123
scooter0
scooter1
scooter123
scooter2
scooter3
scooter4
scooter5
scooter6
scooter7
scooter8
scooter9
scooter99
scooterb
scooterm
scooterp
scooters
scooties
scorched
scorcher
scorchme
score123
scorecrd
scorelan
scoreland
scoremag
scorpian
scorpio0
scorpio1
scorpio2
scorpio21
scorpio3
scorpio4
scorpio5
scorpio6
scorpio7
scorpio8
scorpio9
scorpion
scorpion1
scorpion12
scorpion13
scorpion2
scorpion7
scorpion77
scorpione
scorpionking
scorpions
scorpios
scorpius
scorsese
scot4111
scotlan1
scotland
scotland1
scotsman
scott111
scott123
scott196
scott198
scott1992
scott200
scott285
scott321
scott630
scottbro
scottg25
scotthall
scottie1
scottie2
scottiej
scotties
scottish
scottjak
scottsda
scotttos
scottttt
scotty00
scotty11
scotty22
scotty69
scotty80
scotty81
scotty99
scottya3
scottydo
scoubido
scoubidou
scoubidou2
scoubidou6
scoundra
scoundre
scousers
scout123
scoutdog
scouter1
scouting
scoutsou
scoutsout
scp52387
scrabble
scramble
scrambler
scramjet
scranton
scrapland
scrapman
scrapper
scrappie
scrapple
scrappy1
scratch1
scratch2
scratche
scratchi
scratchman
scratchy
screamer
screamin
screemer
screener
screenplay
screwbal
screwball
screwdri
screwyou
screwyou2
scriabin
scribble
scribbles
scribner
scriptpw
scroggin
scroller
scrolllock
scrptutl
scrubber
scruffy1
scruffy2
scruffy9
scsdoc11
scsenia911911
scuba123
scubadiv
scubadive
scubadiver
scubaman
scubapro
scubascuba
scubaste
scuderia
scudetto
scully12
scully99
sculptor
scumbag1
scumbags
scumfuck
scumscum
scungill
scunthor
scunthorpe
scuppers
scurlock
sd15s3bb
sd3lpgdr
sd3utre7
sd43tdfg3
sd846412
sdasdasd
sdf123456
sdfghjkl
sdfgsdfg
sdfsdfsd
sdfsdfsdf
sdh686drth
sdicmt7seytn
sdjk985dfkjg
sdkfz173
sdkfz181
sdkfz251
sdpadres
sdpass22
sdrabbit
sdrawkca
sdroplet
sdsadee23
sdsdsdsd
sdsdsdsds
sdsfdgnd3jl5lv
sdsoast2
seabass1
seabees1
seablood
seaboard
seabreez
seabring
seabrook
seacoast
seacraft
seacrest
seadevil
seadog22
seadoo15
seadoo96
seaeagle
seafood1
seaforth
seagrams
seagrave
seagreen
seagull1
seagulls
seahawks
seahorse
seaisle1970
sealbeac
sealcats
sealink123
sealseal
sealteam
sealteam6
sealtiel
seamaste
seamless
seamonke
seamonst
sean1005
sean1234
sean1981
sean5627
seanbean
seanchai
seanjohn
seank820
seansean
seanster
seaotter
seaquest
searay30
searcher
searchin
searching
searchli
searock6
seascape
seaseasea
seashell
seashore
seaside1
seasider
seasky88
seaspray
seasseas
seastone
seaswirl
seatibiz
seatibiza
seatleon
seatrout
seattle0
seattle1
seattle2
seattle4
seattle5
seattle7
seaturtle
seawater
seawolves1
seaworld
sebastia
sebastiaan
sebastian
sebastian1
sebastie
sebastien
sebastio
sebastion
sebora64
sebring1
secbasic
secondgear
secondhand
secoseco
secret00
secret01
secret02
secret10
secret11
secret12
secret123
secret12345
secret13
secret19
secret21
secret22
secret23
secret24
secret36
secret4u
secret69
secret77
secret99
secretag
secretar
secretlo
secretlove
secretos
secretpa
secretpass
secrets1
secretsecret
secretss
section1
section8
section9
sections
sector2814
sector7g
secure01
secure123
secure69
secured1
securita
securitas
securite
securiti
security
security1
sedecrem
sedevacante
sedgwick
sedsedsed
seductio
seduction
seductive
seeboard
seedcorn
seedless
seedling
seedseed
seeitall
seeitnow
seeker40
seeloewe
seemenow
seemnemaailm
seepferd
seesaw2431
segasega
segblue2
segedskaa7
segurida
sehnsucht
seho2109
seifenkiste
seigneur
seinfeld
seinfeld1
seinfeld123
seinfeld4
seinfield
seinhuis
sejersen
sekirarr
sekret199502
sekretar
seksi111
seksseks
sektorgaza
sekutanaka
selacome
selakome
selangor
selassie
selected
selection
selector
selenagomez
selenium
seleznev
selezneva
selfbias
selflove
selfmade
selfok2013
selfsigncert
selfsuck
selhurst
seligman
selivanov
sellhigh
sellitti
sellmore
sellsell
semantic
semaphor
semarang
semasa70
sembilan
semechki
semen007
semen123
semen1234
semen777
semenenko
semenova
semental
semenyuk
seminary
seminole
seminoles
semolina
semper12
semperf1
semperfi
semperfi1
semprini
sempurna
semsenha
semsrm91
senator1
senators
senbernar
senbonzakura
sendcmsg
sendmail
seneca28
senha123
senha1234
senhasenha
senior00
senior06
senior07
senior08
senior15
senisevirem
seniseviyor
seniseviyoru
seniseviyorum
senna123
senna888
sennheiser
seno1234
senorita
sensatio
sensation
senseless
sensible
sensimilia
sensitiv
sensitive
sensual1
sente196
sentence
sentient
sentimental
sentinal
sentinel
sentinel1
senveben
senyseny
seo21saafd23
separator
sephirot
sephiroth
sephiroth1
seppelee
seppsepp
septemb1
septembe
september
september11
september19
september2
september23
septembr
septembre
septerra
septiembr
septiembre
septimus
sepultur
sepultura
sequence
sequoyah
sera19930220
serafima
serafina
serafine
seraphim
seraphin
serega0000
serega12
serega123
serega12345
serega15
serega18
serega19
serega1981
serega1987
serega1988
serega1989
serega199
serega1990
serega1991
serega1992
serega1993
serega1994
serega1996
serega1997
serega1998
serega2010
serega21
serega27
serega53983
serega58rus
serega777
serega86
serega88
serega90
serega94
seregaserega
serenada
serenade
serendip
serendipit
serendipity
serenit1
sereniti
serenity
serenity1
serenitynow
serfl433
serg0478
serg123111
serg1234
serg1793
serg1974
serg1976
serg1990
serg2489
serg2525
serg3216767
sergbest
sergeant
sergeeva
sergeevich
sergeevna
sergei123
sergei1989
sergei1992
sergei199428
sergei2010
sergei25
sergeich
sergey007
sergey12
sergey123
sergey1234
sergey12345
sergey13
sergey1306
sergey17
sergey1967
sergey1969
sergey1970
sergey1981
sergey1984
sergey1986
sergey1992
sergey1993
sergey1995
sergey1997
sergey1999
sergey2010
sergey76
sergey77
sergey777
sergey91
sergey93
serggalant
serggres
sergienko
serginho
sergio01
sergio12
sergio123
sergio12345
sergio1992
sergserg
sergunya
serhthsjsth
serializatio
serious1
serkan12
serpantin
serpent1
serpenti
serpentine
serpico1
serpient
serpieri
serpimolot
serrano1
serrotta
sersolution
serspecv
servant1
servdeps
servelat
server23
serverapplia
servers1
servette
service01
service1
service321
service6
servicedatab
servicem
services
servicio
servidor
ses030246
sesamopn
sesimbra
sesshomaru
sessions
sestrenka
setactivepwr
setan123
setcurrentpr
setembro
sethanon
sethseth
setimana
setlanguage
setlocalcif
setmysites
setokaiba
setonhal
setonhall
setpassdw
setproductid
settanta
settings
settlers
setupdicallc
setupdigetcl
setupdiinsta
setupenu1
setupenu2
setupopeninf
setupstartse
seung324
seunghyu
seungnoo
seunlove
sevastopol
seven007
seven777
sevendays
sevendus
sevendust
sevenele
seveneleven
sevenoaks
sevenof9
sevenofn
sevenofnine
sevenone
sevenout
sevens78
sevenseven
sevensta
seventee
seventeen
seventy7
seventyt
severanc
severian
severina
severine
severino
severnaya
severodvinsk
severomorsk
severson
sevgilim
sevilia1
sevillafc
seville1
sevisgur
sewerman
sex06969
sex12345
sex123456
sex2nite
sex2sex2
sex4ever
sex4free
sex4life
sex4show
sex53192
sex69sex
sexaddict
sexadict
sexbitch
sexcrazy
sexcrime
sexdating
sexdrive
sexesexe
sexfiend
sexfiles
sexforme
sexfreak
sexgames
sexgodde
sexhound
sexiness
sexisfun
sexisgoo
sexisgood
sexisgre
sexisgreat
sexislife
sexkitte
sexkitten
sexkitty
sexlover
sexmachi
sexmachine
sexmania
sexmaniac
sexmaste
sexmaster
sexmenow
sexoanal
sexoduro
sexogratis
sexomacs
sexonthe
sexosexo
sexpisto
sexpistol
sexpistols
sexrocks
sexrules
sexsells
sexsex12
sexsex23
sexsex69
sexsexse
sexsexsex
sexsexsexsex
sexsites
sexslave
sexstar1
sexstuff
sextapes
sextoy69
sextrack
sexualit
sexuality
sexually
sexvideo
sexx1234
sexxsexx
sexxxxxx
sexxyman
sexy1234
sexy2000
sexy2003
sexy6969
sexy7399
sexyass1
sexybabe
sexybaby
sexyback
sexybeas
sexybeast
sexybeast1
sexybich
sexybitc
sexybitch
sexybody
sexyboy1
sexyboys
sexybutt
sexychic
sexydiva
sexydude
sexyeyes
sexyfeet
sexyfuck
sexygirl
sexygirl1
sexygirls
sexygurl
sexyhexy
sexyivan
sexyladi
sexylady
sexyland
sexylegs
sexylife
sexylips
sexylisa
sexylove
sexylover
sexymale
sexymama
sexyman1
sexyme123
sexymofo
sexyness
sexypass
sexypic6
sexypics
sexyplay
sexyporn
sexyred1
sexyrexy
sexysadie
sexysara
sexysexy
sexyshit
sexyslim
sexyslut
sexystud
sexythin
sexything
sexytime
sexytits
sexytoes
sexywife
seymour1
seymour2
sezam4hn
sfetish1
sfgiants
sfhj5484fgh
sg123456
sg212167
sg7gjahi
sgadria3
sgd1ub4792
sge4ever
sgegukbm
sgobero1
sgou8694
sgpkcsaq
sgrdty5h
sgtpeppe
sh*thead
sh1thead
sh4d0w3d
sh6871516
shabadoo
shabalina
shabandaryant
shabanov
shabanova
shabash13
shadetre
shadow00
shadow01
shadow02
shadow04
shadow06
shadow07
shadow09
shadow10
shadow11
shadow12
shadow1212
shadow123
shadow13
shadow14
shadow15
shadow16
shadow18
shadow19
shadow20
shadow21
shadow22
shadow23
shadow24
shadow25
shadow28
shadow29
shadow31
shadow32
shadow33
shadow42
shadow44
shadow55
shadow59
shadow62
shadow66
shadow666
shadow67
shadow69
shadow72
shadow76
shadow77
shadow78
shadow83
shadow88
shadow90
shadow92
shadow93
shadow98
shadow99
shadowca
shadowcat
shadowcla1
shadowda
shadowdog
shadowed
shadowfa
shadowfax
shadowlo
shadowma
shadowman
shadowmaster
shadowru
shadowrun
shadows1
shadows8
shadowss
shadowww
shadrach
shadrack
shadwell
shadyone
shaemark
shaffer1
shaforost22
shagadel
shagadelic
shagger1
shaggy01
shaggy11
shaggy12
shaggy34
shaggy69
shaggydo
shaggyen
shagnast
shagnasty
shagrath
shagshag
shagufta
shagwell
shah1234
shahnoza
shahrukh
shahzadi
shahzaib
shaihulu
shailesh
shaitan6
shaka123
shakazul
shakazulu
shakedow
shakedown
shakeela
shakeitup
shakerma
shakes69
shakespa
shakespe
shakespear
shakespeare
shakhtar
shakira1
shakira2
shakira6
shakirov
shakirova
shalimar
shalimova
shalom18
shalomshalom
shalonda
shaman123
shamanka
shamanking
shambala
shambler
shambles
shameful
shameles
shameless
shamilov
shamokin
shampain
shampoo1
shamrock
shamrock1
shamsher
shamwari
shanahan
shandy99
shane016
shane123
shanedan
shanelle
shaney14
shanghai
shanghai1
shangril
shangrila
shania01
shaniatw
shanice1
shaniqua
shankara
shanking
shanklin
shannara
shannon0
shannon1
shannon12
shannon2
shannon3
shannon4
shannon5
shannon6
shannon7
shannon8
shannon9
shannonl
shannonm
shannonn
shannonp
shanny14
shanshan
shantanu
shantell
shao1uff
shaolin1
shaolin7
shaolin8
shaonuff
shapovalov
shaqster
shaquill
shaquille
share123
shareaza
sharinga
sharingan
sharipov
sharipova
shark007
shark111
shark123
sharkatt
sharkbai
sharkbit
sharkbite
sharkboy
sharkfin
sharkies
sharkman
sharkshark
sharky10
sharleen
sharlene
sharlotta
sharmaine
sharmila
sharmoot
sharmuta
sharo3taylor
sharon01
sharon10
sharon12
sharon46
sharon68
sharon69
sharonwu
sharpey1
sharpie1
sharpie2
sharpsho
sharpshooter
sharpton
shashank
shashkov
shashlik
shasta01
shasta19
shattered
shattuck
shaundra
shavedpu
shavedpussy
shavonne
shaw1234
shawarma
shawn123
shawna12
shawnboy
shawshan
shawshank
shaxnoza
shayad2426
shayla96
shaylynn
shayshay
shaz4gbr
shazam11
shdwlnds
shearer2
shearer9
sheba123
sheba185
shebacat
shebadog
shebagirl
shedevil
sheeba12
sheena19
sheep1228
sheep123
sheepdog
sheepher
sheepish
sheepman
sheepsha
sheetmet
sheetmetal
sheetroc
sheffiel
sheffield
sheffield1
sheffutd
sheffwed
sheila12
sheishot
shekinah
shekspir
shelby01
shelby11
shelby12
shelby34
shelby67
shelby69
shelby84
shelbybell
shelbygt
shelbygt500
sheldon1
sheldon2
shelia69
shell001
shell123
shell203
shellbac
shelley1
shellfis
shelly01
shelly12
shelly17
shelton1
shemale69
shemales
shemham4
shen8804
shengelia
shenjian
shenlong
shenzhen
shephard
shepherd
shephose
sheppard
sheraton
sherbear
sherbert
sherbro1
sheridan
sheriden
sheriff1
sherilyn
sherl0ck
sherlock
sherman1
sherman2
sherrard
sherrie1
sherriff
sherrill
sherry01
sherry12
sherw00d
sherwood
shestakova
shetland
shevchen
shevchenko
shevchuk
sheyenne
shfusres
shibainu
shibbole
shibboleth
shibolet
shidoshi
shift123
shifting
shigehon
shigenar
shihming
shikamaru
shikuri1
shiletha
shilling
shillong
shiloh12
shiloh34
shiman00
shimba01
shimmers
shimsham
shimshon
shinakum
shinbone
shinchan
shine123
shinebox
shiner12
shingles
shinichi
shinigam
shinigami
shinjuku
shinning
shinobi1
shinshin
shintaro
shipmate
shipping
shippudden
shippuden
shippuuden
shipwrec
shipwreck
shipyard
shirley0
shirley1
shirley2
shishkin
shishova
shit1234
shit6969
shitball
shitbird
shitbric
shitbrick
shitcity
shitdick
shiteasy
shiteater
shitface
shitface69
shitfire
shitfuck
shithapp
shithappens
shithawk
shithea1
shithead
shithead1
shithole
shithous
shitlips
shitlist
shitonme
shitpoop
shitshit
shitstai
shitstic
shitting
shiva123
shivally
shivangi
shivbaba
shiznit1
shiznitz
shizuoka
shj01nva
shjs78hb
shkolnik
shmgrate
shmoogle13
shmoopie
shock123
shock133
shocker1
shockers
shocking
shockingl
shockley
shockman
shockwav
shockwave
shodanka
shoehair
shoehorn
shoelace
shoeless
shoemake
shoes123
shoeshin
shoeshoe
shoesize
shoestri
shoggoth
shogi43hz
shogomad
shokolad
shokoladka
sholohov
shon7466
shondale
shoot246
shooter0
shooter1
shooter2
shooter6
shooter7
shooter9
shooters
shooting
shootist
shootnow
shootout
shopaholic
shopatro
shopcoffee
shopgirl
shopmenu
shopper1
shoppers
shopping
shopping1
shopshop
shorelin
shoreline
shorinji
shortbus
shortcak
shortcake
shortcut
shortdick
shortdog
shorthor
shortie1
shortleg
shortman
shortround
shortsto
shortstop
shortstu
shortstuff
shorty03
shorty04
shorty12
shorty13
shorty69
shoryuken
shoshana
shoshone
shotdown
shotglas
shotgun1
shotgun3
shotgun9
shotgunn
shotguns
shotokan
shotsout
shoulder
shoulders
shoulders2
shouldnt
shovelhe
shovelhead
showboat
showcase
showdown
showgirl
showgirls
showmeno
showmethe
showmethemoney
showmore
showroom
showstop
showtime
showtime1
shpkim11
shraddha
shredder
shreeram
shrestha
shrevepo
shreveport
shrewsbu
shrewsbury
shreya12
shrike01
shrimper
shroom69
shroomin
shrubber
shrugged
shtirlic
shtirlits
shubhangi
shuffler
shukri24
shumaher
shunsuke
shunter1
shunyata
shupack1
shuriken
shustrik
shutdown
shutter7
shutterb
shutters
shutting
shuttle1
shyamala
shygirl1
si33nger
siamese3
siamsiam
sibelius
siberian
sibirkin
sic88858
sic8885h
sic888625
siccmade
siccness
sicherheit
sicilian
sickdogg
sickfuck
sickness
sicknote
sickofit
sickpup6
sickpuppy
sickshit
sicksick
sicocxle
siddarth
siddartha
siddhant
siddhart
siddharth
siddiqui
sideburn
sidehill
sidekick
sidekick3
sideline
sideshow
sidewalk
sideways
sidewind
sidewinder
sidewood
sidharta
sidmouth
sidney01
sidney12
sidney69
sidorenko
sidorova
sidvicious
siegfrie
siegfried
siegheil
siegmund
siemenet
siemens1
siemens7
sierra01
sierra11
sierra117
sierra12
sierra15
sierra21
sierra69
sierra88
sierra99
siffredi
sigareta
sigchi12
sigep1312
sigfreud
sigfried
sigidc10
sigma123
sigma957
sigmachi
sigmanu1
sigmaphi
sigmund1
signatur
signature
signature673
signmake
signpost
sigsauer
sikander
sikorski
sikorsky
silacoid
silakrogs
silence1
silenced
silencer
silencio
silent72
silentbo
silentbob
silenthi
silenthill
silentium
silicon1
silicone
silipoby
silk1823
silkeborg
silklegz
silkpant
silkroad
silkworm
silly123
sillyass
sillybil
sillybilly
sillyboy
sillyboys1
sillycat
sillyman
sillysex
sillysilly
silmaril
silmarillion
siltfenc
silvana1
silvanus
silveira
silver00
silver01
silver03
silver04
silver07
silver10
silver11
silver12
silver123
silver13
silver15
silver17
silver18
silver19
silver20
silver21
silver22
silver23
silver25
silver27
silver33
silver37
silver47
silver50
silver52
silver55
silver66
silver69
silver73
silver76
silver77
silver88
silver92
silver99
silverad
silverado
silverba
silverbe
silverbi
silverbl
silverbo
silverbu
silverbullet
silverbus
silverca
silverch
silverchair
silverdeal
silverdo
silverfan
silverfang
silverfi
silverfish
silverfl
silverfo
silverfox
silverfox1
silvergo
silverha
silverho
silveria
silverje
silverki
silverli
silverlo
silverma
silverman
silvermo
silvermoon
silverpe
silverpen
silverpo
silvers1
silversi
silverst
silverstar
silverstone
silversu
silversurfer
silvertab
silverti
silverto
silvertr
silvertree976
silverwing
silverwo
silverwolf
silveste
silvester
silvestr
silvestri
silvestro
silvia01
silviana
silvidvebuio
sim22mie
simakova
simamoto
simba123
simbacat
simbadog
simbasimba
simcity4
simferopol
simm1976
simmonds
simmons1
simochka
simon100
simon101
simon123
simon222
simon999
simoncat
simone01
simone10
simone12
simone69
simone78
simonetta
simonova
simonsay
simonsays
simonsen
simonsez
simonsfm
simpatic
simperfi
simpkins
simple01
simple12
simple123
simple22
simple30
simplema
simplepass
simplepla
simpleplan
simpleto
simplici
simplicity
simplify
simplon0
simplyme
simpson1
simpson2
simpsons
simpsons1
simsalabim
simsclub
simsianer
simsimopen
simsimsim
simssims
simulate
simulato
simulator
sinamorata
sinatra0
sinatra1
sincarne
sincere1
sincerel
sinclair
sindikat
sinecure
sineglaska
sinewave
sinfonia
singalot
singapor
singapore
singapore1
singapur
singer12
singer13
singh123
singing1
single06
single12
single29
singlema
singleto
singleton
singsing
singsong
singular
sinhrofazatron
sinigami
sinilill
sinister
sinistra
sinkhole
sinksink
sinnerco
sinnfein
sinoptik
sintaksis
sintenol
sintesi07
siobhan1
siol2003
siouxsi8
siouxsie
sipelgas
siracusa
siranush
sircharles
sircherl
sirhenry
sirignano
siriporn
sirius01
sirjames
sirotkin
sirotova
sirpizza
sirrocky
sisepued
sisinyak
sisipisi
sisko197
sissdem5
sissinit
sissy123
sissyboy
sissydog
sissyslu
sistemas
sisterac
sisters3
sisyphus
sitarama
siteacce
sitearea
sitedept
sitepass
siterevi
sitesite
sithl0rd
sithlord
sithspit
sitnikov
sitnikova
sitronics
sitruuna
situatio
situation
siunga12
sivakuma
sivart69
sivkaburka
sixfeetu
sixflags
sixkille
sixpack1
sixpence
sixpoint
sixseven
sixshooter
sixsigma
sixsixsi
sixsixsix
sixstrin
sixteen16
sixtynin
sixtynine
sixtyone
sixtysix
sizemore
sizinici
sizzle99
sizzlepass
sjatina88
sjejelj46
sjsharks
sjuntorp
sjxrnc7e6nt
sk042696
sk123456
sk192088
sk277b11
sk84ever
sk84life
sk8board
sk8death
sk8erboi
sk8erboy
sk8erdude
sk8ordie
sk9dbf277
skakalka199218
skam0011
skanderborg
skarabey
skarbonka
skarlett
skarpeta
skaska44
skaskaska
skat3371
skate123
skate4life
skateboa
skateboar
skateboard
skateboarding
skateboy
skateman
skateordie
skater11
skater12
skater123
skater22
skater69
skaterboy
skattman
ske9k9tch3r5w9s
skechers
skeeter1
skeeter2
skeeter3
skeeterb
skeeters
skeleton
skeletor
skeptron
sketcher
ski4life
skiballs
skibear8
skidder1
skidm0re
skidmark
skidmore
skifreak
skiing01
skiingma
skilax25
skillet1
skillman
skilodge
skindeep
skindive
skinhead
skinless
skinnass
skinner1
skinner2
skinner3
skinners
skintigh
skip2mylou
skipaway
skipjack
skipper0
skipper1
skipper2
skipper3
skipper5
skipper69
skipper9
skipperb
skippers
skipping
skippy01
skippy11
skippy12
skippy23
skippy24
skippy79
skipskip
skipwrek
skiracer
skiskisk
skittles
skittles1
skitzoph
skoalman
skoda120
skodatdi
skooter1
skorobogatova
skorpion
skorpion1
skorpion39
skorpions
skorzeny
skripnik
skubrick
skull123
skullcandy
skullcap
skulldog
skullman
skulptor
skunk123
skunk420
skunkb0y
skunkboy
skv20111996
skvortsov
sky12345
skyblue1
skyblues
skychefs
skydance
skydancer
skydevil
skydive1
skydiver
skydivin
skyeseth
skyhawk1
skylane1
skylark7
skyler22
skylight
skyline1
skyline10
skyline123
skyline2
skyline2580
skyline3
skyline34
skyline8
skylineg
skylinegtr
skyliner
skyliner34
skylopez
skymaste
skymaster
skynight
skypilot
skyrider
skyscraper
skytommy
skywalk1
skywalke
skywalker
skywalker1
skywalker1979
sl1g0129
sl823735
slaanesh
slabmh12
slacker1
slacker9
slackers
slacking
slackware
sladkaja
sladkaya
slagelse
slainte1
slainte6
slam1984
slamdunk
slammer1
slammers
slamming
slamslam
slap2000
slapdick
slaphapp
slaphappy
slaphead
slapnuts
slapnutz
slapper1
slappers
slappy12
slappy21
slappy69
slapshot
slapstik
slaptazodis
slasher1
slasher2x
slastena
slaughte
slaughter
slava000
slava060998
slava111
slava123
slava1234
slava12345
slava1977
slava1985
slava1986
slava1989
slava1991
slava1994
slava1995
slava1998
slava2001
slava2010
slava2011
slava5sandr5
slava6617644
slava777
slavarusi
slavaslava
slavatyn007
slaveboy
slavedoll
slavegir
slavegirl
slaveone
slavescu
slavuta22
slayer000
slayer01
slayer10
slayer12
slayer123
slayer13
slayer213
slayer55
slayer66
slayer666
slayer69
slayer88
slayers1
slaytani
slazenger
slbenfica
sleater0
sleblanc
sledding
sledhead
sleekone
sleeper1
sleepers
sleeping
sleeples
sleepless
sleepman
sleepy69
sleepyhollow
sleipnir
slesh341
slick111
slick123
slickdic
slickdog
slickers
slickone
slickric
slickrick
slickste
slickster
slickwilly
slide123
slide456
slider14
slightly
slim1234
slimbone
slimebal
slimeball
slimed123
slimfast
slimgoody
slimjim1
slimline
slimshad
slimshady
slimshady1
slimslim
slimthug
slimtrim
slings00
slingsho
slingshot
slipkn0t
slipknot
slipknot1
slipknot12
slipknot123
slipknot2
slipknot6
slipknot66
slipknot666
slipknot87
slipknot9
slipkorn
slipota1994
slipper1
slippers
slippery
slipping
slipshot
sliveddevils
sllabdla
sllottery
slobodan
slocombe
sloepass
sloneczko
sloneczko1
slonopotam
slonotop
slonslon
slonyaka082367
sloresyo
slot2009
slothboy
slothful
slothrop
slovakia
slovenia
slovenija
slovensk
slowburn
slowdive
slowdown
slowhand
slowmoti
slowness
slowpoke
slowride
slugfest
sluggard
slugger1
sluggers
slugslug
slumlord
slushslush
slut1234
slut2000
slutface
slutfuck
slutgirl
slutload
slutpupp
slutpuppy
sluts4me
slutslut
slutsrus
sluttymom
slutwhor
slutwhore
slutwife
sm123456
sm1dem22
sm4llvil
sm4llville
smack123
smackaho
smackass
smackdow
smackdown
smackers
smailliw
smaj0612
small123
smallblo
smallblock
smallboy
smallcoc
smalldic
smalldog
smallest
smallfry
smallies
smallman
smallmou
smallmouth
smallone
smalltim
smalltit
smalltow
smallvil
smallvill
smallville
smallwood
sman2128
smange68
smart123
smartass
smartboy
smartcrd
smartdrv
smartfon
smartgirl
smartguy
smarties
smartlek
smartman
smartnav
smartone
smashing
smashmouth
smatsuta
smb005su
smb825kt
smckenna
smeagol1
smeghead
smegma33
smellish
smellvir
smelly12
smellycat
smellyfe
smertnik
smeshariki
smgellar
smile001
smile101
smile123
smile1234
smile1962
smile4me
smile4you
smile777
smileman
smiley01
smiley11
smiley123
smileyface
smilodon
smirnoff
smirnova
smith111
smith123
smith999
smithers
smithson
smithtow
smittttt
smitty11
smitty12
smitty20
smitty33
smlogcfg
smoke123
smoke420
smoke4me
smokedog
smokedop
smokehouse
smokeman
smokeone
smokeout
smokepot
smoker12
smokesta
smokewee
smokeweed
smokey00
smokey01
smokey10
smokey11
smokey12
smokey13
smokey19
smokey21
smokey22
smokey24
smokey42
smokey55
smokey63
smokey65
smokey69
smokey95
smokey96
smokey99
smokeyjoe
smokie11
smokie12
smokie1994
smokie247
smokie94
smokin24
smokin420
smoking1
smoking2
smokingkills
smokingteens
smokinjo
smokyjoe
smolensk
smolinnikita
smolkina
smoocher
smooches
smoochie
smoosje001
smooth13
smooth15
smooth22
smooth23
smooth28
smooth33
smooth69
smooth88
smooth99
smoother
smoothie
smoothma
smoothmc
smorodina
smother1
smotheri
smothers
smpteast
smrsmr23
smtad255
smtbb5j9
smtm9097
smtpctrs
smtpsnap
smtwtfs1
smudge19
smudge45
smudger1
smudgesmudge
smudgie1
smuggler
smuggles
smultron
smurf123
smurf314
smurfdog
smurfett
smurfette
smurfs69
smutking
smutpass
smutsmut
smutties
smuttt97
smxhmanmf
smxx5333
smzs7iij
sn00pd0g
sn0flake
sn0wball
sn1ckers
snackbar
snackboy
snackman
snaelro35620
snafu123
snaggles
snake007
snake110
snake123
snake200
snake656
snake666
snake777
snake911
snakebit
snakebite
snakeboy
snakedog
snakeeat
snakeeye
snakeeyes
snakeman
snakeoil
snakepit
snakes11
snakeski
snakeyes
snap9009
snapcase
snapdrag
snapdragon
snapeprince
snapontools
snaporaz
snapper1
snapper2
snapper6
snapper7
snappers
snapple1
snapple2
snapples
snaproll
snapscan
snapshot
snapsnap
snatch11
snatch33
snatch69
snatcher
snatches
snausage
snaxsnax
snazzo42
sndrec32
sndvol32
sne8277a
sneaker2
sneakers
sneakers1
sneaking
sneaky11
sneakype
sneekers
sneetteens
sneettoh
snegalola
snegireva
snegopad
snegovik
snegurka
snejinka
snelling
snerkles
snezhana
snezhinka
snfred98
sngtag12
snh4life
snicker1
snicker2
snickerbar
snickerd
snickers
snickers1
snickers13
snidely1
sniffer1
sniffers
sniffing
sniffles
sniffpol
snifsnif
snikpmup
sniper00
sniper01
sniper03
sniper11
sniper12
sniper123
sniper13
sniper21
sniper22
sniper23
sniper24
sniper26
sniper32
sniper69
sniper71
sniperelite
snipsnip
snlong34
snmpsnap
sno0pstr
snodawg98
snodgras
snoflake
snooches
snoochie
snoodles
snoogans
snoogens
snoogins
snooker1
snooker147
snookere
snookers
snookie1
snookums
snooky01
snoop123
snoop187
snoopdog
snoopdogg
snooping
snoopy00
snoopy01
snoopy05
snoopy10
snoopy11
snoopy12
snoopy123
snoopy13
snoopy19
snoopy20
snoopy21
snoopy22
snoopy23
snoopy24
snoopy2410
snoopy25
snoopy28
snoopy30
snoopy44
snoopy51
snoopy60
snoopy63
snoopy69
snoopy74
snoopy76
snoopy77
snoopy78
snoopy99
snoopydo
snootles
snopdoog
snortime
snotball
snotface
snotisno
snow1234
snow8man
snowba11
snowbal1
snowball
snowball1
snowball2
snowbally
snowbear
snowbell
snowbird
snowblin
snowblind
snowblow
snowboar
snowboard
snowboard1
snowboarding
snowbord
snowbunn
snowcone
snowcras
snowdark
snowdog1
snowdogs
snowdrop
snowfall
snowfire
snowflak
snowflake
snowflake1
snowgirl
snowhite
snowking
snowlion
snowman1
snowman1999
snowman2
snowman3
snowman6
snowman7
snowmann
snowmass
snowmobi
snowpatr
snowpatrol
snowplow
snowquee
snowrain
snowride
snowshoe
snowsnak
snowsnow
snowstar
snowstor
snowstorm
snowwhit
snowwhite
snowwolf
snowyday
snp2hua7
snprfdll
snshnlra
snuffles
snuggles
snuggles1
snuggles2
snuggycat
snuisubu
snurbart
snusgrov
snusmumrik
snvd9d8q4r
snyder23
snygging
soad4ever
soaddeath
soadkorn
soadsoad
soapbox1
soapdish
soapnets
soapopera
soapsoap
soapsuds
sobachka
sobaka23
sober123
sober164
soberboy
soberone
sobey550
sobieski
sobirjon
soboleva
sobranie
sobrenatural
sobriety
soby52bg
soccer00
soccer01
soccer02
soccer03
soccer04
soccer05
soccer06
soccer07
soccer08
soccer09
soccer10
soccer11
soccer12
soccer123
soccer13
soccer14
soccer15
soccer16
soccer17
soccer18
soccer19
soccer20
soccer2008
soccer21
soccer22
soccer23
soccer24
soccer25
soccer26
soccer27
soccer28
soccer29
soccer33
soccer44
soccer4u
soccer55
soccer66
soccer67
soccer69
soccer6969
soccer75
soccer77
soccer87
soccer88
soccer89
soccer90
soccer93
soccer95
soccer96
soccer98
soccer99
soccerba
soccerball
soccerbo
soccerboy
soccerdude
soccergk
soccergo
soccerma
soccerman
soccermo
soccermom
soccerro
soccerst
soccerstar
sochi201
sochi2010
sochi2014
sociald1
socialism
society1
sociolog
sociology
socklint
socks123
socksock
socrate1
socrates
socrates2
socratic
sodajerk
sodapop1
sodasoda
sodastereo
soderber
sodium713
sodivine
sodomies
sofa2000
sofa2008
sofaking
sofaruna
sofasofa
sofia123
sofia1999
sofia2005
sofia2007
sofia2009
sofia2010
sofia777
sofiasofia
sofisofi
sofiya2001
sofochka
sofoklis
sofontin
soft123456
softail2
softbal1
softball
softball!
softball1
softball12
softball13
softball15
softball18
softball2
softball21
softball22
softball23
softball24
softball3
softball7
softballleo
softbutt
softcell
softcock
softcore
softfeet
softline
softlove
softride
softsoft
softspot
softtail
software
softwood
sogdiana
sohahaha
sohanqwerty
sohcahtoa
sohighme
sohorney
sohosoho
soichiro
soilwork
soixante
sojdlg123aljg
sojesussalva
sojulove
sokhenan
sokol123
sokol666
sokoladas
sokolina
sokoloff
sokolova
sokolovskaya
sokolsokol
sokrates
sol4shot
solafide
solange1
solantel
solar123
solara99
solarfla
solaris1
solaris13
solaris7
solarium
solarman
solarpower
solasola
soldat123
soldat19
soldatenko20
soldatov
soldatova
soldier1
soldier2
soldier21
soldier3
soldier4
soldier6
soldier88
soldierb
soldierboy
soldierd
soldiers
soldouts
solecarl
soledad1
soledad32
soledad321
soleil12
soleil13
soleil62
soleix26
solelove
soleluna
solfixucin
soliaris
solid007
solid123
solidarity
solidroc
solidsna
solidsnak
solidsnake
solihull
solinari
solingen
solistix
solitair
solitaire
solitari
solitario
solitary
solitude
solletic
solly735
solnce123
solnche2704
solnechnaya
solni6ko
solnihko
solnishk
solnishko
solnisko
solniwko
solnushko
solnuwko
solnyshko
solo1024
solo1957
solo1975
solo2853
solo6272
solodoukhin1
soloflex
soloman1
solomatin
solomatina
solomiya
solomon1
solomon10
solomon12
solomon123
solomon2
solomon3
solomon5
solomonov
solomons
soloparam
soloport
solopova
solosolo
solosolosolo
soloveva
soloyolose
solrac11
solrac1103
solrac12
solren04
solskjaer
solsolsol
solstice
solution
solution1
solutions
solvitum
solyluna
somaheaf
somairot
somasama
somasoma
sombrero
sombrill
somebody
someday1
someday2
someone1
somepass
somepassword
somerhalder
somerled
somerset
somerton
somervil
somerville
somesome
somesword123
somethin
something
something1
sometime
sometimes
somewher
somewhere
sommartid
somme555
sommer00
sommer01
sommer06
sommer07
sommer12
sommer20
sommer2003
sommer68
sommer99
sommm555
somphong
son16999
son41kic
sonalmun
sonamoni
sonasona
sonatina
sonatine
sonbahar
sonctl88
sondheim
sondra65
sonechka
sonechko
sonettv4
songbird
songbook
songkran
songline
songmiao
songnian
songohan
songokou
songokuo
songoten
songsong
songster
songwrit
soni43634255
sonia123
sonia2010
sonia525
sonic007
sonic100
sonic123
sonic12345
sonic593
sonicboom
sonichka
sonicman
sonics20
sonics44
sonics77
sonicshadow
sonicweb
sonicxxx
sonicyouth
sonieczka
sonik123
sonikblast
sonisoni
sonja123
sonjapus
sonne123
sonnenbl
sonnensc
sonnenschei
sonnenschein
sonny123
sonny321
sonny8292
sonnyboy
sonnydog
sonnyman
sonobello
sonofabi
sonofabitch
sonofagun
sonofgod
sonofman
sonofsam
sonoma43
sonora12
sonotpei
sonra42er
sonshine
sonsonate
sonu1234
sony1210
sony1234
sony2000
sony2010
sonya123
sonya2006
sonya2007
sonybose
sonyericson
sonyericsson
sonyfuck
sonyneon
sonypictures
sonypvu1
sonysony
sonyvaio
sonyvaio1
sook0000
sooner02
sooner04
sooner12
sooner69
sooners1
sooners22
sooners7
sopefe24
sophia10
sophia99
sophie01
sophie09
sophie10
sophie11
sophie12
sophie123
sophie16
sophie20
sophie21
sophie22
sophie25
sophie31
sophie55
sophie97
sophie98
sophie99
sophieee
sophieh6
sophiekitten
sophitia
sophmore
sophocles
sophomore
sopmyncmymn
soprano1
sopranos
sorayama
sorazzan
sorban26
sorbonne2011
sorcerer
sorceress
sordfish
soreilly
sorellina
sorensen
sorenson
sorinife
sorokina
sorority
sorpresa
sorrento
sorrydog
sorsogon
sortavala
sorttbls
sos12345
sos3666583
sosca6661254
sosisosi
sositevse
soska123
sosnovka
sosnow59
sosnowiec
soso123456
soso1234zz
soso123aljg
soso123bbb
soso12eec
sosososo
sot31177
sotmbx27
sotniklox
sotnikov
sotnikova
soto1959
sotosoto
sots5793
sottomar
sou1hunter
sou81t06
soubrett
soudejesus
soufeliz
souhila1
soul6666
soul7685
soul9412
soulassa
soulblade
soulburn
soulcage
soulcalibur
souleater
souledge
soulfire
soulfly1
soulfood
soulfree
soulhunt
souljaboy
soulkeeper
soulman1
soulmate
soulmates
soulraven
soulreaper
soulreav
soulreaver
soulsof1
soulsoul
soulsurf
soulsurfer
soultake
soultaker
soultrai
soultrain
soumaiseu
sound123
soundblaster
soundboy
soundcheck
soundgarden
soundguy
sounding
soundlab
soundman
soundnlit
soundpro
soundstream
soundtra
soundwav
soundwave
soundwor
soundworks
sountaker
soupbone
soupcool
soupnazi
soupsoup
sourcrea
sourdoug
sourgrap
sourkrout
sourmash
sourpuss
sousapho
souschef
south123
southafr
southafric
southafrica
southamp
southampton
southban
southbank
southbay
southbea
southbou
southboy
southdow
southeas
southeast
southend
southern
southern1
southgate
southken
southkorea
southlak
southlan
southland
southman
southmead
southold
southpar
southpark
southpark1
southpaw
southpol
southpole
southpor
southport
southrngent
southsea
southsid
southside
southside1
southside13
southvie
southwes
southwest
southwest1
southwin
souvenir
sovereig
sovereign
sovershenstvo
sovetnik
sovoclee
sowereng
sowtphil
soyabean
soybeans
soyelmejo
soyelmejor
soyfeliz
soyhermosa
soylamejo
soyokaze
soysauce
sozvezdie
sp00nman
sp10head
sp1251dn
sp1derma
sp1r1tdeath
sp1tf1re
sp1tth1c
sp33mj23
sp3akman
sp6smith
sp937215
spa2rky3
spa45ret
space101
space123
space199
space1999
spaceace
spaceage
spacebal
spaceball
spaceballs
spacebar
spaceboi
spaceboy
spacecad
spacecat
spacecow
spacedog
spacedye
spacegap
spacegho
spaceghost
spacegir
spacehog
spacejam
spacekid
spacelab
spacelor
spacelord
spacema1
spaceman
spacemen
spacemon
spacemonkey
spacenet
spacerac
spacesex
spaceshi
spaceship
spacetime
spacific
spagetti
spagetti1
spaghett
spaghetti
spalding
spalermo
spam1234
spam967888
spamalot
spambait
spamburg
spamhead
spamking
spaml0rd
spammail
spamming
spamspam
spamsuck
span4bob
span7024
spanchbob
spangler
spangles
spaniard
spaniel1
spanish1
spanish2
spanish3
spanish8
spank123
spankboy
spanker1
spanker2
spankher
spanking
spankme1
spankme2
spankmeh
spankmehard
spankthe
spankwire
spanky01
spanky10
spanky11
spanky12
spanky123
spanky22
spanky27
spanky54
spanky69
spanky98
spankyou
spanner1
spanners
sparerib
sparhawk
spark123
spark321
spark666
sparkass
sparkasse
sparkdog
sparkers
sparkey1
sparkey111
sparkey2
sparkie1
sparkie2
sparking
sparkle1
sparkle12
sparkle2
sparkler
sparkles
sparklet
sparklin
sparkman
sparkplu
sparkplug
sparks01
sparks13
sparkste
sparkster
sparky00
sparky01
sparky03
sparky10
sparky101
sparky11
sparky12
sparky123
sparky13
sparky15
sparky19
sparky20
sparky22
sparky23
sparky2k
sparky33
sparky37
sparky42
sparky44
sparky45
sparky50
sparky55
sparky56
sparky66
sparky69
sparky77
sparky98
sparky99
sparkydo
sparling
sparrow1
sparrow7
sparrow8
sparrows
sparta12
sparta123
sparta22
sparta44
sparta77
sparta88
spartabo
spartacu
spartacus
spartak1
spartak1922
spartak1983
spartak2
spartak2001
spartak2010
spartak777
spartak87
spartak88
spartak9
spartak99
spartakm
spartakmoscow
spartan0
spartan1
spartan11
spartan117
spartan2
spartan3
spartan5
spartan7
spartan72
spartan8
spartan86
spartan9
spartans
spartans1
spartans6
spartaque312
sparticu
sparticus
spartus1
sparty55
spasatel
spasenie
spatarikanec
spaulding
spawn123
spawn199
spawn313
spawn666
spawn999
spawning
spazzoid
spdqug6q
spdraven
speakeas
speaker1
speaker2
speaker8
speakers
speakersystem
speaking
speakman
spear316
speare15
spearfis
spearhea
spearman
spears69
spears72
spebsqsa
spec123v
spec1510
spec6391
specboot
special0
special1
special2
special4
special7
speciala
specialb
speciale
specialg
speciali
specialinsta
specialist
specialized
specialk
specialk1
specialops
specialp
specials
specialt
species8472
specific
specimen
speckled
speckles
specops1
specsave
spectato
spectator
specter1
spector1
spector2
spectral
spectre1
spectre9
spectres
spectrum
spectrum1
spectrumonline
spectrumsonline
speculum
spedding
speechengine
speed123
speed190
speed500
speedbal
speedball
speedbir
speedbird
speedboa
speedboat
speedboy
speedbum
speedbump
speedcore
speeddemon
speedfre
speedfreak
speedhea
speedhead
speeding
speedlink
speedman
speedo12
speedo65
speedone
speedrac
speedracer
speedram
speeds0164
speedste
speedster
speedsti
speedtouch
speedway
speedwel
speedwin
speedy00
speedy01
speedy11
speedy12
speedy17
speedy20
speedy21
speedy22
speedy55
speedy69
speedy72
speedy86
speelman
speelman112
speerwayfi
speights
spell2006
spellbound
spellfire
spellforce
spellhowler
spelling
spelunke
spence99
spencer0
spencer1
spencer2
spencer4
spencer5
spencer6
spencer8
spencer9
spencerb
spencerj
spencers
spending
spengler
spenser1
speranza
sperling
spermato
spesional
spetsnaz
spetznazzu
spfeiffe
spforlif
sphenoid
sphincte
sphincter
sphinx06
sphinx77
spice121
spice123
spiceboy
spicedog
spicegir
spiceman
spicey2000
spicolli
spider00
spider01
spider10
spider11
spider12
spider123
spider13
spider14
spider16
spider18
spider19
spider1a
spider20
spider21
spider22
spider23
spider24
spider25
spider32
spider66
spider67
spider69
spider73
spider77
spider88
spider99
spiderba
spiderma
spiderman
spiderman1
spiderman12
spiderman123
spiderman2
spiderman23
spiderman3
spiderman4
spiderman5
spiderman7
spidermen
spidermn
spidermonkey
spiderpig
spiders1
spiders4
spiderwe
spiderweb
spidey01
spidey99
spideyman
spiekers
spielberg
spielman
spieng60
spierdalaj
spies101
spiff911
spiffero
spiffyme
spika069
spike100
spike111
spike123
spike200
spike313
spike666
spike777
spikebic
spiked69
spikedog
spikedom
spikelee
spikeman
spikeme1
spikeone
spiker00
spiker22
spikespi
spikespike
spikethe
spikey12
spikkels
spilberg
spillane
spilling
spillman
spillway
spin1200
spin5501
spinach1
spinaltap
spinboyz
spincity
spindisc
spindler
spindrif
spinna33
spinnake
spinner08
spinner1
spinner11
spinner3
spinner7
spinners
spinning
spinningwheel
spinogriz
spinspin
spinster
spionkop
spiracle
spiral88
spireite
spiridon
spiridonov
spiridonova
spirit01
spirit11
spirit123
spirit20
spirit2000
spirit22
spirit51
spirit61
spirit66
spirit69
spirit76
spirit777
spirit90
spirit99
spirited
spiritual
spiritus
spiritwo
spiritwolf
spiscool
spitball
spitfir1
spitfire
spitfire1
spititou
spitkill
spitting
spl1tt3r
splasers2
splash12
splash97
splashdownfire
splashed
splatcat
splath63
splatter
splatterhouse
splayjjy
splenden
splender
splendid
splendor
splicer1
spliff21
spliffer
splinter
splintercell
splitter
splodger12
splunge1
splunge8
splurgeola
splyndor
spnkbelt
spock001
spock111
spock123
spodhead
spoil123
spoiled1
spoiler1
spoilers
spokie18
spongbob123
sponge123
spongebo
spongebob
spongebob1
spongebob12345
spongebob2
spongebob9
spongepat
sponser123
spook222
spook225
spookers
spooky00
spooky01
spooky11
spooky12
spooky15
spooky24
spooky99
spookyca
spoon069
spoon111
spoon212
spoonbil
spooner1
spooner8
spoonfed
spoonful
spoonhead
spooning
spoonman
spootman
spooty98
spor3081
sporks91
sporky77
sport123
sport2000
sport358
sportage
sportbike
sportbox
sportcar
sportdog
sporting
sporting1
sportiva
sportivo
sportline
sportnut
sportone
sports12
sports22
sports69
sports76
sportsca
sportsce
sportscenter
sportsdude
sportsfa
sportsfan
sportsma
sportsman
sportsmen
sportsnu
sportsport
sportste
sportster
sportteam
sporty12
sporty99
spot1234
spot1980
spotaq3b
spotless
spotligh
spotlight
spotlite
spotspot
spotthed
spotty22
spourgit
spqrspqr
spr97idd
spradlin
sprag123
sprayman
spread4u
spreadem
spreader
sprecher
spreekil
spreewal
sprei832
sprewell
sprickle
spriggan
spring00
spring01
spring03
spring04
spring05
spring07
spring09
spring10
spring11
spring12
spring123
spring13
spring16
spring18
spring19
spring20
spring24
spring66
spring77
spring78
spring88
spring89
spring91
spring92
spring94
spring96
spring99
springba
springbo
springbok
springbreak
springe1
springer
springfi
springfiel
springfield
springme
springs1
springs2
springst
springsteen
springti
springtime
sprinkle
sprinkler
sprinkles
sprint00
sprint01
sprint11
sprint12
sprint99
sprintca
sprinter
sprintki
sprintpc
sprite01
sprite13
sprite55
spritzen
spritzer
sprocket
sproul12
sprout69
sprr4449
spruance
sprugass
spsetuploadp
spud1111
spud1234
spud3333
spud4444
spud4667
spudnick
spudnick006
spudspud
spudster
spudtator
spudulik
spunkers
spunkmon
spunky11
spunky22
spunky69
spunky99
spurgear
spurgeon
spurlock
spurrier
spurs100
spurs123
spurs170
spurs196
spursfan
spursman
spurting
sputnick
sputnik1
sputnik9
spw69mmk
spwin0411
spxcoins
spxports
spyder01
spyder23
spyder55
spyder69
spyderco
spyderma
spyderman
spygames
spyglass
spyhunter
spytex21
spz5vdr8
sqloledb
sqlsrdme
sqrt18qy
squaddie
squadron
squanto1
square10
squarepants
squareso
squaresoft
squarrel
squashme
squatter
squeaker
squeaky1
squeaky2
squealer
squeegee
squeeker
squeeky1
squeelca
squeeze1
squeeze6
squeezer
squerting
squid123
squidboy
squidbra
squidly1
squidwar
squidward
squiggle
squiggles
squiggly
squiggy1
squirell
squirrel
squirrel1
squirrels
squirt11
squirt12
squirt234
squirter
squirtie
squirtin
squirtle
squish108
squished
squishy2
sqwidgey
sqwm8djj
sr041288
sr20dett
sr45osaj
sr6iusryj
sravanthi
srawrats
srbija11
srbray76
srchasst
sreekanth
sregnarrangers
sreppohw
srfrrosa
sric3383
srikanth
srilanka
srilatha
srinidhi
srinivas
sripriya
srows2000
srs8520456s
srsb2086
srthsrth
srules11
srungaram
srunsrun
srv03rtm
srv13867
srvtexas
srxefu01
ss123123
ss123456789
ss159753
ss233795
ss3892026
ss55ss55ss
ss6z2sw6lu
ss911579
ssac8all
ssailing
ssallonnikki
ssasha221
ssav5333
ssbt8ae2
sscivic36
sscyber04
ssddffgg
ssecnirp
ssenkrad
ssg51623
ssgtusmc
sshyaoay
ssimpala
ssimpson
ssj4goku
ssj5goku
ssjgoten
ssjvegit
sslaccel
ssloan47
ssminnow
ssobboss
ssomeone
ssptx452
sss12345
sss55111
sssapona
sssherif
ssss1111
ssssaaaa
ssssss11
ssssss99
sssssss1
ssssssss
sssssssss
ssssssssss
sssssssssss
ssssssssssss
ssssssssssssssss
ssssuugg7
ssssxxxx
ssswww22
sstalker
sstelioss
sstrunks
ssvegeta
sswelder
ssyu1314
st123456
st1kkzzz
st33l3rs
st33lers
st4rw4rs
st801nyl
st8erna5d
st923504
sta12345
sta8dard
stabbing
stability
stabilizer
stabilmente
stabiloy
stabones
stacey11
stacey12
stacey123
stacey13
stacey22
stacey23
stacey69
staceyan
staceyst
stachura
stacie69
stack123
stacy199
stacyann
stacylee
stadhuis
stadium1
stadtilm
staff0rd
staffies
staffing
stafford
stagecoa
stagecoach
stagehan
stagepass
stagstag
stahlbac
stained1
stainles
stainless
stairway
stairwaytoheaven
staithes
stakyhong
stalag13
stalag17
stalbans
stalemat
stalemate
staley22
stalin969
stalingr
stalingrad
stalingrado
stalker007
stalker1
stalker11
stalker123
stalker1234
stalker13
stalker14
stalker1981
stalker1986
stalker1994
stalker1995
stalker1996
stalker1997
stalker1998
stalker2
stalker2000
stalker2009
stalker2010
stalker2011
stalker2033
stalker21
stalker28
stalker3
stalker333
stalker4
stalker6
stalker666
stalker7
stalker777
stalker86
stalker93
stalker97
stalkerok
stalkerr
stalkers
stalkerstalker
stalking
stallard
stallian
stalling
stallio1
stallion
stallions
stallone
stalport
stalwart
stamford
stamford1
stamina1
stampede
stamping
stampman
stan0259
standalone
standard
standards
standart
standby1
standbyme
standing
standish
standoff
standrew
staneonerulez
stanford
stanford1
stang123
stang514
stangboy
stangetz
stangman
stangnet
stangray
stanhope
stanisla
stanislao
stanislas
stanislav
stanislava
stanislaw
stankass
stankevich
stankovic
stanley0
stanley1
stanley123
stanley2
stanley3
stanley4
stanley5
stanley6
stanley7
stanley9
stanleyc
stanleycup
stanman1
stanmore
stansh45
stanstan
stansted
stanthem
stantheman
stantion
stanton1
stanwick
stanwood
stanyukovicha
staoussa15
staple12
staples1
staples9
star1111
star1234
star12345
star1745
star1959
star1965
star1969
star1982
star1985
star1992
star1997
star2000
star2004
star2005
star2009
star2010
star2011
star4321
star4833
star6767
star6969
star6nin
star8203
staratagain
starbaby
starball
starband
starbase
starbird
starblast1
starboard
starbolt
starborn
starbrig
starbuc1
starbuck
starbucks
starbucks1
starbug1
starburs
starburst
starburst1
starbury
starbust
starcast
starchil
starchild
starcity
starclas
starcraf
starcraft
starcraft1
starcraft2
stardate
stardoll
stardoll123
stardune
stardus1
stardust
stardust1
stardust49
starf1sh
starfire
starfish
starfive
starflee
starfleet
starflow
starforce
starfox1
starfrui
starfuck
starfucker
starfury
stargat1
stargate
stargate1
stargate2000
stargateasgard2009
stargatesg
stargatesg1
stargaze
stargazer
stargell
stargirl
stargold
starhawk
starikova
stark2010
starkers
starkill
starkiller
starkist
starks2916
starla99
starlake
starlene
starleni
starless
starlett
starlift
starligh
starlight
starline
starling
starlink
starlite
starlord
starlyte
starmage
starmake
starman1
starman2
starmania
starmoon
starnine
starocean
staropramen
starosta
starostina
starpony
starporn
starpower
starrats
starrie69
starring
starrman
starrock
starrrrr
stars123
starsail
starsailor
starscre
starscream
starseed
starsfan
starshi1
starshin
starshina
starshine
starship
starshoo
starsstars
starstar
starstar1
starstruck
start100
start111
start123
start1234
start777
startac1
startac8
startech
starter1
starters
startgame
startin1
starting
startnow
startone
startrac
startre1
startree
startrek
startrek1
startservice
startspooler
startstart
startup1
startwin
staruaal
starving
starwar1
starwar4
starwar9
starwars
starwars1
starwars1138
starwars12
starwars123
starwars2
starwars2000
starwars3
starwars4
starwars5
starwars6
starwars69
starwars7
starwars77
starwars8
starwars99
starwarz
starwind
starwing
starwolf
starwood
stas121212
stas1234
stas12345
stas123456
stas123456789
stas1407
stas1983
stas1984
stas1985
stas1987
stas1988
stas1989
stas1990
stas1991
stas1992
stas1993
stas1994
stas1995
stas1996
stas1997
stas1999
stas2005
stas2008
stas2010
stas2011
stas55555
stasenko
stashola
stasik1997
stasikus95
staspaller
staspetrov
staspidaras
stasrulit
stasshushuk
stasstas
statecha
statemen
statement
statenis
statesma
statesman
statewid
static11
static12
static77
staticfi
staticfl
staticra
staticro
station0
station1
station12
station2
station4
station5
station6
station7
station8
station9
statione
stationery
stations
statisti
statistics
statistika
statment
status12
statusquo
statutes
staubach
stauffer
staught1
stavange
stavanger
stavropol
stavropol26
stay@123
stayaway
staygold
stayhard
stayout1
staypuff
staypuft
stayrude
stbartee
stcharle
stcharles
stclient
stcloud1
stcyg19718
ste3fano
ste78ven
stea7878
steadfas
steadman
steakout
steakout23
stealers
stealing
stealth0
stealth1
stealth123
stealth2
stealth3
stealth4
stealth5
stealth6
stealth7
stealth9
stealthy
steam181
steamboa
steamboat
steamboy
steamer1
steamers
steamforums
steaming
steamroller
stearman
steaua86
steel123
steelbed
steelbir
steelcap
steelcar
steelcit
steelcou
steelcow
steeldog
steeldoo
steele69
steeler1
steeler2
steeler3
steeler4
steeler5
steelers
steelers1
steelers10
steelers3
steelers36
steelers43
steelers7
steelers86
steelers99
steelfab
steelfan
steelfis
steelflo
steelfloor
steelhea
steelhead
steelhor
steelhorse
steeling
steeljaw
steelkit
steelkitten
steelman
steelmou
steelpen
steelpon
steelrai
steelrat
steelroa
steelrod
steelseries
steelsin
steeltoe
steeltre
steelwat
steelwheels
steelyda
steelydan
steenbok
steenboy
steeple1
steering
steerpike
stefan12
stefan123
stefan13
stefan18
stefan1978
stefan199
stefan29
stefan66
stefan99
stefandeflo
stefanenko
stefanescu
stefani1
stefania
stefanie
stefanie1
stefanie2
stefano1
stefano123
stefanos
steffani
steffen1
steffen2
steffen3
steffi22
steffie1
stefnick
stefyebuio
stehekin
steinberg
steinboc
steinbock
steinbolo79
steiner1
steiners
steinhil
steinman
steinway
stelaras
stelicor1
stella00
stella01
stella10
stella11
stella12
stella123
stella20
stella22
stella26
stella50
stella69
stella99
stellablue
stellado
stellans
stellar1
stellars
stellast
stellina
stelling
stellini
stels15588
stelz1979
stemoore
stenberg
stendhal
stenosis
stensten12
stenstro
stentice
stention
step1967
stepa2010
stepachka
stepan2000
stepan2009
stepan97
stepanenko
stepanida
stepanko
stepanna
stepanov
stepanova
stepanovich
stepanovna
stepanuch
stepanyan
stepashka
stepbystep
stepfour
steph007
steph111
steph123
steph4me
stephan2
stephana
stephane
stephani
stephanie
stephanie1
stephanie123
stephanie8
stephano
stephany
stephe2w
stephead
stephen0
stephen01
stephen1
stephen11
stephen2
stephen23
stephen3
stephen6
stephen7
stephen9
stephena
stephenb
stephend
stepheni
stephenj
stephenk
stephenl
stephenm
stephenp
stephens
stephenson
stephenw
stephie1
stephine
steponme
steporthood2nd
steppenw
steppenwolf
stepper1
stepping
stepside
stepstep
stereman
stereo12
stereola
steriods
sterlin1
sterling
sterling1
sterlings
sterlitamak
sternche
sternchen
sternman
sternmot
sternsho
steroids
sterrett
sterva66
stervo4ka
stervochka
stervoza
stettler
stev0143
stev5447
steve007
steve100
steve101
steve111
steve121
steve122
steve123
steve196
steve197
steve222
steve223
steve241
steve316
steve331
steve333
steve3876
steve555
steve666
steve777
steve980
steveaus
stevebob
steved87
steveevets
stevefox
stevejob
steveman
stevemur
steven00
steven01
steven07
steven09
steven10
steven11
steven12
steven123
steven1234
steven13
steven15
steven16
steven17
steven18
steven19
steven21
steven22
steven23
steven24
steven26
steven27
steven28
steven30
steven52
steven58
steven69
steven78
steven79
steven80
steven99
stevenas
stevenjo
stevens1
stevensh
stevenso
stevenson
stevepaul
steverin
stevesmojo
steveste
stevesteve
stevevai
stevexxx
steveyou
stevie01
stevie11
stevie12
stevie19
steviebo
steviedude
steviera
stevieray
steviray
stew1234
stewalsh1
stewarde
stewardess
stewart1
stewart14
stewart2
stewart20
stewart24
stewart3
stewart4
stewart5
stewart6
stewart7
stewart8
stewart9
stewartj
stewartm
stewey65
stewie66
steyraug
stff0506
stgales1
stgeorge
stgntlja88
sthelens
sthgrtst
sthomas2
stibpaul
sticazzi
stickboy
stickdaddy77
stickers
stickler
stickman
stickney
stiffee1
stiffler
stiffone
stifler2015
stifller
stiga123
stigmata
stigstig
stil412441
stilelog
stilesbv
stiletto
stilgar1
stilicho
stillads
stillbor
stilldre
stillers
stilleto
stillfly
stillgr8
stillher
stillman
stillwat
stillwater
stilskin
stilwell
stimorol
stimpson
stimpy12
stimpy9102
stimpy99
stimscob
stimulare
stimulat
sting001
sting123
stinger1
stinger123
stinger2
stinger3
stinger7
stinger82
stinger9
stingers
stingily
stinging
stingra1
stingray
stinkbom
stinkbug
stinkbut
stinkdog
stinker1
stinker2
stinkers
stinkfin
stinkfis
stinkfist
stinkies
stinking
stinkpot
stinkrat
stinkyfinger
stinkynu
stinkypa
stinson1
stircrazy
stirling
stirlitz
stitcher
stitches
stitchpuller
stix5453
stixstix
stj11t11
stjernen
stl?vring
stlblues
stlcards
stlkpsk3uoci
stlouis1
stlrams1
stmagnus
stmartin
stmichae
stmirren
stobject
stocazzo
stock123
stockcar
stockhol
stockholm
stockin1
stocking
stockings
stockman
stockman1
stockpor
stockport
stockton
stockwell
stoddard
stoeltje
stoeppe1
stoermer
stofzuig
stoic620
stoichko
stojanovic
stokecit
stokecity
stokes74
stokgolm
stokrotka
stol1234
stolberg
stolenca
stolidog
stollroa
stomatolog
stomping
stoncold
stone123
stone200
stone316
stone666
stoneage
stonecld
stoneco1
stonecol
stonecold
stonecold1
stonecold316
stonecut
stoned12
stoned69
stonedog
stonefly
stonegat
stonegate
stoneham
stonehen
stonehenge
stonehil
stonehou
stoneman
stonemas
stoner1369
stoner42
stoner420
stoneros
stonerose
stoneroses
stones69
stones87
stones99
stonesour
stonesto
stonewal
stonewall
stonewea
stonex23
stoogebo
stooges3
stoolsamp
stoolsample
stoopid1
stoopies
stoops98
stopcock
stopcreep
stoppard
stoppedb
stoppedby
stopper1
stopping
stopshop
stopsign
stopstop
stopsuka
stopthis
stopwatch
storage1
store123
storeman
stories1
storm123
storm200
storm666
storm911
stormbilly
stormbri
stormbringer
stormcloud
stormcro
stormcrow
stormdog
stormers
storming
stormman
stormont
stormrid
storms01
stormsha
stormtro
stormwin
stormy01
stormy11
stormy13
stormy20
stormy69
stormy77
storprop
storyman
storyofo
storytel
stour900
stovepip
stovetop
stow4181
stpancra
stpatric
stpeters
stpierre
stpiliot
stpsonic
str0ng3r
str0nghold
str8ball
str8edge
str8line
strachan
straddle
stradiva
stradivari
stradlat
stradlin
stradone
straider
straight
straightedge
strainer
straka58
straka82
stranded
strange1
strange5
strange6
strangel
strangelove
stranger
stranger1
stranger9000
strangerpnb
strangers
strangew
strangle
strannik
strapped
strapper
strappin
strasbou
strasbourg
strasse3
stratboy
stratcat
strategi
strategic
strategy
stratele
stratfor
stratford
strathmo
strathyr
stratman
stratoca
stratocaster
stratos1
stratosfera
stratovariu
stratovarius
stratton
stratus1
stratus2
stratus64
strav460
stravinsky
strawber
strawberr
strawberries
strawberry
strawberry12
strawdog
strawhat
strawman
straycat
straydog
streaker
streakpj
streamer
streaming
streamip
streamline
streatha
streator
strecoza
street10
street22
street45
street75
street777
street99
streetbal
streetball
streetball123
streetbo
streetboy
streetca
streeter
streetfi
streetfighter
streetking
streetli
streetlife
streetrace
streetracing
streetro
streets38
strega27
streisan
streisand
strekoza
strelets
strelkov
strelnikov
strength
strepsils
stressed
stretch1
stretch2
stretche
stretcher
stretton
strevrep
stricken
stricker
strickla
strickland
strickle
strickrave
strider1
strider2
strider3
strider7
striders
striegel
strike01
strike123
strike99
strikeou
strikeout
strikepro
striker0
striker1
striker10
striker7
striker85
strikers
stringbean
stringer
strings1
stringss
strip4me
stripclu
stripclub
stripclublist
stripclubs
striper1
stripers
stripes0
stripes1
stripes2
stripes4
stripkin
strippe1
stripped
stripper
strippers
stripsel
striptease
striptiz
stroganova
strogino
stroitel
stroke222
strokeit
strokeme
stroker1
stroker3
strokers
strokes1
stroking
strolchi
stroller
strombol
stromile
strong15
strong34
stronganuta
strongbad
strongbo
strongbow
stronger
stronges
strongho
stronghold
strongma
strongman
strongtea
strontiu
stronzio
strother
strshcky
structptfcor
structur
structure
strudel1
struggle
strukova
strummer
strumpet
strumpfh
strungou
strungout
strunino
struther
strutsen
strutter
strvx69z
stryker1
stryker2
stryper1
strzelec
ststurbo
stthomas
sttngds9
sttropez
stuart01
stuart12
stuart55
stuart99
stubbles
stubborn
studbolt
studboy1
studduck
studebak
student0
student1
student123
student2
student5
studenta
studentka
students
studerch
studfuck
studhoss
studio23
studio54
studio65
studiobx
studioware
studioworks
studitech
studley1
studman1
studmuff
studmuffin
studpupp
studstar
studstud
studying
stuff123
stuff4m3
stuffing
stuffwonder
stukjehout12
stumpish
stumpjum
stunner1
stunner7
stunners
stunning
stunt101
stuntboy
stuntkit
stuntman
stupendo
stupid00
stupid01
stupid11
stupid12
stupid123
stupid44
stupid69
stupid78
stupid99
stupidas
stupidbitch
stupiddog
stupidgirl
stupidhead
stupidit
stupidity
stupidme
stupidshit
stupidst
sturgeon
sturgis1
stutgart
stuttgar
stuttgart
stuvwxyz
stuyvesa
stvincen
stwitzel
stydentka
stylish777
styxstyx
su27flanker
su5susu2
subaru01
subaru02
subaru04
subaru10
subaru19
subaru21
subaru25
subaru55
subaru555
subaru73
subaru99
subaruforester
subaruimpreza
subaruwr
subbotin
subbotina
subes200
subhanallah
subhdail
subhednu
subhuman
subic1989
sublevel
sublime01
sublime1
sublime2
sublime4
sublime420
sublime6
sublime7
sublime9
sublimer
sublimes
sublimin
subliminal
submarin
submarina
submarine
submariner
submerge
submissi
submission
submissive
submit99
subrange
subs1234
subscrib
subscriber
subsonic
subspace
substanc
substance
subterra
subtract
subu6767
suburban
suburbia
subway12
subwoofa
subwoofe
subwoofer
subyrs25
subzero0
subzero1
subzero16
sucasuca
succeeded
success0
success07
success08
success1
success100
success101
success123
success2
success2010
success3
success4
success7
success8
success9
successa
successf
successful
successfully
successo
successs
succubus
suceeded
sucesso1
suchila3
suchitra
suckafish
suckafoo
suckballs
suckcock
suckdick
sucker182
sucker66
sucker69
suckerss
suckfuck
suckhard
suckit01
suckit11
suckit12
suckit14
suckit21
suckit69
suckitup
suckkcus
suckme23
suckme69
suckmenow
suckmeof
suckmeoff
suckmine
suckmy1k
suckmyarma69
suckmyass
suckmyba
suckmyball
suckmyballs
suckmyco
suckmycock
suckmydi
suckmydic
suckmydick
suckmythang
suckonit
suckpuss
suckpussy
sucks2bu
sucksass
suckscock
sucksdi1
sucksdic
sucksdick
sucksuck
suckthem
suckthis
sucktits
sucktoes
sucky2000
suckyfucky
suckysuc
suczki22
sudakov198
sudakov1987
sudanair
suddenly
sudeshna
sudhakar
suedtiro
sueellen
suerman1
suffer11
sufferin
suffering
suffield
suffixes
suffocat
suffren2
suftfav7
sugabear
sugar123
sugar222
sugar257
sugarbab
sugarbabe
sugarbaby
sugarbea
sugarbear
sugarbee
sugarboo
sugarboy
sugarbum
sugarbus
sugarcan
sugarcane
sugarcub
sugarcul
sugardad
sugardaddy
sugardog
sugarfoot
sugarfre
sugarfree
sugarhil
sugarhill
sugarl1p
sugarland
sugarlips
sugarloa
sugarloaf
sugarmag
sugarman
sugarpea
sugarpie
sugarplu
sugarplum
sugarray
sugarsug
sugarsugar
sugartit
sugipula
suh1584dswk9
suhareva
suhorukov
suicidal
suicide1
suicycopunk
suidroot
suigetsu
suikoden
suitcase
suitsyou
sujisuji
suka123321
suka1234
suka1985
suka2000
suka2010
sukabumi
sukalove
sukalubov
sukapwnz
sukasuka
sukavzlomal
sukerman
sukhoi27
sukiasyan
sukinsin
sukisuki
sukiyaki
sulaiman
sulamita
sulawesi
suleiman
suleyman
sullivan
sullivan1
sully123
sully3151
sully9090
sultan77
sultan777
sultanov
sultanova
sumatra1
sumbitch
sumerian
sumertime117
sumisumi
sumit123
sumit795
sumitomo
summer00
summer01
summer02
summer03
summer04
summer05
summer06
summer07
summer08
summer09
summer10
summer11
summer12
summer123
summer13
summer14
summer15
summer19
summer20
summer200
summer2010
summer21
summer22
summer23
summer24
summer25
summer29
summer42
summer43
summer44
summer46
summer49
summer55
summer61
summer62
summer66
summer67
summer68
summer69
summer72
summer73
summer77
summer78
summer79
summer82
summer88
summer96
summer97
summer98
summer99
summerbr
summerda
summerday
summerfu
summergirl
summerhill
summerlo
summerlove
summerof
summerof69
summerra
summerrr
summers1
summerse
summersu
summerte
summerti
summertim
summertime
summerwine
summoner
sumo1972
sumon123
sumosumo
sumpos89
sumqayit
sun06078
sun2moon
sun5boys
sunbanna
sunbeam1
sunbeam5
sunbeams
sunbunny
sunburn1
sunburst
suncet69
sunchild
sunchips
suncloud
suncoast
sund2000
sundanc1
sundance
sundance1
sundaram
sunday11
sunday12
sunday123
sunday15
sunday22
sundaypunch
sunder13
sunderla
sunderlan
sunderland
sunderland1
sundevil
sundevils
sundin13
sundiver
sundjerbob
sundown1
sundowne
sundowner
sundream
sundrops
sundsval
sunfire1
sunfire616
sunfires
sunflowe
sunflower
sunflower1
sunflower2
sunflowers
sunflowr
sunghile
sunglass
sunglasses
sunictua
sunillinux
sunita20
sunking1
sunkist1
sunlight
sunliner
sunlover
sunmoon1
sunny000
sunny101
sunny123
sunny200
sunny2010
sunny777
sunnyboy
sunnybun
sunnydal
sunnydale
sunnyday
sunnydays
sunnydog
sunnyfun
sunnygir
sunnygirl
sunnyleone
sunnysid
sunnyside
sunnyvale
sunpoint
sunra000
sunray99
sunrider
sunrise1
sunrise2
sunrise3
sunrise7
sunrise9
sunrunne
sunrunner
sunscree
sunseeke
sunseeker
sunset00
sunset10
sunset11
sunset22
sunset26
sunset28
sunset69
sunset99
sunsetbeach
sunsh1n3
sunsh1ne
sunshin1
sunshin3
sunshine
sunshine0
sunshine01
sunshine02
sunshine1
sunshine10
sunshine11
sunshine12
sunshine14
sunshine2
sunshine23
sunshine26
sunshine3
sunshine4
sunshine44
sunshine5
sunshine6
sunshine69
sunshine7
sunshine8
sunshine9
sunshine99
sunshines
sunshyne
sunsport
sunspot1
sunstone
sunstorm
sunsunsun
suntimes
suntrust
suntzu11
sunvalley
sunworld
suny0578
suoicorb
sup3rman
sup4l33t
sup_wolf
supadave
supadupa
supalite
supaslic
supastar
super001
super007
super100
super111
super123
super1234
super197
super1984
super1993
super2000
super2010
super22b
super321
super350
super412
super666
super777
super800
super888
super999
superand
superare
superbab
superbad
superbee
superbig
superbik
superbike
superbir
superbird
superbit
superbla
superbob
superboo
superbow
superbowl
superboy
superbud
superbus
supercac
supercal
supercali
supercan
supercar
supercat
supercex
supercha
supercharged
superche
superchef
superchi
superchivas
superchu
superchunk
supercoc
supercock
supercom
supercoo
supercool
supercool7
supercop
supercow
supercre
supercrew
supercro
supercross
supercub
supercup
supercutekawaii
superdad
superdan
superdav
superdave
superdetka
superdic
superdick
superdima
superdisk
superdiva
superdog
superdome
superdra
superdud
superdude
superdup
superduper
superduper1
superdut
superduty
superego
superelvis
superexlax
superfamily123
superfan
superfas
superfic
superflo
superflu
superfluous
superfly
superfly1
superfox
superfre
superfreak
superfuc
supergas
supergir
supergirl
supergirl1
supergli
superglide
superglu
supergnom
supergoku
supergol
supergrass
supergrosq
supergummby
supergut
superguy
superhaw
superhawk
superher
superhero
superhit
superhoo
superhot
supering
superior
superior1
superjeep
superjet
superjew
superjkg
superjunio
superkev
superkin
superking
superlee
superlena
superleo
superlin
superlol
superlove
superlover
superma1
superma4
supermac
supermack
supermag
supermama
superman
superman0
superman00
superman09
superman1
superman10
superman11
superman12
superman123
superman13
superman15
superman17
superman1938
superman2
superman2010
superman21
superman23
superman24
superman3
superman4
superman5
superman6
superman69
superman7
superman75
superman8
superman88
superman89
superman9
superman99
supermanboy
supermand
supermann
supermar
supermario
supermark
supermat
supermax
supermega
supermen
supermex
supermn1
supermod
supermode
supermodel
supermom
supermon
supermonkey
supermoo
supermot
supernal
supernat
supernatura
supernatural
supernau
supernes
supernet
supernic
supernov
supernova
supernova1
superone
superpal
superpan
superpas
superpass
superpassword
superpat
superped
superpil
superpim
superpimp
superpol
superpow
superpower
superpro
superpuper
superpus
superpuss
superram
superrok
supersai
supersaiyan
supersam
supersec
supersecret
superset
supersex
supersexy
supersit
supersiz
superski
supersku
superskunk
supersla
supersmash
superson
supersonic
supersonics
superspa
superspaz
superspi
superspo
supersport
superspu
superspurs
superspy
supersqu
supersta
superstar
superstar1
superstar123
superstar132
superstars
supersti
supersto
superstock
superstr
superstu
superstud
supersub
supersup
supersuper
supert21
supertaco
supertec
supertech
superted
supertek
superter
supertit
superton
supertoronja4
supertra
supertramp
supertru
superunk
superuse
superuser
superven
supervis
superviso
supervisor
supervizor
supervolde1
superwom
superwoman
supidupi
supie123
supplier
supplies
support1
support123
support2
support3
support5
support6
supporte
supporter
supports
supra123
supraman
suprchkin
supremac
supremalex
supreme1
supremes
supremum
suprstar
surabaya
surbiton
surcoufe
sure9533
suredick
surefire
surelyne
sureno13
sureshot
surething
surf0112
surf1234
surf2000
surf4fun
surf4life
surf7873
surfacin
surfacing
surfah01
surfboar
surfboard
surfbret
surfcity
surfdude
surfer01
surfer10
surfer11
surfer12
surfer13
surfer21
surfer22
surfer33
surfer69
surfer99
surferboy
surferdude
surfergirl
surfin50
surfing1
surfing2
surfing5
surfista
surfking
surfmore
surfnazi
surfride
surfside
surfstar
surfsurf
surgeon1
surgery1
surgical
surgtech
suricato
suriname
suro123456
surplus1
surpr1s1
surprise
surreal1
surrende
surrender
surreygi
surround
survey30
surveyor
surviv0r
survival
surviver
survivor
susan123
susan777
susanaaa
susanita
susanna1
susanna1997
susannah
susanne1
susannes
sushi111
sushi2008
sushibar
sushiman
sushirol
sushisushi
sushmita
sushumna
susie123
susiecat
susihukka
susisusi
suslik123
susliksuka
suspects
suspence
suspende
suspense
suspension
suspiria
sustanon
susteren
susubaby
susususu
sutarni1
sutherl1
sutherla
sutherland
sutobuke
sutsugua
sutton99
sutvsc5ysaa
suvorova
suwan029
suxtkmu1
suyr1394
suyrus17
suzannah
suzanne1
suzanne2
suzanne6
suze3233
suzenina
suzerand
suzesuze
suzevide
suzibaby
suzie123
suzuki01
suzuki10
suzuki11
suzuki12
suzuki123
suzuki13
suzuki250
suzuki60
suzuki600
suzuki69
suzuki75
suzuki750
suzuki99
suzukigs
suzukirm
suzy4ever
suzylulu
suzysuzy
suzywong
suzzanne
sv080898
sv13091309
sv935rrd
svaisvai
svalbard
svanidze
svarshik
svastika
svaytsvayt
sveintor
sven0000
sven1234
sven1609
sven1994
svenerik
svengali
svenms320
svensps606
svensps820
svensson
svensven
sverdlov
sverdlova
sveta111
sveta1212
sveta123
sveta1234
sveta12345
sveta1964
sveta1965
sveta1967
sveta1971
sveta1972
sveta1973
sveta1974
sveta1975
sveta1977
sveta198
sveta1980
sveta1981
sveta1983
sveta1984
sveta1985
sveta1986
sveta1987
sveta1990
sveta1991
sveta1992
sveta1994
sveta1995
sveta1996
sveta1997
sveta1999
sveta2010
sveta2011
sveta777
svetabez
svetasveta
svetik123
svetik1989
svetik25
svetik89
svetka13
svetlana
svetlana1
svetlana123
svetlana1978
svetlana1980
svetlana1982
svetlana1984
svetlana1993
svetlana2011
svetlana62
svetlana7
svetlana71
svetlana77
svetlana88
svetlanka
svetlanochka
svetlashka
svetlaya
svetlova
svetlyachok
svetlyak
sveto4ka
svetochek
svetochka
svetocopy
svetofor
svetsvet
svhak100
sviatoslav
svidanie
svinsvin
sviridov
sviridova
svish1869
svistunova
svitlana
svizzera
svjam7da
svoboda1992
svobodna
svoloch2010
svolochi
svopw616
svpapa1991
svskosvsko
svstime007
svtcobra
svtfocus
svyatoslav
sw0rdf1sh
sw0rdfish
sw1ng3rs
sw33tn3ss
sw357mag
swadaddy
swagswag
swakopmu
swallow1
swallow2
swallower
swallowi
swallows
swampass
swampdog
swampers
swampfox
swamprat
swandive
swaneeee
swanlake
swanne42
swannies
swanpond
swanpool
swansea1
swanson1
swansong
swanswan
swanuper
swap2442
swappers
swarovski
swastika
swat1234
swatswat
swatteam
swazz123
swcl1991
sweater1
sweaters
sweathog
sweating
sweatpants
sweatpea
sweatysex
swede211
sweden69
swedish1
sweendog
sweeney1
sweeper1
sweeping
sweepstakes
sweet001
sweet100
sweet123
sweet445
sweet666
sweet987
sweetamy
sweetangel
sweetapple
sweetass
sweetbab
sweetbabe
sweetbaby
sweetboy
sweetcandy
sweetcat
sweetche
sweetcheeks
sweetchi
sweetcock
sweetda69
sweetdic
sweetdog
sweetdre
sweetdream
sweetdreams
sweetdude
sweeter1
sweetest
sweetgal
sweetgir
sweetgirl
sweetgum
sweetguy
sweethart
sweethea
sweethear
sweetheart
sweethom
sweethome
sweethoney
sweetie1
sweetie13
sweetie2
sweetie3
sweetie7
sweetiep
sweetiepie
sweeties
sweeting
sweetjan
sweetkiss
sweetlady
sweetlea
sweetleaf
sweetlife
sweetlip
sweetlips
sweetloa
sweetlou
sweetlov
sweetlove
sweetlover
sweetluv
sweetmama
sweetman
sweetmea
sweetnes
sweetness
sweetness1
sweetnupe
sweetone
sweetpe1
sweetpea
sweetpea1
sweetpee
sweetpie
sweetpus
sweetpussy
sweetriv
sweets11
sweets69
sweetsbg
sweetser
sweetsex
sweetstu
sweetsweet
sweettea
sweettee
sweetthang
sweetthi
sweetthing
sweettits
sweettoo
sweettooth
sweetu70
sweetums
sweetwat
sweetwater
sweety12
sweety38
sweety89
sweetypie
sweitzer
swelling
sweta123
swetlana
swetlanka
swforever777
swgrocks
swift806
swiftest
swiftkit
swilliam
swim2000
swim2win
swim4fun
swimbike
swimfast
swimmer1
swimmer2
swimmer6
swimmers
swimming
swimming!
swimming1
swimming123
swimming2
swimpool
swimrun1
swimsuit
swimswim
swimteam
swimwear
swinburn
swindell
swindelli
swindler
swindon1
swinedog
swinford
swing200
swinger1
swingers
swingers69
swinging
swingler
swinglin
swingline
swinglow
swingman
swingset
swinton1
swisher1
swissair
swissarm
swissboy
swisscake
swisscom
swissfil
switch01
switcher
switches
switchfoot
switchma
switdrim
switzerl
switzerland
switzman
swofford
swoldatl
swoop143
swoosh66
sword007
sword123
sword1537
swordfis
swordfish
swordfish1
swordfsh
swordmaster
swordsinger
swordsma
swordsman
swordsme
swordsmen
swpaflag
swppmatt
swthing1
swtpoisn
swupdate
swyeth81
sx122748
sx2000lt
sx421818
sx432676
sx433363
sxdcfvgb
sxdhot9c
sxj328174
sxslave2
sy5ckrx4
syazwani
sybarite
sycamore
sydenham
sydnee02
sydney00
sydney01
sydney02
sydney05
sydney11
sydney12
sydney123
sydney20
sydney2000
sydney22
sydney66
sydney69
sydney97
sydney99
sydnie08
syec973q
sykalove
sykalubov
sykamyxa3gg
sylionio
syltelab
sylva7ia
sylva8ia
sylvania
sylveste
sylvester
sylvestr
sylvestre
sylvia11
sylvia40
sylviahans
sylviane
sylviarafael
sylwia12
sylwia13
sylwia14
sym54571
symantec
symbiont
symbiote
symbolic
symmetry
sympathy
sympatic
sympatico
symphony
synapse9
synchro2
synchron
synciwam
syncmast
syncmaste
syncmaster
syncmaster1
syncmaster710n
syncmaster710v
syncmaster740n
syncmaster913n
syncmaster920n
syncmaster940n
syncpl01
syncpl04
syncpl06
syncpl09
syndicat
syndicate
syndikat
syndrome
syneone1
synergie
synergy1
synergy101
synopsys
syntax85
synthesis
synthetic
synyster
syperbafer
syperstar
syphilis
syracuse
syria123
sys000x2
sys49152
sys64738
sys64802
sysadmin
sysinfomsg
sysljfm9
sysop133
syssetup
systeem1
system00
system01
system11
system12
system20
system21
system32
system33
system39
system58
system69
system77
system99
systematic
systeme1
systemf1
systemfe
systemofadow
systemofadown
systems1
syuzanna
syzygies
syzygy37
syzygy44
sz1eslmp
sz2207sz
sz645763
sz6ckry5
sz6dlry5c
sz7elry5c
szcdu6he
szczecin
szczepan
szczescie
szczurek
szeplany
szerelem
szgei6j9
szklanka
sznzhnhh
szymansk
t0016340
t06dlsz5c
t07elsz6d
t0fmwi00
t0gather
t0oooo00
t0psecret
t0r0ab34
t0ttenham
t1234567
t12345678
t123456789
t12k16y19w
t1a2r3a4s5
t1ber1an
t1nsxhu4
t1o2b3y4
t1t0t1p0k
t1t2t3t4
t1t2t3t4t5
t1tan1um
t28gc1zi
t2jscmev
t3485t3485
t34vfrc1991
t38a6192
t3avelos
t3fkvkmj
t3k9ru4j
t4051245
t4dwpbtb
t4y1pszw8u
t5537244
t58565254
t5e3zm08
t5r4e3w2q1
t5y6u7i8
t65xwing
t6dlniahehjsktr60vp8rb50e2
t6y7u8i9
t710815t
t7yudb1xmu
t882332o
t8kqh6f5
ta123456
ta1l0r66
ta4zan10
ta6175wa
taap1144
taastrup
tabachoy
tabaluga
tabarnac
tabarnak
tabasco1
tabasco7
tabatadze
tabatha1
tabbie69
tabbitha
tabby123
tabbycat
tabernac
tabitha1
tabitha12
table123
table54781
tableleg
tablesaw
tableten
tabletennis
tabletka
tabletop
tablette
taborsky
taboshar
taboukfi
tabryant
tabularasa
taburetka
tac0magi
tac230889
tachauch
tachyon1
tackle75
tacobel1
tacobell
tacobell1
tacoma06
tacoma23
tacoma95
tacomeat
tacotaco
tacotime
tactical
tactics1
tadahiro
tadatada
tadhound8
tadlobk2000
tadlock99
tadmichaels
tadniboo
tadpole1
tadpoles
taebo101
taehapdo
taehoone
taekwond
taekwondo
taekwondo1
tafftaff
taffy123
taffydog
tag11055
tagalong
taganrog
tagforce
tagheuer
tagirova
tagnsw26t6
tagomago
taha1990
tahiti95
tahjavag
tahjcbymz
tahmineh
tahoe123
tahoe812
tahoeblu
tahoecat
tahoetru
tahoma99
tahopwnz
tahtvjdf
taiber59
taichi01
taichi110183
taichi123
taikoman
tailback
tailbone
tailgate
tailhook
tailspin
tailwhip
tailwind
tainment
tainster
tainted1
taira2009
taisabloom
tajemnica
tajikistan
tajima77
tajjiqon
tajmahal
tajpvqeh
tajudeen
taka0721
takachan
takafumi
takahashi
takahasi
takahiro
takamaka
takamine
takamura
takapuna
takasaki
takashi2
takashi3
takashi5
takasimi
takataka
takayama
takayuki
take1234
take8422
takeaway
takecare
takechan
takedama
takedown
takefive
takehana
takehiko
takehiro
takeiteasy
takeitof
takeitoff
takemeaway
takeoben
takeover
takespace
taketake
takethat
takethis
taketime
takeuchi
takhisis
takingoverme
takitaki
takota775
takotako
takoyaki
taksikoer
takumat1
takutaku
taladega
talamasca
talasman
talavera
talented
talentqq
talespin
taliesin
taliesyn
talisker
talisman
talissar
talitali
talkduck
talkline
talkshow
talksoup
talktalk
talktome
tallahas
tallahassee
tallarico
tallboot
talldark
tallen12
talleres
tallgees
tallgeese
tallgirl
tallgrass
tallguy2
tallica1
tallpaul
tallship
talltale
talltree
tallulah
tallyho1
tallyhoe
tallyman
talmadge
talon123
talon198
talonesi
talontsi
taltax20
tamadrum
tamagochi
tamahome
tamara01
tamara12
tamara123
tamara13
tamarack
tamarind
tamarindo
tamatama
tambourine
tambov68
tamdtamd
tamera69
tamerlan
tamihoag
tamilnadu
tamilynn
tamirlan
tamisier
tammiann
tammikuu
tamminme
tammy123
tammy1234
tammydog
tammylee
tammyr00
tampabay
tampen57
tampines
tamplier
tamworth
tamwsn3sja
tan96drm
tanatana
tanda123
tandberg
tandoori
tanechka
tanelorn
tang1234
tangent1
tangentbord
tangerin
tangerine
tanginamo
tanglefoot
tanglewood
tangmere
tangnamo
tango123
tangodown
tangoman
tangotan
tangotango
tangsoodo
tangtang
tani4687
tania123
tania1992
tania1993
taniadez
tanichka
taniguch
tanimura
tanis123
tanishka
tanja123
tanjam72
tanjatanja
tank1221
tank1234
tank1974
tank2000
tankbund
tankcsapda
tanker01
tanker12
tanker27
tanker66
tanker69
tanker94
tankers1
tankersop
tankgirl
tankstel
tanktank
tanlines
tannenba
tannenbau
tannenbaum
tanner01
tanner02
tanner10
tanner11
tanner12
tanner123
tanner13
tanner22
tanner44
tannerbo
tanning1
tanquera
tanqueray
tanstaaf
tanstaafl
tanstafl
tantalas
tantalus
tantanta
tantar63
tanter11
tantisoldi
tantra12
tantric1
tantrika
tanushka
tanya111
tanya123
tanya1234
tanya12345
tanya1234567890
tanya1957
tanya1967
tanya1970
tanya1973
tanya1977
tanya1983
tanya1985
tanya1987
tanya1988
tanya1989
tanya1991
tanya1994
tanya1995
tanya1996
tanya1997
tanya1998
tanya2003
tanya2008
tanya2010
tanya2011
tanya666
tanya777
tanyan2013
tanyatanya
tanysha99
tanyshka
tanytany
tanyusha
tanyushka
tanzania
tanzanite
taokhongbiet
taolatao
taoyeumay
tapac971111
tapatios
tapdancer
tapestry
tapeworm
tapisnap
tapochek
taproot2
taqwa111
tar51val
tara1010
tara1234
tara1963
tara1964
tara1978
tara2188
tarabara
tarabear
tarabell
tarakan123
tarakan209
tarakan21
tarakan4ik
tarakashka
taraking
taralynn
taramich
taranaki
tarandai
tarandor
taranenko
tarantas
tarantasik
tarantela
tarantella
tarantin
tarantino
tarantino123
tarantul
tarantula
taras123
taras1982
taras2012
tarasbulba
tarasenko
tarasova
taratara
taratata
tarawera
taraxacum
tarbette
tardis01
tardis40
tardis63
tardis69
tardis76
tareq123
targa911
target11
target12
target21
target74
target84
targetss
tarheel1
tarheel2
tarheel3
tarheel7
tarheel8
tarheels
tarheels1
tarheels23
tarheelz
tarhuns11
tarikvan
tarjakin
tarkan123
tarkus11
tarkusmo
tarlet99
tarleton
tarnavskaya
tarnsman
taron000
tarotaro
tarragon
tarragona
tartaruga
tartarus
tartface
tartmoth
tarttart
tartuffe
tarutaru
tarvalon
tarzan11
tarzan12
tarzan33
tarzan34
tarzan69
tarzan77
tas049s4
taschi47
tasdeg11
tasemlane
taser334455
tasha108
tasha123
tashadog
tashatas
tashkent
tashtash
tashtego
tasker12
taskforc
taskforce
taskforce141
taskmaster
tasmania
tasmin35
tass1234
tassadar
tasslehoff
tastatur
tastatura
tasteful
tastesgreat
tastytre
tastytreat
tasuku11
tata1111
tata1234
tata1965
tata1980
tata1981
tata1984
tata1985
tata1998
tata4444
tatap9000
tatarchuk
tatarenko
tatarinova
tatarstan
tatatata
tatatatata
tatazinha
taterbug
taterdoo
taterhead
tatertot
tatiana1
tatiana12
tatiana4
tatianna
tatjana1
tatjana77
tatman11
tatonka1
tatooine
tatortot
tatoshka
tatotato
tatsuoch
tattered
tattnall
tattoo11
tattoo23
tattoo4u
tattoo76
tattooed
tattoome
tattoos1
tatushka
tatyana1
tatyana1967
tatyana88
tatyanka
tatytaty
taudelta
taukappa
tauntaun
tauro9652
tauromaq
taurus17
taurus20
taurus23
taurus2k
taurus33
taurus40
taurus69
taurus73
taurus99
taurussh
tautolog
taveren1
taverner
tavuireh
tawatawa
tawnee27
tawny21bii
tax9golf
taxbuste
taxgod01
taxidermy
taxidriv
taxidriver
taxitaxi
taxuganoman
tayataya
taychuyie
tayler13
taylor00
taylor01
taylor02
taylor08
taylor09
taylor10
taylor11
taylor12
taylor123
taylor13
taylor14
taylor16
taylor18
taylor19
taylor20
taylor21
taylor22
taylor23
taylor26
taylor29
taylor30
taylor32
taylor33
taylor41
taylor50
taylor56
taylor58
taylor60
taylor69
taylor71
taylor710
taylor76
taylor83
taylor92
taylor93
taylor95
taylor96
taylor97
taylor98
taylor99
taylorgang
taylorja
taylorjo
taylorma
taylormad
taylormade
taylorra
taylorswift
tayson77
tazdevil
tazewell
tazman11
tazman12
tazman69
tazmani1
tazmania
tazmanian
tazoon00
taztazta
tazzmann
tazztazz
tbhfrbcl
tbird001
tbl21455
tbl42159
tbolt100
tbone007
tbone123
tbrannon
tbrasili
tbrennan
tbrunson
tbrunson-serihs
tbuhk123456
tbuxard3
tbwtts12
tc3mrvii
tcampbell
tcctynerb
tcglyued
tcmsoh27
tcoulter
tcpip123
tcq99hka
tcw2rmcm
tda02081986
tda1524a
tdavis30
tdchang99
tdeir8b2
tdfqugl5
tdfyutkbjy
tdgfnjhbz
tdhjctnm
tdljrbvjd
tdljrbvjdf
tdm768s8
tdtess13
tdutybq1
tdutybq123
tdutybq12345
tdutybq1989
tdutybq44
tdutybqjytuby
tdutymtdbx
tdutymtdyf
te387ewi
te87qtdb
teaberry
teacher1
teacher2
teacher4
teachers
teacherspet
teaching
teakwood
team2733
teamann6
teamevil
teamhead02
teamlead
teamlosi
teammate
teamo123
teamoamor
teamoandre
teamobeb
teamojesu
teamojesus
teamokari
teamomama
teamomiamo
teamomigue
teamomuch
teamplay
teamrock
teamrope
teamster
teamteam
teamwork
teaparty
tearbear
teardrop
teardrops
tearitup
teaspoon
tebazile
tebeneva
tebus6556
tecctecc
tech1200
tech1210
tech1234
tech2000
tech2405
tech4400
techdeck
techgear
techguy4
techie22
techlotu
techman1
techmedi
techn9ne
technet1
technica
technical
technici
technician
technics
technika
technike
techniker
technine
techniques
techno00
techno123
techno69
techno99
technobo
technoid
technojo
technole
technolo
technolog
technologies
technology
technove
techstar
techsupp
techsupport
techteam
techtech
teckdeck
tecktonik
tecolote
tectonic
tectonik
tecumseh
tedaroar
tedbaker
teddy123
teddy199
teddy200
teddy3br
teddybea
teddybear
teddybear1
teddybears
teddybeer
teddybeer01
teddyboy
teddycat
teddydog
tedebear
tedesco1
tediassa
tednugen
tednugent
tedradio
tedtest543
tedybare
tedybear
tee5girl
teeensex
teeheelolz
teenage1
teenager
teenagers
teenbaby
teenboys
teendrea
teenfloo
teenfuck
teengirl
teenlove
teenpass
teenpuss
teenpussy
teenrave
teens2000
teens4me
teensex1
teenshardcore
teenslut
teensluts
teensteens
teenteen
teentits
teenwolf
teenybop
teesside
teeth123
teetime1
teewinot
teeworlds
teezicoo
teeznuts
tefpvqf933
tegeran43
tegretol
tegusigalpa
tehbotol
tehnolog
teiubesc
teixeira
tejinder
tekkursun
teknoman
tekoteko
tektonik
tel3031636
tel3ph0n
telameto
tele1525
tele1996
telecas1
telecast
telecaster
telecom1
telecomm
telecono
telefon1
telefon12
telefon6
telefone
telefoni
telefonica
telefonino
telefono
telefoon
telefoon123
telefunken
telegast
teleghma
telegina
telegram
telegrap
telegraph
telemann
telemark
telemark68
telemate
telemund
telenet7
telepath
teleph0n
telephon
telephone
teleport
telepuzik
telescop
telescope
teleseti83
teletele
teletubb
televisi
televisio
television
televizor
televocomigo
televole
telewest
telewizor
telez371
telez372
telez373
telkomsel
teller13
tellmewhy
telltell
telltime
tellurid
telluride
telomere
telometo
telstar1
telstarr
telstra1
teluride
tema1234
tema12345
tema180296
tema1990
tema1992
tema1996
tema2009
tema2010
tema2011
temagami
tematema
temchenko
temecula
temerari
temidayo
temik201600
temirlan
temirtau
temitayo
temitope
temnikov
temotemo
temp0rary
temp1111
temp1234
temp1week
temp4now
tempaccess
tempepoc
temperament
temperan
tempest1
tempest2
tempest6
tempest7
tempest8
tempesta
tempfire
templar1
templar2
templari
templars
template
templates
temple02
temple3779
templeto
templeton
temporal
temporar
temporary
temporary1
temppass
temppassword
tempt5748
temptati
temptation
tempted1
temptemp
tempting
temptres
temptress
tempuser
ten10ten
tenaciou
tenaciousd
tenacity
tenbears
tender12
tendress
tendresse
tendulka
tendulkar
tenebrae
teneight
tenerife
tenerife1
tenisbal
tennents
tennesee
tennesse
tennessee
tennessee1
tennille
tennis01
tennis09
tennis10
tennis11
tennis12
tennis123
tennis13
tennis15
tennis18
tennis20
tennis2000
tennis21
tennis22
tennis23
tennis25
tennis69
tennis77
tennis83
tennis99
tennisba
tennisball
tennison
tennisss
tennvols
tennyson
tenorman
tenorsax
tenorsix
tenpoint
tenretni
tenstoreys3
tentacion
tentacle
tentation
tenten10
tenten1010
tentente
tentimes
tentorium
teodosio
teopreed
tep0611abc
teparual
teplohod
tequiero
tequieromuch
tequila1
tequila3
tequila6
tequilas
tequilla
terabyte
teradyne
teragram
teramars
teranova
terapevt
teratera
terbiest
tercerie
terdhead
tere9876
teremok07
teremok1
teremok90
terenaam
terence1
terentev
teresa01
teresa11
teresa12
teresa13
teresa69
teresa99
tereschenko
tereshkova
teresina
teresita
tereteam
teretere
terezinha
terie3401
terimakasih
teriteri
teriyaki
termagan
termenator
termin99
terminal
terminal1
terminat
terminate
terminating
terminato
terminator
terminator1
terminator2
terminix
terminus
termite1
termites
termopast12
ternopil
ternovnik
teroknor
teroo1994
terorist
terps200
terpsihora
terra100
terra123
terrace1
terrace21
terracot
terrafax
terran11
terran19
terrance
terrance1
terranig
terranov
terranova
terrapin
terrapins
terrarium
terrasse
terratec
terrazas
terrell1
terrell2
terremot
terrence
terri123
terriann
terrible
terrier1
terriers
terrific
terronha11
terror24
terroris
terrorism
terrorist
terrorizm
terry123
terry555
terry805
terry911
terrylee
terrylynn
terryman
terryter
terrytown
terserah
terterter
teru7350
teruteru
tervetuloa
teshka_poltavka
tesla123
tesmania
tesorito
tessa002
tessa123
tessadog
tesserac
tesseract
tessi666
tesstess
tessukka
test0000
test1234
test12345
test123456
test12te
test2000
test2004
test2009
test4ech
testamen
testament
testaros
testarosa
testarossa
testcard
testdriv
testdrive
teste123
tester01
tester10
tester12
tester123
tester22
tester99
testerer
testerrr
testibil
testibill
testicle
testicles
testing1
testing12
testing123
testing2
testing3
testing4
testing5
testing8
testings
testjoin
testosterone
testpass
testpilot
testsite
testtest
testtest1
testtube
testuser
testuser1
testxxxxx
tetateta
teteilona
tetradka
tetragrammaton
tetriandoh
tetsujin
tetsuo28
teuchter
teufelo7
teutates
teutonic
tevez258
texaco75
texas001
texas101
texas123
texas197
texas198
texas200
texasboy
texasdog
texasfight
texasgirl
texaskic
texasman
texasran
texasroc
texastec
texastech
texasusa
texnolog
textbook
textconv
textiles
textvalu
tezizu00
tezyhadu
tf04wjg9
tfd2rsa2
tfjunwptzsjp
tfkntfkn
tfkp1365
tfsjixcm
tfsurfer
tg316555
tgbhn25fb
tgbxtcrbq
tgbyhnuj
tgbyhnujm
tgiftgif
tgkbxfgy
tgp$pass
tgreen69
tgreene1
tgtgtgtg
tgvpsebt
tgyhtgyh
th0rth0r
th1rt33n
th1rt3en
th1ss1te
th8ier4y
tha1land
tha7atos
tha8atos
thabest5
thaddeus
thaddius
thaichan
thaigirl
thailan1
thailand
thailand1
thailande
thaina123
thaipron
thais2010
thaiseuteamo
thaisinha
thaithai
thaizinha
thalamus
thalassa
thanadef
thanasis
thanato1
thanatos
thanh1234
thanhbinh
thanhhang
thanhhoa
thanhhuong
thanhmai
thanhnguyen
thanhtrung
thankful
thankgod
thanks01
thanks10
thanks2000
thanksto
thankyou
thankyou1
thankyou2
thanos21
thanthan
thap6255
tharanga
thargman
tharmika
that1guy
thatcher
thatguy1
thatguy2
thathazinha
thatisme
thatnigg
thatnigga
thatsall
thatshot
thatsme2
thatsrig
thatsright
thatthat
thatwill
thaumiel
thayna123
the1andonly
the1ring
the1rock
the2celt
the2ofus
the3ofus
the4ofus
the69ers
the69eyes
theabyss
theadora
thealamo
theandthe
theangel
theangel777
theanswe
theanswer
theapple
thearea401
thearrow
theartis
theartist
theateam
theater1
theatre1
theatres
thebaker
thebarber
thebaron
thebeach
thebear1
thebears
thebeast
thebeatl
thebeatles
thebeave
thebends
thebest1
thebible
thebigboss
thebigon
thebigone
thebigone03
thebird1
thebirds
thebitch
theblack
theblade
theblades
thebleem
theblues
theboges
thebolts
thebones
theboss1
theboss2
theboys2
theboz44
thebrain
thebrick
thebronx
thebruce
thebulls
thebunny
theburbs
theburgh
thebus36
thecakeisalie
thechamp
thechase
thecheat
thecheer
thechemodan
thechief
thechose
thechosen1
thechosenone
theclash
theclick
theclips
theclone
theclones
theclown
theclub1
thecoach
thecode7
thecolonel
thecool1
thecorrs
thecount
thecreep
thecrew1
thecross
thecrow1
thecure1
thecure4
thecynic
theczar1
thed00rs
thedaddy
thedance
thedancer
thedarkangel
thedarkknight
thedarkness
thedarkness18
thedead1
thedeath
thedeuce
thedevil
thedevils
thedirty
thedocto
thedoctor
thedodge
thedoors
thedrago
thedragon
thedream
thedude1
thedude2
thee1699
theeagle
theearth
theeater
theend2012
theend4m
theendis
theerpopo
thefaith
thefield
thefinal
thefirst
theflash
thefloyd
thefloyd1
thefonzi
thefool1
theforce
thefreak
thefutur
thefuture
theg1516
thegalle
thegame1
thegame2
thegame3
thegame7
thegamer
thegazette
thegecko
thegeneral
thegeorg
theghost
thegiant
thegills
thegirls
theglove
thegooch
thegoods
thegoon1
thegoose
thegrange
thegreat
thegreat1
thegreatest
thegreatone
thegreek
thegreen
thegroup
thegunners
thehamme
thehammer
thehawks
thehead21
theheart
thehedgehog
theheron
thehills
thehitman
thehobbi
thehorse
thehound
thehouse
thehunte
theidiot
thejames
thejawjaster
thejeste
thejesus
thejewel
thejoker
thejudge
thejuice
thekid11
thekid12
thekid22
thekidd7
thekids3
thekilla
thekille
thekiller
thekillers
theking1
theking2
thekings
thekinks
thekiwi1
theknick
theknife
thelakers
thelarch
thelast1
thelast733
thelegen
thelegend
thelight
thelionk
thelodge
theloneu
thelonio
theloniu
thelorax
thelord1
thelover
themack1
themajor
theman00
theman11
theman12
theman18
theman22
theman23
theman32
theman66
theman666
theman69
theman77
themaste
themaster
themaster1
thematri
thematrix
themayor
themefor
themembe
themight
themisfits
themoney
themonkey
themonster
themoose
themount
themouse
themovie
thenatur
thenewgb
thenewlife
thenewme
thenight
theninja
thenoles
thenoose
thenry14
thenthen
thenumbe
theo1234
theo2000
theo2008
theobald
theobear
theodor1
theodora
theodore
theodore1
theodoro
theoffice
theojaspers
theoldlady
theoldma
theoldman
theology
theone01
theone12
theone23
theone77
theonean
theoneri
theonion
theonly1
theonlyo
theonlyone
theophil
theophile
theorang
theories
theotheo
theother
theparty
thepass1
thepearl
thepervert
thepitts
theplace
theplane
theplaya
thepoint
thepower
theprinc
theprince
thepussy
thequeen
thequest
theranch
therangers
therapis
therapist
therapy1
therapy6
therasmus
theraven
thereaper
theresa1
theresac
therese1
theresia
therethe
therhino
theriot1
theripper
theriver
thermal1
thermaltake
thermite
thermopy
therobin
therock1
therock2
therock4
therock7
therocke
therockk
therocks
therooks
therooster
theroots
theroses
therover
theroyal
therrien
theryche
thesaint
thesame1
thesauce
thesauru
thesaurus
thescott
thesenut
thesenuts
theseven
theshado
theshadow
theshark
thesheep
theshits
theshizz
thesimps
thesimpsons
thesims1
thesims2
thesims3
thesinne
thesmith
thesnake
thesound
thespian
thespian1
thespike
thessalo
thessaloniki
thestana
thestand
thestone
thestorm
thestran
thestuff
thesun11
thesword
theta123
thetachi
thetachi1
thetaxi1
theteet1
thetford
thetheth
thethethe
thething
thethink
thethird
thethree
thetiger
thetoad12
thetopgun
thetriad
thetribe
thetroll
thetrump
thetruth
thetruth1
thetwins
theuncle
theundertaker
theused1
theusual
theverve
thevikin
thevilla
theville
theviper
thevirus
thevoice
thewall1
thewalls
thewhite
thewho66
thewhore
thewily1
thewinner
thewitch
thewizar
thewoods
theword2
theworda
theworks
theworld
theworldismine
thexfile
thexfiles
thgolfer
thiachia
thiago12
thiago123
thiaguinho
thibault
thickass
thickbas
thickbig
thickcoc
thickdic
thickdick
thickest
thicknes
thickone
thidwick
thienlong
thienthan
thierry1
thiesing
thiesing-daniela
thieves1
thighboo
thighhig
thikital
thillman
thin1234
thindert
thing123
thingies
think123
thinkbig
thinker1
thinkers
thinking
thinkpad
thinkpin
thinkpink
thinktan
thinktank
thinline
thinlizz
thinmint
thirdday
thirdeye
thirdman
thirdreich
thirdson
thirmadman
thirsty1
thirteen
thirteen13
thirty30
thirty33
thirtyon
thirtyone
thirtysix
thirtythree
this4now
thisdick
thisgena
thisinstance
thisisatest
thisisco
thisiscool
thisisfake
thisisfun
thisisga
thisisgay
thisisit
thisisme
thisismi
thisismine
thisismypassword
thisisth
thislove
thismine
thisntha
thispass
thispost
thisshit
thissite
thissitee
thisstrnfs
thissuck
thissucks
thissucks1
thisthat
thisthis
thistime
thistle1
thisworks
thjattdf
thmpv77d6f
thnkuwap
thomas00
thomas01
thomas02
thomas05
thomas06
thomas07
thomas08
thomas09
thomas10
thomas11
thomas12
thomas123
thomas13
thomas14
thomas15
thomas16
thomas17
thomas18
thomas19
thomas1960
thomas20
thomas2010
thomas21
thomas22
thomas23
thomas24
thomas25
thomas26
thomas27
thomas28
thomas29
thomas30
thomas31
thomas33
thomas34
thomas35
thomas40
thomas44
thomas45
thomas50
thomas52
thomas54
thomas55
thomas57
thomas58
thomas59
thomas65
thomas66
thomas68
thomas69
thomas70
thomas73
thomas75
thomas76
thomas77
thomas7710
thomas79
thomas83
thomas84
thomas85
thomas87
thomas88
thomas89
thomas90
thomas95
thomas96
thomas97
thomas98
thomas99
thomasan
thomasd1
thomasin
thomasina
thomason
thomasss
thomasthomas
thomasts
thomasva
thomps91
thompson
thompson1
thomthom
thomyork
thongboy
thongman
thongs13
thonma0510
thoomasefb
thoper19
thor1000
thor5200
thor6680
thoracic
thoradin
thordogg
thorfour
thorgrim
thorleif
thormax3
thornbur
thornhil
thornley
thornton
thornton1
thorodin
thorough
thorsham
thorshammer
thorsten
thorthor
thorvald
thorwor1
thotspur
thought1
thoughtf
thoughts
thoungok
thousand
thpb5101
thpbpft9
thpn2ung
thracian
thranduil
thrasher
thrashers
thrawn00
threatening
three2one
three333
threeboys
threecat
threecats
threeday
threedaysgrace
threedog
threefour
threekid
threekids
threeman
threeone
threepio
threeput
threepwood
threesix
threesom
threesome
threesome3
threetwoone
thresher
threshol
threshold
thrifty1
thrill22
thrill24
thrille1
thriller
thrillho
throatfu
throatfuck
throatfucker
throatgag
throbber
throbbin
throttle
throwawa
throwaway
throwbac
thruster
thruxton
thrytouille
thtvtyrj
thudmann
thug4lif
thug4life
thuggish
thuglife
thuglife1
thugline
thuglord
thuglove
thugness
thugster
thugstool
thugstools
thugthug
thuhuong
thumbnai
thumbnils
thumbsup
thummper
thumper0
thumper1
thumper2
thumper3
thumper4
thumper5
thumper6
thumper7
thumper8
thumper9
thumperl
thumpers
thun4731
thundarr
thunder0
thunder01
thunder1
thunder10
thunder12
thunder123
thunder2
thunder20
thunder21
thunder22
thunder23
thunder3
thunder4
thunder5
thunder6
thunder65
thunder69
thunder7
thunder8
thunder9
thundera
thunderb
thunderball
thunderbay
thunderbir
thunderbird
thunderbirds
thunderbolt
thunderc
thundercat
thundercats
thundercloud
thunderd
thunderdome
thundere
thunderf
thunderg
thunderh
thunderi
thunderk
thunderr
thunders
thurgood
thurmont
thurrock
thursday
thursday1
thurston
thuyduong
thuythuy
thuytrang
thvfrjdf
thvjkftdf
thvjktyrj
thwsoest
thx-1138
thx11380
thx11381
thx11388
thx1138a
thxersgw
thxx1138
thytcgfnty
thz1138z
ti2so4po
tiabella
tiagans97
tiago123
tiaguinho
tiamaria
tiamotanto
tiana123
tiana527
tiantian
tiaodiol
tiatp123
tiberian
tiberiu1
tiberium
tiberius
tibetian
tibia123
tiburcio
tiburon1
ticaltic
ticaltical
ticket01
ticketmaster
tickets2
tickford
tickle20
tickle69
tickle99
ticklebu
tickleme
tickler77
tickles1
tickling
ticklish
ticklish1
ticko805
ticktack
ticktick
ticktock
ticonder
ticonderog
ticoshel
ticotico
tictacto
tictrand
tidalwav
tidalwave
tiddles1
tidekcah
tidepool
tideroll
tidetide
tidewate
tidybowl
tiedomi1
tiefight
tieherup
tietokone
tiffani1
tiffanie
tiffany0
tiffany1
tiffany10
tiffany12
tiffany2
tiffany3
tiffany4
tiffany5
tiffany7
tiffany8
tiffany9
tiffanyj
tiffanym
tiffanys
tifffany
tiffiany
tifftiff
tig777er
tiger000
tiger001
tiger007
tiger100
tiger101
tiger111
tiger112
tiger123
tiger197
tiger1986
tiger200
tiger2000
tiger2008
tiger2010
tiger222
tiger224
tiger234
tiger321
tiger333
tiger357
tiger555
tiger666
tiger678
tiger777
tiger888
tiger892
tiger911
tiger923
tiger999
tigerall
tigerbal
tigerbea
tigerbob
tigerboy
tigercat
tigerchu
tigercla
tigercub
tigerent
tigeress
tigereye
tigerface
tigerfan
tigerflame
tigerfox
tigerhaw
tigerlei
tigerlil
tigerlilly
tigerlily
tigerman
tigerone
tigerpaw
tigerrag
tigers00
tigers01
tigers03
tigers04
tigers07
tigers10
tigers11
tigers12
tigers123
tigers13
tigers15
tigers19
tigers21
tigers22
tigers23
tigers24
tigers32
tigers33
tigers44
tigers63
tigers66
tigers75
tigers77
tigers78
tigers79
tigers80
tigers84
tigers88
tigers89
tigers98
tigers99
tigersd3n
tigersha
tigershark
tigershk
tigersss
tigersty
tigertai
tigertan
tigertat
tigerthe
tigertig
tigertiger
tigertim
tigerton
tigertoo
tigerwoo
tigerwood
tigerwoods
tigerxxx
tigger00
tigger01
tigger02
tigger03
tigger10
tigger11
tigger12
tigger123
tigger13
tigger14
tigger16
tigger18
tigger19
tigger20
tigger21
tigger22
tigger23
tigger24
tigger25
tigger29
tigger30
tigger32
tigger33
tigger34
tigger44
tigger45
tigger50
tigger55
tigger59
tigger60
tigger6063
tigger63
tigger67
tigger69
tigger71
tigger77
tigger78
tigger88
tigger89
tigger90
tigger99
tiggeroo
tiggerrr
tiggerto
tiggertoo
tiggertwo
tight123
tight222
tightass
tightcunt
tightend
tightfit
tighthea
tighthole
tightlie
tightpan
tightpus
tightpussy
tighttwat
tightwad
tigobitt
tigr2010
tigrenok
tigress1
tigress6
tigresse
tigrillo
tigrotta
tigrotto
tigrtem1
tigrtigr
tigrusha
tihomirov
tihomirova
tihonova
tiigrikutsu
tiikeri1
tijerina
tijgertje
tikatika
tiketike
tikhonova
tikidrich
tikigirl
tikilamp11
tikiroom
tikitiki
tikotiko
tikthoha
tiktonik
tilahun2010
tildeath
tildsley
tileshoo
tilewell
tillman1
tilly224
tillycat
tilulilu
tim12345
tim2play
tima1234
tima1983
tima1994
tima2000
tima2007
tima2010
timallen
timantti
timatima
timbalan
timbales
timber10
timber11
timber12
timber20
timber23
timber50
timber69
timberla
timberlake
timberland
timberli
timberline
timberne
timberwo
timberwol
timberwolf
timberwolves
timbrown
timbuck2
timbuk22
timbuktu
timburton
timcouch
timd2000
timdidor
timdrake
timdunca
timduncan21
time1234
time2000
time2231
time2die
time2fly
time4fun
time4sex
timebomb
timecard
timecloc
timeismoney
timekillerss
timelando
timeles5
timeless
timeless1
timeline
timelord
timendee
timeout1
timeout23
timeoutt
timepass
timeport
timeride
timerock
times123
timeshar
timeshare
timesofindia
timestwo
timetable
timetime
timetogo
timewarp
timewast
timex123
timezone
timhortons
timibill
timinator1
timisoara
timmi666
timmiebo
timmmmmm
timmothy
timmy100
timmy123
timmyboy
timmydog
timmypoo
timmythe
timmytom
timo4512
timochka
timofeev
timofeeva
timoha44
timomaas
timomass
timon2109
timonina
timosha1
timosha123
timoshenko
timoshka
timothee
timothy0
timothy1
timothy11
timothy12
timothy15
timothy2
timothy3
timothy4
timothy5
timothy6
timothy7
timothy8
timothy89
timothy9
timothys
timothyw
timoxa94
timswebgood
timtest27
timtim12
timtimti
timtst26
timur123
timur1991
timur2000
timur2009
timur2010
timur777
tina0001
tina1234
tina1974
tinabr30
tinagirl
tinakirk
tinalle3
tinamari
tinamarie
tinaspus
tinatina
tinaturn
tinbird8
tinbus25
tinchair
tincouch
tindoor1
tindoor2
tindoor8
tinfish2
tinfish8
tinfloor
ting-tin
tingting
tingtong
tinhlagi
tinhorse
tini0022
tinkabel
tinker01
tinker12
tinker13
tinker22
tinker23
tinker86
tinker99
tinkerbe
tinkerbel
tinkerbell
tinkerbelle
tinkerto
tinkitte
tinkitten
tinkiwinki
tinktink
tinkywin
tinkywinky
tinman66
tinmouse
tinnaa12
tinotino
tinpen39
tinpony1
tinsink4
tinsink6
tinsley21
tintable
tintagel
tintan1027
tintifax
tintin00
tintin69
tintinti
tintintin
tintree1
tintree2
tintree8
tinuviel
tinybear
tinybutt
tinycock
tinydick
tinykitty
tinytim1
tinytina
tinytiny
tinytits
tinytoon
tinytris
tiocfaidh
tionnota
tionpass
tiontion
tipdrill
tiphaine
tiphanie
tipi1117
tipiduma
tipper04
tipper11
tipperary
tippman1
tippmann
tippydog
tippytoe
tipsword
tiramisu
tiraspol
tirbyrjn
tirebite
tiribon12
tirishkina
tirnanog
tirowiec
tirupati
tiryakii
tiscali1
tischten
tishamisha
tishbite
tishtish
tisseman
tissot1853
tisvilde
titan123
titan500
titan777
titan999
titania2
titanic1
titanic11
titanic2
titanic3
titanic6
titanic9
titanica
titanics
titanium
titanium1
titanqwest
titanrul
titans09
titans10
titans27
titantic
titantit
titarenko
titcrazy
titelist
titepussy
titerap2
titfreak
titicaca
titikaka
titilayo
titisola
titititi
tititoto
titleist
titliest
titlover
titman40
titmouse
tito6614
titoorti
titorenko
titotito
titounet
tits1234
tits2000
tits38bb
titsanda
titsandass
titsnass
titstits
titties1
tittsddd
tittyboy
tittyfuc
tittyfuck
titus123
titusvil
titwanks
tityfuck
titztitz
tjohnson
tjskumar
tk123456
tk201011
tk3281022
tk421138
tkachenko
tkb12345
tkbcttdf
tkbpfdtnf
tkbpjdtnf
tkcam368
tkdt6969
tke806jd
tketn710
tkrbgfkrb
tktrnhbr
tktrnhjybr
tktyf123
tktyf1964
tktyftktyf
tl1000rs
tlagnhoj
tlatlago
tlaxcala
tlbycndj
tlbycndtyyfz
tlbycndtyysq
tlbyjhju
tleo0000
tllesliz
tlntsvrp
tlrl99ap
tlrrmw94
tm371855
tm8huzx74
tmac0317
tmatthew
tmbgtmbg
tmcvay15
tmercer28
tmihhp35gjwk
tmjaspers
tmjd9593
tmjxn151
tmnet123
tmnt2gro
tmntturtle
tmobile1
tmtest822
tn115320
tn608252
tn891291
tna4life
tnasljohxfysa
tnegral76
tnf37i6sdy
tnguido1
tnh67t2u
tnihashi
tnpmnfym
tnssanuam786
tnt4ever
tnt9q133
tntitans
tntpass22
to123456
to2bikes
to8888ko
toad2002
toadfish
toadfrog
toadhall
toadster
toadstoo
toadstool
toadtoad
toaldick
toalet6rensare
toast113
toast123
toastbuns
toaster1
toaster2
toasters
toasties
tobacco1
tobbie01
tobe2583
tobefree
tobeorno
tobeornottobe
toberich
tobesure
tobeycat
tobi1234
tobias11
tobias12
tobias123
tobleron
toblerone
toblerone37
toby1234
toby1966
toby2000
toby2002
toby8629
tobybear
tobycat1
tobydog1
tobyjugs
tobykerr
tobytoby
tocamela
tochukwu
tocool4u
tocotronic
todabeat
today123
today666
todayist
todd0065
todd1234
todd2000
todd3095
todd8633
toddcave
toddcoco
toddkirk
toddmike
toddster
toddtodd
todiefor
todobien
todopoderos
todorova
todzilla
toecutter
toeirerdio
toejam69
toejam83
toelover
toenail1
toenails
toerings
toesfeet
toestoes
toesucke
tofutofu
toga1414
toga5150
together
togotogo
tohru827
toietmoi
toilatoi
toilette
toiyeuem
tojiik85521133
tokamak1
tokamrua
tokarenko
tokareva
tokatheb
token0707
tokenbad
tokenr01
toki1234
tokiohote
tokiohotel
tokiohotel123
tokitoki
tokugawa
tokutoku
tokyoboy
tokyotok
tolbert1
toledo89
tolentin
tolentino
tolerance
tolerant
tolibart
tolik0000
tolik1111
tolik123
tolik1982
tolik1988
tolik2011
tolik8961
toliktolik
tolkien1
tolkien2
tolkien7
tollfree
tollgate
tolmachev
tolulope
tolytoly
tom.nancy5
tom12345
tom39335
tom414as
tomacvit
tomahawk
tomahawk1
tomandjerry
tomas001
tomas123
tomas2000
tomas987
tomasboy
tomasito
tomasson
tomat123
tomate1000
tomatene
tomato1981
tomato823
tomatoes
tomatoma
tombaker
tombgimmost
tombrady
tombraid
tombraider
tombston
tombstone
tombyron
tomcat00
tomcat01
tomcat06
tomcat10
tomcat12
tomcat14
tomcat19
tomcat21
tomcat44
tomcat55
tomcat69
tomcat77
tomcat99
tomcattt
tomcrawf
tomcruis
tomcruise
tomdaddy
tomeczek
tomek123
tomelloso
tomfoole
tomgreen
tomhanks
tomisdebom
tomislav
tomislol123
tomitomi
tomjerry
tomjones
tomkatt1
tomkaulitz
tomkocher01
tomleach
tomlinso
tomlinson
tomlogon
tomlom10
tommiller57
tommmmmm
tommorow
tommy100
tommy101
tommy111
tommy1212
tommy123
tommy175
tommy200
tommy222
tommy999
tommyboy
tommyboy1
tommycat
tommygirl
tommygun
tommyjoe
tommylee
tommyone
tommytom
tomnjerry
tomochka
tomodach
tomodachi
tomohiko
tomonari
tomorrow
tomorrow1
tomotomo
tompetty
tompkins
tompouce
tompower
tomservo
tomsjunk
tomslick
tomsmith
tomsteel
tomthumb
tomtom01
tomtom11
tomtom12
tomtomto
tomtomtom
tomwaits
tomwelling
tomyhawk
tomytomy
tonbridg
tonbridge
tone3665
tonebone
tonechka
tonedeaf
tonedef1
tonelang
tones006
tonester
tonetone
tonga123
tongliao
tongtong
tongue12
tongueri
toniloca
tonino123
tonitoni
toniville46
tonka123
tonkadog
tonkatoy
tonkpils
tonnerre
tonsberg
tonto123
tony1000
tony123123
tony1234
tony1963
tony1969
tony1975
tony1976
tony2000
tony2003
tony8669
tonya1995
tonybill
tonyblair
tonybrown
tonyd315
tonydurr
tonyhawk
tonyhawk1
tonykart
tonylevin
tonymont
tonymontan
tonymontana
tonyparker
tonyrock
tonyromo
tonysolo
tonystar
tonystark
tonystewart
tonytest
tonythomas
tonytone
tonytony
toocheap
toocool1
toocwby4u
toodaloo
toofast1
toofast4
toofresh
toohorny
took2bang
tool1234
tool369963
toolarmy
toolband
toolbox1
toolfan1
toolhead
toolmake
toolmaker
toolman0
toolman1
toolman9
toolroom
toolshed
tooltime
tooltool
toomany7
toomtoom
toomuch1
toomuch2
toomuchsugar
toonami11
toonarmy
toonasty
toonces1
toonfuck
toonlover
toonnoot
toonpics
toonporn
toontime
toontoon
toontown
toontube
tooplene
toorisky
toosexy1
tooshort
toosweet
tootall1
tootall6
toothdoc
toothles
toothman
toothpas
toothpaste
toothpic
toothpick
tootie123
tootough
tootsie1
tootsie2
tootsie7
tootsies
toottoot
toowoomb
tooyoung
top12345
top55cat
top79cat
topauger
topcat12
topcat36
topcat38
topcat69
topdevice
topdevice2
topdog12
topdog21
topekoms
topflight
topflite
topgun00
topgun01
topgun02
topgun12
topgun22
topgun24
topgun25
topgun69
topgun77
topgunner
tophat01
tophat12
topheavy
topher33
topher76
tophill1
topkapi1
topless1
toploade
topman33
topn1007
topnotch
topogigi
topogigio
topograf
topolina
topolino
topolone
toporkov
toporova
topotopo
toppdogg
topper11
topper12
topper123
toppers3
toppi6gs
toppings
topsales
topsasiti
topsecre
topsecret
topshelf
topsites
topspiree
topsport
topstops
topsy123
toptotty
topwater
tor12345
toradora
torakiki
toranaga
toratora
torchwoo
torchwood
toreador
toretore
torgerso
tori8674
toriamos
toril195
torilove
torino12
torino74
toritori
toriyama
torment1
tormenta
tormento
tormentor
tornado1
tornado123
tornado2
tornado4
tornado5
tornado7
tornado9
tornados
tornillo
tornrose
tornument
toroloco
torombol
toronado
toronto1
toronto2
toronto3
toronto5
toronto7
torontor
toropova
torotoro
torpedo1
torpedo2
torpedoe
torpedoes
torpedos
torque32
torrance
torreby1
torrejon
torrence
torrent1
torrente
torrents
torrevieja
torriana
torrymol
torso951
torsten1
tortelli
tortilla
tortillas
tortoise
tortuga1
tortuga5
tortugas
tortured
tortures
torvalds
tos22boo
tos27071991
toscana1
toschara
toshi628
toshi712
toshiaki
toshiba0
toshiba1
toshiba12
toshiba123
toshiba2
toshiba2771
toshiba3
toshiter
toshkent
toshmatov
toshmika
tossamar
tossedsa
total100
totaldog
totaldrama
totalgym
totally1
totalnod
totalwar
totara00
totenham
totenkop
totenkopf
totgeliebt
tothemax
tothemoon
tothetop
toto1234
toto1997
toto2000
totodile
totoloco
totoshka
tototiti
totototo
totototo123
tottenha
tottenham
tottenham1
tottigol
tottingh
touchdow
touchdown
touching
touchmate
toughguy
toughman
toughone
toujours
touline91
toulouse
tourette
tourismo
tourmaline
tourname
tournament
tourneri
tourneso
tournesol
tourouze
tourtour
toussaint
toutoune
tovmasyan
tovornjak
towelman
tower123
towerline
towerman
towermount
towngate
towngirl
townhall
townsend
townshen
townshend
township
towtruck
toxa1234
toxa12345
toxa1992
toxa2012
toxa3353520216
toxatoxa
toxic123
toxicink
toxicity
toxico93
toyeucau
toymaker
toymotor
toyokawa
toyota00
toyota01
toyota06
toyota10
toyota11
toyota12
toyota123
toyota13
toyota16
toyota19
toyota1993
toyota20
toyota22
toyota23
toyota31
toyota69
toyota85
toyota88
toyota90
toyota91
toyota95
toyota96
toyota98
toyota99
toyotacamry
toyotacelica
toyotamark2
toyotamr
toyotamr2
toyotapu
toyotarav4
toyotasupra
toyotatacoma
toyouenjoy
toysoldier
toysport
toystore
toystory
toystory2
toytruck
tpackage
tpafl001
tphillip
tpqwsefg
tpt3tpt3
tqbfjotl
tqbfjotld
tqjr65gw5j
tr037701
tr0mb0ne
tr17iple
tr2234655
tr2amp25
tr33fr0g
tr33frog
tr@nsf3r
tra1smit
trab7781
trabalho
traccount
tracey12
tracey123
tracey19
tracey21
tracey69
tracey79
tracilor
track123
track1600
track800
tracker1
tracker2
trackers
trackhoe
tracking
trackman
trackside
tracksta
trackstar
trackster
tracktor
tracon130591
tracones
tracteur
traction
tractor1
tractor2
tractor4
tractors
tracy123
tracyjain
tracylee
tracylyn
tracylynn
tradedpa
trademan
trademar
trademark
trademaster
trader12
trader22
trader23
trader33
trader45
trader99
trading1
traditio
tradition
traditional
trafalga
traffic1
traffic123
traffic2
traffic6
traffic9
trafficexchange
trafficforme
trafficg
trafficracer
trafficx
trafford
traficant
tragedie
trahtenberg
trailbla
trailblazer
trailblazers
trailer1
trailerpark
trailers
trailing
train088
train123
trainboy
trainer1
trainers
training
training1
trainman
trains10
trainspo
trainspotter
trainwreck
traiteur
trakinas
traktor1
traktor123
traktori
traktorist
traktorji
tralala1
tralala101
tralivali
trallalla
tralyalya
tramado1
tramadol
tramaine
tramline
trammell
tramontana
tramp123
trampampam
trample7
trampled
tramples
tramplin
trampoli
trampolin
trampoline
trance10
trance11
trance12
trance13
trance4life
trance76
trancers
trandafir
trangirl
tranmere
trannies
tranny69
tranquil
transact
transalp
transam1
transam7
transcen
transcend
transcom
transcos
transcri
transexu
transexual
transfer
transfor
transform
transforme
transformer
transformers
transien
transist
transistor
transit1
transit2
transiti
transition
transito
transits
translat
translator
transman
transmat
transmet
transmis
transmit
transpla
transplant
transpor
transport
transporte
transporter
transprt
transserfing
transsex
tranzistor
trapdoor
trapmoe1
trapped1
trapper1
trapper2
trapperj
trappers
trappeur
trapping
trapshoot
traptrap
trash123
trashbag
trashcan
trashman
trashmen
trasporti
trassae95
trasteve
tratata123
tratatushka
traudich
trauhab1
trauma21
traveker2011_
travel01
travel10
travel12
travel13
travel20
travel40
travel69
travel77
travel8m
travel91
travele1
traveled
traveler
travelers
travelin
traveling
travelinstyle
travelle
traveller
travelli
travelling
travelma
travelmat
travelmate
traveonh
travers1
traverse
traverso
travesti
travesty
traviata
traviesa
travieso
travis00
travis01
travis10
travis11
travis12
travis13
travis15
travis16
travis21
travis23
travis69
travis700
travis78
travis82
travis88
travis99
travmatolog
travolta
trawka95
traxdata
traxtrax
traxxas1
trayward
trbasegf
tre3fabio
treacle1
treadmil
treadmill
treadstone
treasure
treasure1
treasurer
treasures
treasury
treaties
treatmen
treatment
trebiggg
trebjesa
treble99
trebor10
trebor13
trebor29
trebor31
trebor69
trebor99
trebuche
trebuchet
tredeuce
treebark
treebear
treeboy2
treech99
treedude
treefarm
treefeel
treefrog
treehorn
treehous
treehouse
treehugg
treeland
treelimb
treeman1
treeroot
treestum
treetops
treetree
treetrun
trefdscx
tregaron
trek1701
trek2000
trek4500
trek4536
trek5000
trek5200
trek5500
trek7000
trekbike
trekkbas
trekker1
trekkie1
trekking
trekstar
trektrek
trelles1
tremaine
tremayne
trembita
tremblay
tremendo
tremonti
trencher
trenilyn
trenove1
trent123
trentdog
trentham
trentino
trenton1
trenton5
tresbien
trespass
tressa97
tresspas
trestles
trestres
tretjock
tretyakov
treuhand
trevor01
trevor11
trevor12
trevor17
trevor69
trevor99
trevtrev
trewq123
trewq1234
trextrex
trey12019
trey19mo
treytrey
trezeguet
trezeguet2
trfnthby
trfnthbyf
trfnthbyf1
trfnthbyf1995
trfnthbyf2
trfnthbyf21
trg67913
triage22
triagrutrika
triangl1
triangle
triangolo
triathlo
triathlon
triathlon1
tribal21
tribble1
tribbles
tribe1313
tribefan
tribilin
tribulat
tribulus
tribunal
tribute1
tribute8
tricena2
triceps2
triceratops
tricia12
tricking123456
trickste
trickster
tricky21
tricky55
trickydi
trickydick69
trickyki
tricolor
tricycle
tridelta
trident1
trident2
trident8
tridente
triderredirt
trifecta
trifonova
triforce
trigger07
trigger1
trigger2
trigger3
trigger33
triggered
triggers
triggles
trigonal
trikolor
trillian
trillion
trillium
trilobit
trilobite
trim7gun
trimahss
trimaran
trimedia
trimmers
trin1357
trina123
trincher
trindade
trinidad
trinidad1
triniman
trinitro
trinitron
trinitrotoluol
trinity0
trinity01
trinity1
trinity11
trinity1331
trinity2
trinity3
trinity4
trinity5
trinity6
trinity7
trinity8
trinity9
trinityr
trinityx
trinkets
trinkle1
trintrin05
trintron
tripacer
tripkirk
triple12
triple33
triple555
tripleh1
tripleh3
triplehh
triplehhh
triplepl
tripler3
triplets
triplets3
triplett
triplex1
triplexx
triplexxx
tripoli1
tripper1
tripper2
trippers
tripping
tripples
tripplex
tripster
triptrip
tripwire
tris3647
triscuit
trisdog7cp
trish123
trisha69
trishame
triskelio
triskelion
triskell
trislona
trissyc3
tristan0
tristan1
tristan14
tristan2
tristan4
tristan5
tristan8
tristana
tristani
tristania1
tristano
tristate
tristen1
tristian
triston6
tristonk
tristram
triton08
triton22
triton26
triton98
triturus
triumph1
triumph2
triumph3
triumph6
triumph7
triumphs
triumpht
triumvirat
trivium1
trixie11
trixie12
trixie97
trixster
trm51234
trm5abul
trm5dead
trm5supe
trobin44
trocader
trocadero
trofimchuk
trofimov
troglodi
troglodit
trogvain
troi20071
troidaysao1
troiette
troiworf
trojan00
trojan01
trojan12
trojan13
trojan21
trojan32
trojan33
trojan55
trojan92
trojan99
trojanma
trojans0
trojans1
trojans2
trojans5
trojans9
troll123
trollface
trolling
trolly10
trololol
trolololo
tromador
trombeld
trombon1
trombone
trombone1
tromboni
trompeta
trompete
tron2000
tron696969
tron8766
trondhei
trondheim
tronlive
trontron
trookie101
trooooos
troop4life
trooper1
trooper2
trooper3
trooper4
trooper6
troopers
tropheus
trophies
tropical
tropican
tropicana
tropikana
trossach
trotinet
trotineti
trotsky1
trotter1
trotters
trottier
trottola
trottolino
trouble1
trouble2
trouble3
trouble4
trouble5
trouble6
trouble7
trouble77
trouble9
troubled
troubles
trousers
trout101
trout123
trout131
troutbum
troutfly
trouthun
troutman
trowssap
troxler5
troy1234
troyboy1
troytroy
trpaslik
trrim777
tru2dagame
tru5tn01
truba123
trubadur
trubokom
truboprovod
trubshaw
truck123
truckdri
truckdriver
trucker1
trucker2
truckers
truckin1
trucking
truckman
truckmouse
trucks12
trucks123
truckstop
trucmuch
tructruc
trudipis
true5bro
true7521478957
trueblood
trueblue
trueblue1
trueblue123
truegrit
truelies
truelove
truelove1
trueman7
truethat
truetrue
truffaut
truffles
truhomie
trujillo
trullino
truman10
trumbull
trumen123
trumpet1
trumpet2
trumpet6
trumpet7
trumpete
trumpets
truncata
trunks12
truplaya
trushina
truskawka
truskawka1
trust1no
trustgod
trusthim
trusting
trustingod
trustmaster
trustme2
trustmon
trustn00ne
trustn01
trustno1
trustno11
trustno12
trustno123
trustno1k0
trustno2
trustno269g
trustnon
trustnoo
trustnoone
trustnoone1
trustyou
truth316
truthful
trx400ex
tryagain
trygod20
tryingit
tryingto
tryitall
tryitnow
tryitout
tryjasj1
tryme1234
trymenow
trymycode91
tryteens
trythis1
trytobra
trytologin86
trytrytry
ts494461
tsanborn
tscfgwmi
tsclient
tscmsi01
tscmsi02
tscmsi03
tscupgrd
tsdiscon
tserber123
tseri028
tsettset
tshering
tshin921
tshootsv
tsibulskiy
tslabels
tsmkudir
tsoikino950
tspecops
tspeter1
tsquared
tsshutdn
tsso049991
tstewart
tstststs
tsubasa1
tsuk9173
tsukaayu
tsukihime
tsunami1
tsunamis
tsuserex
tsutakaw
tsuyoshi
tt1202102
tt123456
ttdlnhttdlnh
ttfsaaaa
ttjjfuw9
ttnn1492
ttoonnyy
ttqkkqem
ttrr1166
tttaakkk
tttardez
ttttanne
ttttt2000
tttttt2000
tttttt99
ttttttt1
ttttttt900
tttttttt
tttttttt2000
ttttttttt
tttttttttt
tttttttttttt
tu190022
tu4stu4kins279
tuamadre
tubalcai
tubalcain
tubaman1
tubatuba
tubby123
tubbycat
tuberose
tubesdap
tubetech
tubingen
tubitzen
tuborggreen
tubu1909
tuck1234
tuckahoe
tucker00
tucker01
tucker08
tucker11
tucker12
tucker123
tucker13
tucker22
tucker69
tucker72
tucker99
tuckerkl
tuckerman
tucotuco
tucson11
tuczno18
tuesda11
tuesday0
tuesday1
tuesday2
tuesday8
tuesdays
tuffgong
tuffguy1
tufftuff
tuffy123
tuffy212
tuffy339
tufutufu
tugboats
tuhanyme
tujazopi
tujh1993
tujh2008
tujh2009
tujh2010
tujh2934
tujheirf
tujhrf123
tujhrf1997
tujhrf59
tujhtujh
tukituki
tuktuktuk
tukvadze
tularosa
tulinikil
tulip123
tulipan1
tulipan12
tulipano
tull1976
tullahom
tullamore
tullball
tulloch1
tulltull
tulsabre
tumadre1
tumblers
tumblewe
tumbleweed
tumbling
tummybed
tummydoo
tummyfis
tummyhor
tummykey
tummymou
tummypen
tummyroa
tummysin
tummytru
tumoxalwmz
tumwater
tunafish
tunafish1
tunahead
tunatown
tunatuna
tunatuni
tunbosun
tungdom6
tungsten
tunguska
tunorood
tunstall
tupac123
tupac1971
tupacsha
tupacshakur
tuppence
tuputamadre
turambar
turandot
turashvili
turbine1
turbine2
turbines
turbo007
turbo123
turbo147
turbo241
turbo300
turbo911
turboblink182
turbobug
turbocat
turbocha
turbocharged
turbodie
turbodog
turboglad
turbojet
turboman
turbonin
turbonium
turbopascal
turboplus
turborib
turbotax
turbotek
turbulen
turdball
turdburg
turdgnat
turdhead
turdly28
turdturd
tureture
turf1turf
turion64
turismo2
turismo879
turismodr
turkey01
turkey10
turkey11
turkey12
turkey18
turkey42
turkey50
turkey99
turkish1
turkmenistan
turkturk
turlough
turmalina
turnberr
turnbull
turncoat
turner12
turner72
turnerdu
turnerss
turnhout
turnip99
turnipsu
turnleft
turnmeon
turnover
turnpike
turntabl
turntable
turntables
turpentine
turquito
turquois
turquoise
turrican
tursiops
tursunova
turtle01
turtle11
turtle12
turtle19
turtle20
turtle22
turtle23
turtle27
turtle29
turtle3000
turtle34
turtle55
turtle66
turtle70
turtle74
turtle78
turtle88
turtleneck
turtles1
turtles2
turtlesoup
turtoise
turumbar
tuscl104l
tuscl123123
tuscljarvik
tuscltuscl
tushtush
tushy4me
tuskegee
tusn7ifr
tutanhamon
tutankamon
tutanxamon
tutifrut
tutifruti
tutmoses
tutorial
tutututu
tutzigut
tuulikki
tvb41o45
tvilling
tvinktvink
tvmarcia
tvmsclrf68
tvnetsex
tvremote
tvrs2029
tvs49866
tvtkmzyjdf
tvxtjk7r
tw022745
twat6969
twatlick
twatson3
twattwat
twatty69
tweak420
tweeden1
tweedledum
tweekeer1
tweekers
tweeling
tweenies
tweenk42
tweet64a
tweeter1
tweeter7
tweeters
tweety11
tweety12
tweety12345
tweety21
tweety22
tweety69
tweetybi
tweetybir
tweetybird
tweetypi
tweezers
twelve12
twenty20
twenty22
twentyfi
twentyfour
twentyon
twentyone
twentysi
twentysix
twentythree
twestw71
twhloo17
twickenh
twickers
twiglets
twilight
twilight1
twilight12
twilight123
twilight2010
twillikiki1122
twilmtli
twinboys
twincity
twingirl
twingirls
twinhead
twinings
twinkie1
twinkies
twinkle1
twinkle12
twinkle2
twinkle98
twinkle99
twinklegend
twinkles
twinklet
twinkletoes
twinktwink
twinlakes
twinmark
twinpeak
twinpeaks
twins123
twins200
twins2008
twinstar
twintowers
twinturb
twinturbo
twintwin
twist123
twisted1
twisted2
twisted6
twisted8
twister1
twister2
twister6
twister7
twister9
twisters
twitcher
twitchin
twiztid1
twiztid2
twizzler
twizzler1
twkenosha
two22222
two69tim
twoawwozmnm
twoballs
twobears
twobytwo
twodogs2
twofaced
twogirls
twohands
twojastara
twolegup
twoluck2
twolves1
twopoints
tworiver
twoscoop
twoshoes
twosocks
twospeed
twotacos
twothree
twotimes
twotwins
twvfxewd
twxk1fd0
tx32jten
txaggies
txbrian1
txmasterpppp
txmudder
ty120799
ty123456
ty190160
ty755775
ty7t6yy7
ty98ro7d
tybalt01
tychoo55
tycostar
tydottie
tyghbn67
tygras02
tygrysek
tygrysek1
tyke1170
tyko1234
tykotyko
tyler111
tyler123
tyler1234
tyler131
tyler200
tyler216
tyler777
tylerboy
tylerca310
tylerdog
tylerdur
tylerdurden
tylerjames
tylerjohn
tylerman
tyljrhbyjkju
tymypaku
tyne6985
tynebrid
tynemout
tynex878
typehigh
typeoneg
typethis
typewrit
typewriter
typhoon1
typhoon2
typhoon9
typhoons
typifies
typo123321
typollack
tyrabank
tyrabanks
tyranids
tyranitar
tyrannus
tyrbwqrp
tyreckiy11
tyreek12
tyrik123
tyrtyrtyr
tyskland
tyson101
tyson123
tyson1234
tysondog
tystkaco1
tytytyty
tytytytyty
tyughjbnm
tyweropl
tz0vbtp746
tzaneros
tzeentch
tzewserr
tzfkquye
tzimisce
tzmzikyd8bmc
u0057622
u0892161
u0derpar
u18fmt07e
u1nau9kj
u1od9kpt
u1v1w1x0
u22raqt2
u27942yk
u293484960
u2nh2vsq
u2u2u2u2
u3bkdrf357
u41lqxa1rh
u4slpwra
u5derpar
u5e497z8
u5j68dq0kve
u5mh8t7w
u6hrqc8v
u73skd3kls
u764x1k225
u76gh54d
u7i8o9p0
u7s5rkjr
u7yno5t180
u8j2h6f1
u8onetoo
u91p48w301
u951zhguk
u9w66n7i
ua194776
ua55bf8y
uaeuaem6597676
uaeuaeman
uaiobg9312gg1
uamsa007
uapruji2
uaua2991
ub2ms8ag
ub6ib9ok
uba853m4
ubald000
uber1337
uberalle
uberalles
uberl33t
uberzone
ubetcha1
ubgjgjnfv
ubgjnfkfvec
ubgthvfhrtn
ubhn6xdh
ubiquity
ublhfhubhev
ublhjgjybrf
ubnfhbcn
ubnkthrfgen
ubvyfcnbrf
ubvyfpbz
ubvyfpbz1
ubytrjkju
ucanseeme
ucantcme
ucay9a7b
ucd081183
uchiha12
uchihamadara
uchihasaske
uchihasasuke
uchimata
ucla0101
ucla1964
ucla2041
uclabrui
uclabruin
uclabruins
uclaucla
ucumonme
udechile
udfltkegf
udfltkeggf
udjplbrf
udkzarniamov
udon0101
udon0831
udovenko
udovichenko
udt12345
uduiguji
ue8xqv84cl
uecfhjdf
uectybwf
uehby92pac
uehegbnrf
uehmzyjdf
uej9xdq2
uekmabhf
uekmvbhf
uekmxfxfr
uekmyfhf
uekmyfpbr
uelthvtc
uepfh1992
ueptkmrf
uerori34
uf343851
ufa35forever
ufaehjdf
ufbydkgf
ufcgfhzy
ufcnhjyjv
ufdhbk.r
ufdhbkjd
ufdhbkjdf
ufdibyjd
ufdyfrecjr
ufdyj5xl
ufdyjlfdxbr
uffhfhekbn
ufgators
ufgjyjdf
ufgjytyrj
ufgyndmv
ufhbaekkbyf
ufhbgjnth
ufhfynbz
ufhhbgjnnth
ufhltvfhby9
ufhltybz
ufhvjybz
ufkbyf1952
ufkbyf29
ufkfrnbrf
ufkfrnbrf74
ufkxjyjr
ufkxtyjr
uflz2310
ufnfekkby
ufpbhjdrf
ufpghjv98
ufufhbyf
ufvflhbk
ufylehfc
ufyucnth
ugerll?se
ugfjur9f
uggleggs
uglyduck
uglyugly
ugo4it01
uhbifuhbif
uhbujhbq
uhbujhbx
uhbujhfi
uhbujhmtd
uhbujhmtdf
uhbujhmtdyf
uhbujhzy
uhbwtyrj
uhbysrkfc
uhbytyrj
uhepjdbr
uhfaabnb
uhfdbnfwbz
uhfdbwfgf
uhflbtyn
uhflecybr
uhfybn8888
uhfylvfcnth22
uhlvuhlvlove
uhtqgahen
uhtqneyu
uhtujhbq
uhtvkby17
uhtxfcvjkjrjv
uhuhuhuh
uib961bb
uiegu451
uihelper
uilla123
uilleann
uiop1312
uiopuiop
uiuiuiui
uixt1od736
ujcelfhcndj
ujcgjlby
ujcrhew2
ujgcnjg2010
ujgybr123
ujgybr133
ujhbpjyn
ujhftdthtcn
ujhirjdf
ujhjcrjg
ujhjcrjgs
ujhjl312
ujhjlljhju
ujhlbtyrj
ujhljcnm
ujhlttdf
ujhntypbz
ujhtjnevf
ujifujif
ujil2311
ujkhxfmd
ujkjcetv
ujkjcjdfybt
ujkjdbyf
ujkjdfcnbr
ujkjdfyjd
ujkjdjkjvrf
ujkjdrby
ujkjdrbyf
ujkjdxtyrj
ujkjlhfytw
ujkjljdrf
ujkma123456
ujkrbgth
ujlnbuhf
ujmnhy66
ujnbrf55
ujnbrf666
ujufujuf
ujujkmvjujkm
ujvjcznbyf
ujvth1987
ujylehfc
ujyxfher
ujyxfhjd
ujyxfhjdf
ujyxfhtyrj
ukbccflf
ukerjuty
ukflbfnjh
ukflbjkec
ukflrjdf
ukflshekzn
ukfpeyjd1
ukfprjnf
ukfvehysq
ukhiphop
ukqmwhj6
ukraina01
ukraine1
ukrainka
ukralckd
ukropchik
ukrtelekom
ulclient
ulia1993
ulisay009
ulito4ka
ulkomaan
ullapool
ulli1987
ulmisimo
ulovka22
ulpans84
ulquiorra
ulrace173rfhgjd
ulrich99
ulterior
ultima123
ultima81
ultima99
ultimat123
ultimate
ultimate1
ultimate12
ultimate21
ultimathule
ultimatum
ultra100
ultra111
ultra123
ultra150
ultra182
ultracash
ultraflo
ultralord
ultraman
ultramar
ultramax
ultrapro
ultras87
ultrascan
ultrason
ultraviolet
ultravox
ultrexcm
ulyanovsk
ulysse31
ulysses1
ulysses2
ulyssess
um70iu73
uma2rman
umakiran
umalinga
umathurman
umatilla
umaturman
umberto1
umbra123
umbrella
umbrella1
umc55632301
umddog45
umisushi
umisushi1
ummagumm
ummagumma
umoyemus
umpalumpa
un1versa
un1versal
un4given
unadilla
unattended
unb4g9ty
unbeheld
unbelievable
unbelieve
unbreaka
unbroken
uncencored
uncensor
unchained
unclchichi
uncle123
uncleben
unclebil
unclebob
unclebuc
unclebud
uncleflip
unclefuc
unclejoe
unclesam
uncletim
uncletom
uncletup
unclscot
und79dew
undatakr
undead12
undead13
undead2008
undead789
undeadwar
undecide
undefi_jysir
undefined
undegraund
undeground
undenied
underage
underarm
undercov
undercover
underd0g
underdog
underdog1
undergod
undergrads
undergraund
undergro
undergroun
underground
underground2
underground3
underher
underhil
underhill
underkover
undernet
underoat
underoath
underoath1
underpan
underpants
underpar
underpender
underscore
undersea
undersex
undersity
understa
understand
understandin
undert0w
undertak
undertake
undertaker
undertaker1
undertow
underwat
underwater
underwea
underwear
underwhat
underwhater
underwoo
underwood
underwor
underworld
undivided
undomiel
undrugby
unemploy
unemployed
unforgiv
unforgiven
ungabung
ungeheim
ungerne4
ungureanu
unhealth
unibanco
unibanka
unicorn1
unicorn11
unicorn12
unicorn123
unicorn2
unicorn3
unicorn6
unicorn7
unicorn9
unicorni
unicornio
unicorns
unicron6
unicron9
unicycle
unifence
uniform1
uniforms
unikeks23
unilever
unimportant
uninon55
uninstall
uninstallper
uninstallsql
union123
unionman
unionyes
uniprocessor
uniqueness
uniseven
unisono1
unitas19
united01
united10
united11
united12
united123
united19
united22
united33
united68
united77
united83
united88
united99
unitedki
unitedst
unitedstates
unitunit
unity777
univacss
universa
universal
universal1
universalnyj
universe
universe94
universi
universida
universidad
universidade
universita
universitario
universitet
university
university1
universo
univisio
unixunix
unknown1
unknown2
unleaded
unleashd
unleashe
unleashed
unlimit1
unlimite
unlimited
unlocked
unlucky1
unmasked
unmlobos
uno2much
unobay00
unoccupi
unoweuib
unplayab
unplugge
unplugged
unreal00
unreal12
unreal2004
unreal23
unrest37
unsecapp
unsecure
unstable
unstoppa
unsworth
untersee
untitle81
untitled
untoucha
untouchable
untouchables
ununstuck
unwanted
unwashed
unwritte
unwritten
uoutlk98
uoyevoli
up9x8rww
upanatom
upee7952
upfprjew
upgrade1
upherass
upholstery
upinsmok
upinsmoke
upland27
uplifted
upload01
uploader
uploadlb
upnda1re
upndaire
uppercut
upperdar
upravlenie
uprising
uproared
upsc2010
upsetter
upsidedo
upsidedown
upssucks
upstairs
uptheass
uptown11
uptowngi
upvision
upyachka
upyourass
upz6bkni
uqbk68jf75pc
ur8dcdg7
uraloser
uran1diot
uranium2
urauraura
urbana77
urbanite
urbebgka
urbnlogr
urch0ise
uriahhee
uriahheep
urik1974
urlacher
urlacher54
urlcache
urmyking
ursitesux
urtobe90
urythewh
us050889
usa12345
usa21347
usad3384
usaf2001
usafif09
usafpaca
usafusaf
usahockey
usatoday
usavette
usbhub20
usbprint
usbuidll
uscsteve1
uscsucks
usdivers
usedcars
useless1
user01wm
user1122
user11c2
user1208
user1234
user2000
user5180670
user63br
user692905
user990094
userexecute
usermane
usermike
username
username1
username69
userpass
users1990
usersgroups
useruser
usethefo
usethis1
usfbulls
ushakova
usher123
ushijima
ushka745
usma2004
usma6558
usmanova
usmarine
usmarines
usmc0311
usmc0331
usmc0341
usmc0351
usmc1031
usmc1234
usmc1775
usmc2009
usmc5574
usmc8541
usmcduck
usmcmcrd
usmcr0311
usmcrzte
usmcsrt5
usmcusmc
usnavy49
uspostal
usrlogon
uss1701a
ussoccer
ustimenko
ustinova
usuckballz1
usurpation
usx90750
ut8xuuv25i
uta62obi
utahjazz
utahutah
utche555
utegenova
utep2003
utereg48
utgenqni
uthfcbvjd
uthfcbvjdf
uthfcbvtyrj
uthjxrf18
uthjzvckfdf
uthnhelf
uthrektc
uthvbjyf
uthvfybz
uthvfybzrfekbnw
utility1
utjabpbrf
utjhubtdyf
utjltpbcn
utjltpbz
utjuhfabz
utjvtnhbz
utka1234
utkanos2009
utkbrjgnth
utn05wwy
uto29321
uto5u8eo
utopia911
utswmsad
utwiqwel
utybfkmyj
utyfutyf
utylfkma
utythfkjdf
utythfnjh
utytnbrf
utyyflbq
utyyflmtdyf
uu64kn1egi
uuddlrlr
uups2001
uuuuuu2000
uuuuuuu1
uuuuuuuu
uuuuuuuuu
uuuuuuuuuu
uuuuuuuuuuuu
uv1n5tz869
uvai4w4e
uvmrysez
uwa2df2n
uwaterloo
uway822y
uwr5dxsre
uxbridge
uxlc4956
uxmdzi4o
uyeptjnx
uyjvjxrf
uyjvnjhufi
uyjvuyjv
uytplbkjdf
uz3zk5v8
uzalknap
uzasjhas
uzbekistan
uzfu190k
uzigalil
uzlovaya1
uzumaki1
uzumakinaruto
uzumymw1
v0lblomm
v1012103
v118q332
v11sport
v1223258
v1234567
v12345678
v123456789
v1283601
v17r03s93
v1a2d3i4m5
v1a2l3y4a5
v1ctor1a
v1ctoria
v1f2v3f4
v1g2v1g2
v1i2k3a4
v1l2a3d4
v1o2v3a4
v1rg1n1a
v1rotate
v1v2v3v4
v21091995
v23011967v
v2562612
v28fnu17e
v29fnu18e
v29gou18f
v2c47mk7jd
v2ceomj397
v3r93t3n
v3ss4neeker1
v3xdmta9hcsm
v4abxlcr
v4c3x2z1
v5150h75
v53nmge7
v544564i
v5gefjag
v6h4dx8j
v7755577
v788rlst
v7hz8ftu
v80953054464
v8x5s42k
va123456
va306566153156
va880216
vaarikas
vabsacky
vacaciones
vacaegalinha
vacaloca
vacances
vacation
vacation2
vacavaca
vacheslav
vader123
vader753
vader8878
vadik123
vadik2010
vadim123
vadim159753
vadim1973
vadim1974
vadim1979
vadim1980
vadim1982
vadim1983
vadim1989
vadim1991
vadim1992
vadim1993
vadim1994
vadim1995
vadim1996
vadim1997
vadim1998
vadim1999
vadim2000
vadim2003
vadim2008
vadim2010
vadim2011
vadim2012
vadim4ik
vadim777
vadimdom
vadimhacker
vadimka12369
vadimka777
vadimkaa
vadimmail
vadimmns
vadimnu3
vadimvadim
vaevictis
vaffancul
vaffanculo
vagabond
vagabundo
vaganova
vagina123
vagina69
vagrant1
vahagngsg
vahidsaf
vaicagar
vail1511
vaillant
vainilla
vainvain
vainveil
vaisefude
vaisefuder
vaishali
vaitomanocu
vakantie
vakodagio
valadez1
valantin
valaring
valdemar
valdepen
valderra
valderrama
valdosta
vale1984
valencia
valencia1
valentia
valentim
valentin
valentin0
valentin1
valentin1995
valentina
valentina1
valentina123
valentina18
valentinas
valentinchoque
valentine
valentinka
valentino
valentinovna
valentyn
valenz33
valenzuela
valera01
valera123
valera1961
valera1968
valera1975
valera1982
valera1985
valera1990
valera1993
valera1994
valera1998
valera1999
valera2012
valera228
valera777
valera87
valera88
valera89
valera92
valera95
valera96
valerakish963210
valeravalera
valerchik
valeria1
valerian
valerich
valerie1
valerie2
valerie7
valeries
valerievna
valerija
valerius
valeriya
valeriya0
valeriyalove
valerkolomakin
valeron1
valerossi
valery7424
valeside
valeting
valetudo
valgalla
valhalla
valiant1
valiant2
valid456
validate
validati
validpwd
valiente71
valik1995
valik1997
valishot
valkadav
valkerie
valkiria
valkirija
valkiriya
valkrie9
valkyrie
valkyrie1
valladolid
vallarta
valletta
valley11
valley72
valley92
valley99
valleyvi
valleywa
valloire
valobasa
valokuva
valparai
valparaiso
valterri
valthorn
valtteri
valuable
value447
valueman
valvenis
valverde
valvolin
valvoline
valya1998
valyshka
vampetta
vampire0
vampire1
vampire12
vampire13
vampire2
vampire3
vampire666
vampire69
vampire7
vampire8
vampire9
vampires
vampirus
vampish7
vamprose
vampyre1
vampyre1.
van69dly
vanadium
vanadzor
vanallan
vanatta1
vanbaste
vanbasten
vanburen
vancouve
vancouver
vandalay
vandalex
vandamme
vandelay
vandenbe
vanderbi
vanderbilt
vandoren
vandread
vandross
vandy123
vandyke1
vanechka
vanek123
vanek2501
vanekak3
vanesa69
vanessa0
vanessa1
vanessa12
vanessa123
vanessa2
vanessa3
vanessa4
vanessa5
vanessa6
vanessa69
vanessa7
vanessa8
vanessa9
vanessal
vangelis
vangen93
vangogh1
vangough
vanguard
vanhalen
vanhalen1
vanhelsing
vania1991
vania2010
vanichka
vanilla1
vanilla8
vanillas
vanillasky
vanillasky1
vanity69
vanll?se
vannelli
vannessa
vano1807
vano1991
vano1994
vano1996
vanovano
vanquish
vansmack
vantage1
vanuxa007
vanya123
vanya12345
vanya1992
vanya1996
vanya1998
vanya2009
vanya2010
vanya777
vanyachuyko
vanyarespekt
vaporizer
varadero
varanasi
vardanyan
vareniki
varghese
variable
variance
variatio
variegat
variety1
varilite
varinder
varitek33
varlamov
varsity1
varsity9
vartan20
vartazarian
vartovsk
varukas78
varvara2010
varvarin
vasantha
vasanthi
vasavasa
vascello
vascello07
vascodagam
vascodagama
vascorossi
vascular
vasectomy
vasek111
vasek1234
vasek222
vaseline
vaselisa
vasguard
vashthty
vasika1234
vasilchenko
vasilenko
vasileva
vasilevna
vasilica
vasilich
vasiliev
vasilieva
vasilii1
vasilike
vasiliki
vasilina
vasilios
vasilis77
vasilisa
vasilisk
vasiliska
vasinica
vasoline
vasotec1
vasquez1
vasquez2
vassalli
vasserman
vasya0000
vasya111
vasya123
vasya12345
vasya1976
vasya1992
vasya1996
vasya2010
vasya666
vasyaloh
vasyapupkin
vasyavasya
vasyvasy
vaszlavik
vatech00
vatican1
vatican2
vatoloco
vatoloko
vatoslocos
vaucluse
vauxhall
vavavoom
vavilon5
vavilova
vax13870
vaycatio
vaz21011
vaz21013
vaz21043
vaz21061
vaz21063
vaz21074
vaz21083
vaz21093
vaz21099
vaz21102
vaz21213
vazik21093
vb9djgjdwxdq
vbajkjubz
vbcbcbgb2
vbccbjyth
vbcnbr123
vbcnthbz
vbhdjdctvvbht
vbhe-vbh
vbhevbh123
vbhfakjhtcn
vbhfvbcnby
vbhjckfd
vbhjckfdf
vbhjdjpphtybt
vbhjh123
vbhjiybrjd
vbhjiybxtyrj
vbhjndjhtw
vbhjplfntkm
vbhjplfybt
vbhjyjdf
vbhjytyrj
vbhnhelvfq
vbhujhjl
vbhvbhvbh
vbhystgbgrb
vbhytuhfv
vbieybxrf
vbif1986
vbif1991
vbif1992
vbif1997
vbif1998
vbif2000
vbif2001
vbif2003
vbif2010
vbifbhfr123
vbifbkbrf
vbifgbljh
vbifvbif
vbifyfnfif
vbifymrf
vbifyz10
vbifyz1990
vbifyz95
vbirf1992
vbitymrf
vbkbjyth
vbkbwbjyth
vbkfirf13
vbkfitxrf
vbkfvbkf
vbkfy12345
vbkfyf08
vbkfzvjz
vbkkbfhl
vbkkbjyth
vbkkbjythif
vbkktybev
vbktybev
vbktyjxrf
vbktymrfz
vbnhfylbh
vbnhjafy
vbnhjafyjd
vbnhjgjkbn
vbnmvbnm
vbnrtyfgh
vbntymrf
vbnvbnvbn
vbrbvfec
vbrf5045
vbrhjajy
vbrhjcjan
vbrhjdjkyjdrf
vbrrbvfec
vbscript
vbsjac31
vbtfztz3ehdw
vbvb3456
vbvbrhbz
vbvbvbvb
vbwrtdbx
vbxehbyf
vbxtmuvofh
vbybcnthcndj
vbybregth
vbycbytzhfnfv
vbyfcnbhbn
vbyfrjdf
vbyjnfdh
vbyplhfd
vbyrtsns
vc4z9n6dso
vcb2009byday
vcnbntkm
vcvcvcvc
vcxz4321
vd171764
vd241997
vd7147276
vde2rgvd
vdel5o7h
vdguzman011
vdohnovenie
ve131119
ve1jgiz8
ve6netgt
vec4race
vecbgecb
vecekmvfyby
vechnost
vecjhjghjdjl
vecmrf123
vecnfvthc
vect0rma
vector33
vectorma
vectra01
vectra99
vectrasr
vectymrf
vecz4512
veczgecz
veczvecz
vedder10
vedernikov
veds86tr
veeeveruta
veenstra
vef6g55frz
veffuqeu
vegas007
vegas100
vegas122
vegas123
vegas200
vegas777
vegasbab
vegasbaby
vegasken
vegasman
vegastar
vegavega
vegemite
vegeta01
vegeta11
vegeta111
vegeta22
vegeta23
vegeta34
vegeta666
vegeta99
vegetabl
vegetabl1
vegetable
vegetables
vegetari
vegetass4
vegtable
vehecahd
vehfdmtl
vehfnjdfqaz123496
vehfrfvb
vehicles
vehicule
vehpbkrf
vehpbkrf13
vehvehveh
vehvfycr
veilleux
veilside
veiraoli
vekkfufkbtd
vekmnbahern
vekmnbrb
vel69vet
velasque
velasquez
velazque
velazquez
velcro83
velfr124
velhjcnm
velichko
velkomme
velocidade
velociraptor
velocity
velodrom
veloroute
velosiped
velosport
velovelo
velsatis
veluxptfcor
velveeta
velvet11
velvet12
velvet15
velvet22
velvettt
vencedor
venceslas
venderprajs
vendetta
vendetto123
vendredi
venera05
venera85
venerand
venerati
venetian
venezuel
venezuela
venfynvenfyn
vengaboys
vengador
vengance
vengarif
vengeanc
vengeance
vengence
veniamin
venividivici
venkanna
venkates
venkatesh
venn4722
venom007
venom121293
venom123
venom211192
venom600
venom666
venomancer
venomous
ventidue
ventilador
ventilat
ventilyator
ventitre
ventolin
ventrilo
ventrue1
ventura1
ventura2
ventura7
venture1
venture9
venturer
ventures
venus111
venus123
venus45m
venusaur
venvr8vr883f
vepsrfyn
ver0n1ca
ver4594gss45
vera0603
vera1234
vera1950
vera1955
vera1959
vera1962
vera1964
vera1967
vera1984
vera1985
vera1986
vera1987
vera1988
vera1989
vera1992
vera2002
vera2010
vera2011
vera88888
veracity
veracruz
veralynn
veranika
veravera
verbal99
verbatim
verbatimq
verbatium
verboten
vercetti
verdadeiro
verdammt
verdandi
verdejo8
verdin67
verdomme
verdonck
verducci
veremeev
veremenko
vereteno
vergesse
vergessen
vergeten
vergotas
verhoeven
veridiana
verified
verifyme
verisign
veritas1
veritas3
veritas6
veritase
veritech
verizon1
verizon123
verizon7
verkot492934
verlaine
verlene3
verlopen
vermelho
vermilio
vermilion
vermilli
vermillion
vermishel
vermont1
vermouth
vernalea
vernon69
vernost1
verobeach
verochka
veromoda
veronica
veronica1
veronica11
veronica123
veronichka
veronika
veronika1
veronika123
veronika18
veronika1986
veronika1998
veronika2010
veronika25
veroniqu
veronique
verovero
versace1
versaill
versailles
versatil
versever
vershinin
vershinina
version1
version2
version3
versions
verstehe
vertalet
vertebra
vertebrae
vertex2k
vertical
vertigo1
vertigo2
vertikal
vertolet
vertyporokh123
verveloabball
verybad1
verybest
verycool
veryfast
veryfine
verygood
verygoodbot
veryhappy
veryhard
veryhorn
veryhorny
verylong
verymuch
verynice
veryrich
verysexy
verysoon
veryugly
veryvery
verywell
verzeman
vesi1990
veslo198
vesna2011
vesnavesna
vespa123
vespa125
vespa200
vesper99
vespertine
vespucci
vesuvius
vesy7csae64
vet12345
vetal007
vetal113
vetal1994
vetal999
veteran1
veteran240282
veterans
veterina
veterinar
veterinaria
veterveter
vetguy57
vette200
vette427
vettecor
vetteman
vevbnhjkm
veverita
vevrier1
vezina80
vfbn2szj63
vfccfhfri
vfcktybwf
vfcnthbvfhufhbnf
vfcnthitaa
vfcz12345
vfczymrf
vfczyzvfczyz
vfhaeirf
vfhbegjkm
vfhbfyyf
vfhbirf666
vfhbjytnrf
vfhbjytnrf2
vfhbyf11
vfhbyf12
vfhbyf123
vfhbyf13
vfhbyf1977
vfhbyf1982
vfhbyf1984
vfhbyf1986
vfhbyf1987
vfhbyf19981902
vfhbyf2009
vfhbyf22
vfhbyf28
vfhbyf555
vfhbyf777
vfhbyf85
vfhbyfvfhbyf
vfhbyj4rf
vfhbyjxrf
vfhbyxbr
vfhbz007
vfhbz123
vfhbzbdfyjdf
vfhbzvfhbz
vfhcfkmcrbq
vfhcjdyf1994
vfhctkmrf
vfhcvfhc
vfhecmrf
vfhectxrf
vfhectymrf
vfhecz123
vfhecz13
vfhecz2005
vfhecz2010
vfhecz95
vfhfljyf
vfhfnjdbx
vfhfrfec
vfhfvjqrf
vfhnbhjczy
vfhnbyb111
vfhnbyxer
vfhnmzyjdf
vfhnsirf
vfhnsyjd
vfhnsyjdf
vfhnsytyrj
vfhrbprf
vfhrjdrf
vfhrt1jd
vfhrtdbx
vfhrtkjd
vfhrtkjdf
vfhrtnbyu
vfhrtnjkju
vfhufhbnf
vfhufhbnrf
vfhujhbnf
vfhujirf
vfhutkjd
vfhvsirf
vfhvtkfl
vfhvtkflrf
vfhxtyrj
vfibybcn
vfibyfvfibyf
vfiekmrf
vfieymrf
vfieyxbr
vfif1984
vfif1986
vfif1991
vfif1994
vfif2007
vfif2008
vfif2010
vfifbvtldtlm
vfifvfif
vfifvfif1
vfitymrf
vfkbyjdcrfz
vfkbyjdrf
vfkbyjdsq
vfkbyrf123
vfkjdfnj
vfkjktnrf
vfkmdbyf
vfkmlbds
vfkmwtd87
vfkmwtdf
vfksi2008
vfksi2010
vfksifyz
vfksirf1
vfksirf22
vfksirf2409
vfksitdf
vfksitxrf
vfksivjq
vfksubybdfy
vfksubyf
vfktymrbq
vfktymrf
vfktymrfz
vfkzdjxrf
vflfufcrf
vflfufcrfh
vfltvefptkm
vfnbkmlf
vfnbvfnbrf
vfndbtyrj
vfndtq2010
vfndtq2011
vfndtqrf
vfndtqyjhv
vfndttdf
vfnehsvrf
vfnhbwf1
vfnhjcjdf
vfnhjcrby
vfnhtirf
vfnmdfie
vfntvfnbr
vfntvfnbrf
vfpfafrf
vfpfwerbc01
vfqcrbq123
vfqjhjdf
vfqkbcfqhec
vfqrhjcjan
vfr45tgb
vfrbynji
vfrc1234
vfrc1992
vfrc2000
vfrc2007
vfrc2008
vfrc2010
vfrc2300
vfrcahfq
vfrcbv01
vfrcbv050489
vfrcbv11
vfrcbv1141
vfrcbv12
vfrcbv123
vfrcbv12345
vfrcbv1984
vfrcbv1988
vfrcbv1989
vfrcbv1994
vfrcbv1996
vfrcbv2003
vfrcbv2005
vfrcbv2008
vfrcbv2009
vfrcbv2010
vfrcbv22
vfrcbv565656
vfrcbv666
vfrcbv777
vfrcbv80
vfrcbv83
vfrcbv85
vfrcbv87
vfrcbv96
vfrcbvbkbfy
vfrcbvbkmzy
vfrcbvec
vfrcbveirf
vfrcbvev
vfrcbvjd
vfrcbvjdf
vfrcbvjxrf
vfrcbvrby
vfrcbvrf
vfrcbvrf1
vfrcbvrf12
vfrcbvrf123
vfrcbvrf90
vfrcbvrj
vfrcbvsx
vfrcbvtyrj
vfrcbvvfrcbv
vfrcbvxbr
vfrcbvxer
vfrccegth
vfrcdexswzaq
vfrcfyfkjdbx
vfrcgfyr666
vfrchekbn
vfrcjy666
vfrcvfrc
vfrfhjdf
vfrfhjdjktu
vfrfhjys
vfrfhmbyf
vfrfhrbybkmz
vfrfhtdbx
vfrfhtyrj
vfrpilot
vfrtljybz
vfrtynji
vfubcnhfkm
vfubcnhfnehf
vfubcnhqwe
vfubzbvtx
vfufvfuf
vfuybnjajy
vfuybnjujhcr
vfuyjkbz
vfvbkzhbz
vfvbyfljxrf
vfvekbxrf
vfvekmrf
vfvektxrf
vfvekz123
vfvf1234
vfvf12345
vfvf1946
vfvf1949
vfvf1950
vfvf1951
vfvf1953
vfvf1954
vfvf1956
vfvf1957
vfvf1958
vfvf1959
vfvf1960
vfvf1961
vfvf1962
vfvf1964
vfvf1965
vfvf1966
vfvf1968
vfvf1971
vfvf1972
vfvf1973
vfvf1976
vfvf1995
vfvf1996
vfvf1997
vfvf1999
vfvf2000
vfvf2005
vfvf2010
vfvf2011
vfvfbgfgf
vfvfcdtnf
vfvfcegth
vfvfdfkz
vfvfdthf
vfvfgfgf
vfvfgfgf123
vfvfgfgfz
vfvfghjcnbvtyz
vfvfksuf
vfvfktyf
vfvfljhjufz
vfvfnfyz
vfvfrfnz
vfvfufkz
vfvfvfvf
vfvfvskf
vfvfvskfhfve
vfvfxrf40
vfvfybyf
vfvfymrf
vfvfyntyjr
vfvj123456
vfvjxrf1
vfvjxrf1976
vfvjxrfvjz
vfvjyntyjr
vfwscool
vfwyeuv6aueh
vfy.ymrf
vfycehjd
vfyecrhbgn
vfylelfrb
vfylfdjirf
vfylfhby
vfylfhbyrf
vfylfhbyrf2002
vfylfhbys
vfylhfujhf
vfynbrjhf
vfyuecnf
vfyxtcnth
vfzrjdcrjuj
vg08k714
vg30dett
vgdnmpar
vghmym4u
vghn8klz
vgl7glrc
vglu4tl73h
vgq7tfvsni
vgsxavgsxa
vgy78uhb
vh5sxz3tewey
vhanleyt
vheu4536
vhpuulf2k
vhrmcta3
vhtdh354
vhviking
via1fals
viacheslav
viachica
viaggia123
viagra69
vibi1234
vibooyoo
vibrator
vicarage
viccafan
vicecity
vicelord
vicepres
vicfirth
vicious1
vicksbur
vicksburg
vickster
vicky123
vicky140585
victoire
victor00
victor01
victor10
victor11
victor12
victor123
victor13
victor19
victor199
victor2000
victor21
victor22
victor23
victor30
victor42
victor55
victor62
victor69
victor79
victor88
victor94
victor99
victorhug
victorhugo
victori1
victoria
victoria1
victoria10
victoria12
victoria123
victoria15
victoria7
victoria99
victorian
victorias
victorine
victorio
victorious
victoriy
victoriya
victors1
victory0
victory1
victory123
victory2
victory6
victory7
victory9
victorys
victrola
vidaloca
vidaloka
vidalouca
vidanova
vidanuev
vidasaudavel
video100
video123
video2004
video500
videogam
videogame
videogames
videoguy
videoman
videonet
videotap
videotro
videovid
videovideo
vidmantas
vienna11
vienna12
viet2192
vietanhsp
vietcong
vietnam1
vietnam6
vietnamese
viewer99
viewpoin
viewpoint
viewporn
viewprov
viewsoni
viewsonic
viewsonic1
viewsonik
viewtifu
viewview
viezerik
viggen37
vigilant
vigilante
vignesh1
vignette
vigorous
vigshark
vijay123
vijayvijay
vije2203
vijilaanu
vika1122
vika1234
vika12345
vika123456
vika123456789
vika1401
vika1963
vika1970
vika1973
vika1974
vika1975
vika1976
vika1979
vika1980
vika1983
vika1984
vika1985
vika1986
vika1987
vika1989
vika1990
vika1991
vika1992
vika1993
vika1994
vika1995
vika1996
vika1997
vika1998
vika1999
vika2000
vika2001
vika2002
vika2003
vika2004
vika2005
vika2006
vika2007
vika2008
vika2009
vika2010
vika2011
vika2012
vika2442
vika45684
vika547569
vikachka7777
vikavika
vikavika10
vikavikavika
vikerkaar
vikernes
vikes331
viking01
viking04
viking10
viking11
viking123
viking13
viking20
viking21
viking22
viking25
viking33
viking41
viking42
viking44
viking54
viking55
viking59
viking66
viking68
viking69
viking75
viking77
viking82
viking84
viking88
viking95
viking99
vikingen
vikings0
vikings1
vikings12
vikings2
vikings3
vikings4
vikings5
vikings6
vikings7
vikingsh
viknikso
vikochka
vikquicker
viktor12
viktor123
viktor12345
viktor1967
viktor1971
viktor1978
viktor1985
viktor1986
viktor1990
viktor1992
viktor1994
viktor2010
viktor23
viktor69
viktor76
viktor777
viktor86
viktor87
viktoras
viktoria
viktoria1
viktoria1989
viktoria2010
viktoria22
viktoriay
viktorij
viktorija
viktorina
viktorius
viktoriy
viktoriya
viktoriya1993
viktorka
viktorov
viktorova
viktorovi4
viktorovich
viktorovna
viktorya
vikulina
vil12345
vilanova
vilius119
villa123
villafan
village1
village2
villagep
villager
villaggio
villains
villalba
villalob
villalobo
villalta
villamonte
villanov
villanova
villanueva
villaume
villegas
villeneu
villeneuve
villeval
villevalo
villian1
villiers
villiger
vin35611
vinayaga
vinayaka
vinbylrj
vincanco
vincant7
vince101
vince123
vincecarter
vincennes
vincent0
vincent1
vincent2
vincent2010
vincent3
vincent5
vincent6
vincent8
vincent9
vincenta
vincentb
vincente
vincentg
vincentr
vincents
vincentw
vincenza
vincenzo
vinchester
vindaloo
vindetta
vindicat
vindicated
vindiese
vindiesel
vindisel
vineland
vineyard
vingador
vingthor
vini12345
vini2003
viniamin
vinicius
vinifera
vinita12
vinivini
vinivini68
vinnie12
vinnie99
vinnipuh
vinnipux
vinnitsa
vinnmann
vinnymac
vinnythepooh
vinodude
vinograd
vinograd1
vinogradov
vinogradova
vinokurov
vintage1
vintelok
vintorez
vintovka
vinzach91
viognier
viola123
viola899
viola8997
violaman
violante
violater
violatio
violation
violator
violence
violentj
violet13
violeta2
violetta
violetta1992
violette
violin11
violin16
violinis
violo4ka
violonce
violoncello
vip32rus
vip86pro
vipechka
viper007
viper012
viper100
viper101
viper111
viper123
viper197
viper199
viper2003
viper204
viper313
viper345
viper61k
viper666
viper777
viper888
viper911
viper999
vipergtr
vipergts
viperman
viperone
viperpeeps
vipersrt
vipmembe
vipvipvip
viracocha
virago172
virgilio
virgin20
virgin28
virginai
virginal
virgini1
virginia
virginia1
virginia2
virginian
virginiatech
virginie
virginio
virginity
virgo5683
viridian
viridiana
virtahepo
virtuagi
virtuagirl
virtual1
virtualb
virtualp
virtue69
virtuoso
virtuous
virus123
virus1985
virus2000
virus911
virusvirus
visacard
visaginas
visagold
visavisa
visceral
visconti
viscosit
viscount
vishenka
vishwanath
visigoth
visio123
vision01
vision11
vision12
vision20
vision23
vision2lead
vision99
visionar
visionary
visioni8
visions1
visiteur
visiting
visitor1
visitors
viso15gs
visualbasic
visually
viswanath
vit7vije
vita1992
vita9417
vitacola
vital30125
vitalik1
vitalik123
vitalik1989
vitalik1991
vitalik1993
vitalik1994
vitalik1997
vitalik1998
vitalik89
vitalina
vitality
vitalogy
vitaly12
vitamin1
vitamina
vitaminc
vitamine
vitamini
vitaminka
vitamins
vitavita
vitek007
vitek123
vitek777
viterian
vitiligo
vitochka
vitoria1
vitos12345
vitovito
vitrddgo
vittoria
vittorio
vittorio1
vituttaa
vitya123
vitya12345
vitya1993
vitya852010
vivahate
vivalabam
vivalasvegas
vivalavida
vivalavita
vivaldi1
vivamexi
vivamexico
vivanova
vivaorient
vivapolt
vivaviva
vivbe456
vivek123
vivi1905
vivian11
vivianna
vivianne
vivid123
vivienne
vivisect
vivitron
vivivivi
vivmitfd
vivthoma
vixon301
vjbcttdf
vjbxfhvfu
vjcrdbx412
vjcrdbyf
vjcrdf123
vjcrdf1980
vjcrdf2010
vjcrdf2011
vjcrdfcbnb
vjcrfktd
vjcrjdcrbq
vjhjpbcjkywt
vjhjpjdf
vjhljdbz
vjhljxrf
vjhnbvth1
vjhrjdrf
vjht2010
vjhtvjht
vjkjljcnm
vjkjrjdf
vjkxfybt
vjlthfnjh
vjltkbhjdfybt
vjltkmrf
vjltkmth
vjmtvvjm
vjnbkmlf
vjnjhjkf
vjnjhxbr
vjnjrhjcc
vjnjwbrk
vjqcegthgfhjkm
vjqcsyjr
vjqfyutk
vjqgfhjkm
vjqgfhjkm1
vjqljlsh
vjqntktajy
vjqntktajy53
vjqrjynfrn
vjquthjq
vjqvfkmxbr
vjqvfksi
vjqvfktymrbqvbh
vjqyjdsqgfhjkm
vjvvfgf3
vjxfkjdf
vjybnjhbyu
vjycnthf
vjyjgjkbz
vjyujkbz
vjzbuhf1993
vjzcnhfybwf
vjzctvmz
vjzelfxf
vjzghtktcnm
vjzgjxnf
vjzltdjxrf
vjzujkjdf
vjzvfirf
vjzvfksirf
vjzvfvjxrf
vjzvtxnf
vk0ntakt1
vk12345678
vkacdfivb
vkcwelv262
vkfwx046
vkhycz3x
vkmeladze
vkmmrqzw
vkns9wzarb
vkont191988
vkontakt
vkontakte
vkontakte1
vkontakte111
vkontakte2
vkontaktebuggy
vkontaktedrug
vkontakteru
vkwxvkwx
vlaard39
vlad0685414688
vlad1111
vlad1234
vlad12345
vlad123456
vlad123456789
vlad123vlad
vlad1963
vlad1974
vlad1979
vlad1981
vlad1985
vlad1988
vlad1989
vlad1991
vlad1992
vlad1993
vlad1994
vlad1995
vlad1996
vlad1997
vlad1998
vlad1999
vlad2000
vlad2001
vlad2002
vlad2003
vlad2004
vlad2005
vlad2008
vlad2009
vlad2010
vlad2011
vlad2323
vlad7788
vlad8741
vlad_174
vlad_174rus
vlada1234
vlada1998
vlada2000
vlada2009
vladamir
vladbondar
vlademer
vladiclav
vladik10
vladik123
vladik1995
vladik1996
vladik1998
vladik2005
vladik2010
vladikavkaz
vladimer
vladimir
vladimir1
vladimir123
vladimir2011
vladimir33
vladimira
vladimirov
vladimirovich
vladimirovna
vladisla
vladislav
vladislava
vladivostok
vladivostok2000
vladlena
vladochka
vladreghbzyjd
vladshket
vladtepes
vladusha
vladushka
vladvlad
vladvladvlad
vlasenko
vlasov12
vlastelin
vleofdhghxxp
vlodimir
vmax1198
vmax1200
vmb2079002347
vmdnygfu
vmfaw232
vmgv1949
vmj0030000
vmnxkg73
vmtvk38933
vnewurcr
vnhwty6v
vnimanie
vo1vo1vo1
vocalise
vocalist
vocom401
vodafone
vodafone1
vodafoner
vodka007
vodka123
vodka666
vodochka
vodokanal
vodolija
voetbal1
voetbal123
voetballen
voetveeg
voffka2416
vogeltje
vogtoofe
voice123
voidmain
voinsveta
voitures
volatile
volcanic
volcano1
volcano2312
volchara
volchica
volchona
volchonok
volcom12
volcom123
volcom69
voldemar
voldemor
voldemort
volegova
volevole
voleybol
volga3110
volga31105
volgodonsk
volgograd
volgograd34
volition
volkodav
volkswag
volkswage
volkswagen
volkswagon
volley01
volleyba
volleybal
volleyball
vollmilch
vollmond
vollyball
volodina
vologdin
voloshin
voloshina
voloshyn
vols1998
voltage1
voltaire
volterra
voltron1
volume123
volume14
volume1991
volumebass
voluntee
volunteer
volunteers
voluptuo
voluptuous
volvo123
volvo164
volvo240
volvo245
volvo440
volvo460
volvo480
volvo532
volvo660
volvo740
volvo760
volvo850
volvo940
volvoc70
volvofh12
volvofh16
volvofl7
volvoman
volvos40
volvos60
volvos70
volvos80
volvov40
volvov70
volvoxc60
volvoxc90
vondutch
vonmises
vonnegut
vonsclan
voo8pedoja
voodoo10
voodoo11
voodoo12
voodoo13
voodoo21
voodoo22
voodoo23
voodoo66
voodoo69
voodoo88
voodoo99
voodooudo99
voomvoom
vooodooo
voorburg
voorhees
voovoo27
vop15suxa
voremberg
vorheese
vorishka
vorobeva
voron123
vorona21
voronenok
voronezh
voronina
voronkov
voronkova
voronova
voroshilin
voroshilov
vorpvorp
vorsicht
vorstand
vortex01
vortex11
vortex28
voschell
votetoda
vova1111
vova1234
vova12345
vova123456
vova123789
vova1964
vova1965
vova1968
vova1970
vova1973
vova1975
vova1976
vova1978
vova1980
vova1983
vova1984
vova1985
vova1986
vova1987
vova1988
vova1989
vova1990
vova1991
vova1992
vova1994
vova1995
vova1996
vova1997
vova1998
vova1999
vova2000
vova2001
vova2002
vova2005
vova2006
vova2009
vova2010
vova2011
vova244153
vova317545
vova55555
vovaderkach
vovadima2819
vovan0996
vovan123
vovan12345
vovan1975
vovan1978
vovan1985
vovan1992
vovan1997
vovan2010
vovan259
vovan4ik
vovan777
vovan_lt
vovanchik
vovanovna
vovanvovan
vovavova
vovik123
vovochka
voxstrange
voyager0
voyager1
voyager2
voyager22
voyager3
voyager5
voyager6
voyager7
voyager8
voyager9
voyagers
voyageur
voyeur69
voytenko
vozmezdie
vozrojdenie
vp3whbjvp8
vp4twuyu
vpcdesom
vpst4437
vpv6kzny
vq6m5spb3ukero
vqsablpzl
vqsablpzla
vrdkrrui
vre2nc3z
vries500
vrijheid
vrisha23
vrmcplop
vronique
vrotmnenogi
vrushali
vrystaat
vsavb7rt
vsavb7rtui
vsdctevhtv
vsdvtcnt
vsebudethorosho
vsebudetxorosho
vselennaya
vsemprivet
vsesuper
vsevolod
vshivkova
vsjasnel12
vsjgrnel12
vsqgfhjkm
vstar650
vstrude1
vsz752xw
vtaishid
vtbc4480
vtbc6815
vthblbfy
vthctltc
vthndstleib
vthokies
vthrehbq
vthrekjdf
vthrjney
vtkj1893vfy
vtkmybrjd
vtkmybrjdf
vtkmybwf
vtkmybxer
vtkrevzy
vtlbwbyf
vtlctcnhf
vtldtgen
vtldtlrj
vtldtltd
vtldtltdf
vtmx310e
vtnfajhf
vtnfhbcn6
vtnfkbcn
vtnfkkbcn
vtnfkkbrf
vtnfvatnfvby
vtnfvdif
vtnfvjhajpf1
vtnhj2033
vtnhjgjkbnty
vtnhjgjkm
vtnhjkjubz
vtntjhbn
vtpsk187
vtr1000f
vtsqmscyy
vtte727xgi
vtua1296
vtufgfhjkm
vtufgjkbc
vtujgfhjkm
vtx1800c
vtxnfblbjnf
vtxtyjctw
vtyltkttdrfrfhf
vucnepo4ek
vugluskr
vukovar1
vulawoze
vulcan12
vulcan88
vum3eiiw
vurdf5i2
vusal123
vuto7ypf
vuurwerk
vv123456
vv22071988
vvbbnnmm
vvbhfijfi3
vvracsex
vvvv1111
vvvvvv2000
vvvvvvssssss
vvvvvvv1
vvvvvvvv
vvvvvvvvv
vvvvvvvvvv
vvvvvvvvvvv
vvxxbbmm
vw198m2n
vw91nnjn
vwbeetle
vwcorrad
vwgolfgt
vwgolfv6
vwgtivr6
vwjetta9
vwpassat
vwxyz2000
vyacheslav
vybo34vp5e
vygtu123
vyjujcgthvs
vyjujgbdf
vyjujhtcjd
vyjujltytu
vyjujnjxbt
vyn35ay3
vyt18ktn
vyt20ktn
vyt26ktn
vytautas
vz906089
vzbe1you
vzcjvzcj20
vzcybrjdf
vze3sjhd
vzh7b1pe7x
vzjhuyxg
vznw6x8v
vzurk416d
w00d31ne
w00dstock
w00fw00f
w00tness
w00tw00t
w0173254522
w01andsan
w02040920
w0a1ni0604de
w0lfgang
w0lfpack
w0lfpak9
w0lv3r1n3
w0mbat69
w0mbat90
w0rldcup
w0vz9h7m
w112233w
w1234567
w12345678
w123456789
w123456789w
w126w126
w1408776w
w1a2r3d4
w1aubvoq
w1ldb1ll
w1ldcats
w1ldf1re
w1ldwest
w1ll1ams
w1pum76j
w1w1w1w1
w1w2w3w4
w1w2w3w4w5
w240199qw
w248403198828w
w2529023
w27sv7tupf
w29gov18f
w2d04183c3
w2dlww3v5p
w2e3r4t5
w2g4h5t6
w2kmbhrla
w2w2w2w2
w34an7d60a
w3bmaste
w3comlog
w3ctrlps
w3e43d9v
w3e4r5t6
w3ftw3ft
w3ll1ngt
w3mast3r
w3sts1de
w46ws7ufs
w4ebkss4
w4tfi9ex
w527674w
w5d7b966
w66yrybgra
w6782134
w6r4tpk9i
w74156900
w7654321
w7dy287ktshn
w7tlaninorh
w852456w
w8cgj975
w8gkz2x1
w987654321w
w999999999
wa00ve007
wa1dh0rn
wa2mch4u
waaw1414
wab32res
wabanaki
wabigano
waccamaw
wace4na0
wachovia
wachtwoo
wachtwoor
wachtwoord
wachtwoord1
wackey01
wad559523wad
wada123g
wadd1622
waddingt
waddle111
wadester
wadewade
wadisheni
wadswort
wadsworth
waechter
wael2006
waffenss
waffles1
waftlath
wagamama
waggawag
waggles1
wagner25
wagnerth
wagoneer
waheguru
wahlberg
wahlberg1
wahnsinn
wahoofan
wahoowah
wahyqu5u7ena
waidie12
waihungs
waimanal
wainwrig
wainwright
waitandbleed
waitepre
waitforme
waiting1
waitress
waitwait
wak3boar
wakaflocka
wakaranai
wakawaka
wakayama
wakeboar
wakeboard
wakeboard1
wakefiel
wakefield
wakefore
waketech
wakeupneo
wakewebu
wakizasi
wakkanai
wakrivetka
waku1120
wakuwaku
walalang
walawala
walburga
waldbaer
waldemar
waldhorn
waldlauf
waldoman
waldoxxx
waldwick
walentina
wales123
walesonskilz
walfisch
walgreen
walgreens
walhalla
walid2k3
walkabou
walkabout
walkaway
walker01
walker11
walker12
walker13
walker22
walker31
walker57
walker69
walker72
walkers2
walkingrain
walkiria
walkitout
walkman1
walkman123
walkman555
walkyrie
wallabee
wallabie
wallabies
wallace1
wallace2
wallace3
wallace4
wallawal
wallbang
walley2003
walleye1
walleye5
walleyes
wallflow
wallflower
wallpape
wallpaper
wallsend
wallstre
wallstreet
wally123
wally197
wally200
wally429
wallydog
wallygat
wallygator
wallytax
wallywally
wallywor
walmart1
walmsley
walnut28
walnut87
walnutbe
walnutco
walnutfi
walnutho
walnutpe
walnutro
walnuttr
walnutwi
walrus12
walsall1
waltdisney
walter01
walter11
walter12
walter22
walter27
walter33
walter34
walter69
walter84
walter91
walterino
walterwa
walther1
waltherp
walthery
waltmink
walto82x
walton98
waltraud
wamozart
wampeter
wamphyri
wamregps
wanda123
wanda999
wanderer
wanderers
wanderin
wandering
wanderlust
wandswor
wang0831
wangchun
wangchung
wangster
wangwang
wangwang2013
wanjunleow
wanker12
wanker69
wanker71
wanker77
wankers1
wannabe1
wannabee
wannacum
wannafuc
wannafuck
wannafuk
wannasee
wannawin
wanneroo
want2see
wantaway
wantmoney
wantmore
wantsome
wantsyou
wanttowin
waolwaol
wapapapa
wapbbs_1
wapbbs_11
wapbbste
waprulit
wapwzr21
war24322
war2sta1
war3demo
war902762
waraporn
waraputa
waratahs
waratsea
warbeast
warbirds
warblade
warbucks
warchild
warcraft
warcraft1
warcraft123
warcraft2
warcraft3
warcraft88
warcraftrenat
warcrash
wardawg03
wardburt
wardenjr
wardraft
wardrobe
wardroom
wareagle
wareagle1
warehous
warehouse
warendorf
warewo1olf3
warewolf
warezart
warezpas
warfare1
warfare2
warfield
wargamer
wargames
warhamer
warhamet2014
warhamm3r
warhamme
warhammer
warhammer1
warhammer40000
warhammer40k
warhawk6846
warhawks
warheads
warhorse
warkraft
warlock0
warlock1
warlock12
warlock1979
warlock2
warlock3
warlock5
warlock7
warlock9
warlocke
warlocks
warlord1
warlord12
warlords
warlover
warmachi
warmachine
warner13
warnerve
warning1
warning2
warnings
warnkenggtr
warpaint
warpdriv
warpspee
warpspeed
warpten1
warpten32
warptime
warr1ors
warranty
warren01
warren12
warren123
warren23
warren26
warren61
warrenmi
warrior0
warrior1
warrior11
warrior12
warrior123
warrior12345
warrior13
warrior2
warrior22
warrior3
warrior4
warrior5
warrior6
warrior7
warrior8
warrior9
warriord
warriors
warriors1
warriorwithin
warrock1
warrock123
warspite
warsstar
warstein
warsteiner
warszawa
wartburg
warthog1
warthog4
warthog6
warthogs
warwagon
warwarwar
warwick1
was.here
was41saw
was74444
was_rejected
wasabear
wasaymoin
wascally
wasd1234
wasd4bb5
wasd852456
wasdwasd
wasdwasd1
wash8845219
washakie
washburn
washingt
washingto
washington
waspnest
waspwasp
wasser11
wasser12
wasserma
wasserman
wassermann
wasso4480
waste234
wastelan
wasteland
wasteofm
wastewaste
wasureta
waswaswas
watanabe
watch0ut
watchdog
watcher1
watcherr
watchers
watchful
watching
watchman
watchmen
watchout
watchthis
watchtow
watchtower
water100
water101
water111
water123
water1234
water411
water4bo
water4me
water4me55
water505
water911
water999
waterbab
waterbaby
waterbal
waterbed
waterbon
waterbot
waterboy
waterbug
waterbur
waterdee
waterdog
waterfal
waterfall
waterfalls
waterfor
waterford
waterfow
waterfro
waterfront
waterfun
watergat
watergate
watergre
waterh2o
waterhou
waterhouse
watering
waterjet
waterkan
waterl00
waterlil
waterline
waterlog
waterloo
waterman
waterman1
watermel
watermelo
watermelon
watermelon1
waternut
waterpol
waterpolo
waterpro
waterproof
waterrat
waters71
watersed
watershe
watershed
watershed1
watership
watersid
waterski
watersto
watertown
watervie
waterwat
waterwater
waterway
waterwor
waterworks
waterworld
watford1
wathythi
watkins1
watson00
watson01
watson11
watson12
watson33
watson50
watson69
watts123
wattscha
watzmann
wauconda
waukegan
waukesha
wauwatos
wave2000
waveform
wavefron
waveland
wavemail
wavemaster
waveride
waverider
waverley
waverunn
wavespor
wavewater
wavewave
waveydav
wavmanuk
wawawawa
waxlrose
waxxport
way2cool
way2many
way2much
way2sexy
waycross
wayfarer
waylande
waylander
wayne101
wayne123
wayne200
waynede7
wayneway
waziered
wazoo110
wazupman
wazzkaprivet
wbdbkbpfwbz
wbemcntl
wbemcons
wbemcrrl
wbemfwrd
wbemperf
wbemprox
wbemsnmp
wbemtest
wblake25
wbnfltkm
wboschjr
wbrkfvty
wbvthvfy
wbw252mm
wc3tftdota
wcc9wcc9
wceusbsh
wcfields
wcksdypk
wclj99cz
wcn9uhbu
wcr724emj
wcrfvjcrdf
wcrfxtvgbjy
wcrv87gz
wcteam2003
wcwq5nzh
wd3romeo
wd9dwgka9mkr
wddoeejx
wdierkso
wdint9ch
wdma10k1
wdmplays
wdsawdsa
wdskds58
wdtnjxrb
wdtnjxtr
wdtnjxtr1
wdtnrjdf
wdznjxtr
weak1234
weakfish
weakling
weaklink
weakness
weaknesspays
wealthy1
wealthy2
weapons2
weaponsx
weare138
wearelegion
weareone
wearexrated
weasel03
weasel11
weasel12
weasel23
weasel24
weasel31
weaselbo
weather1
weather2
weatherf
weatherford
weatherman
weathers
weathertg4
web12345
web4play
webadmin
webairtest
webb1977
webbcity
webber04
webbwebb
webcam17
webcheck
webcracker
webcrackers
webdesigner
webdream
webhead1
webhompas
webhompass
webindia
webmast1
webmaste
webmaster
webmaster1
webpages
webpassword
webpsw11
webquest
webrevie
webrider
websearch
webshots
website1
websites
webslinger
websol76
websolution
websolutions
websolutions007
websolutions69
websolutionssu
webstar1
webster0
webster1
webster2
webster3
webster66
websterb
websters
webstream
webtv010
webuivalidat
webvybor
webweave
webworks
webzenit
wedding1
wedding2
weddings
wedgwood
wednesd1
wednesda
wednesday
wednesday1
weeble92
weebull1
weed1234
weed4200
weedeate
weedhead
weedleaf
weedseed
weedsmok
weedsmoke
weedweed
weedweed1
weekende
weekends
weenween
weetabix
weetniet
weetwood
weezer12
weezer69
wefly123
wefwefwe
wegangster4lifebitch
wehttam1
weidmann
weihnachte
weihnachten
weihnachtsbau
weihnachtsbaum
weilheim
weimaran
weinberg
weiner69
weisbein
weissbier
weisskreuz
weissman
weissmel
wejrpfpu
wekor123
welcome!
welcome0
welcome01
welcome1
welcome12
welcome123
welcome15
welcome2
welcome2suzan
welcome3
welcome4
welcome5
welcome6
welcome69
welcome7
welcome8
welcome9
welcomed
welcomehome
welcomer
welcomes
welcomet
welcometohell
welcomtohall
weld7018
welding1
weldon66
welkom01
welkom12
welkom123
well2day
wellcome
wellcome1991
wellcraf
welldone
wellesle
wellesley
wellfleet
wellhung
wellingt
wellington
wellington1
wellness
wellsfar
wellston
wellwell
wellwood
welovesex
welsh331
welshman
welshone
weltmeis
weltweit
wembley9
wenatche
wendell1
wendell3
wendover
wendy111
wendy123
wendy200
wendyann
wenef45313
wenia357
wentwort
wentworth
weownall
wer11111
wer12day
weras12345
werawera
werbistdu
werder09
werder12
werder1899
werdna00
werdna10
werdwerd
were1212
werebear
wereteno
werewere
werewolf
werewolf1
werewolf12
werewolf123
werilopert
weritar8
werkstat
wermacht
werner11
werner12
wernicke
weronika
weronika1
weronika12
weropering
wersdfxcv
wersdfzxc
wert1234
wert1990
wert3456
wertasdf
werter78
werther519
werthers
werthjxrf
werthvfy
wertikal
wertolet
wertsdfg
wertwert
werty123
werty1234
werty12345
werty444
werty789
wertyuio
wertyuiop
wertywerty
wertzu01
wertzuio
werwerwe
werwerwer
wesley01
wesley12
wesley123
wesley13
wesley88
wesley97
wesleyan
wessonnn
west1234
west1271
west1899
west1994
west7794
west8116
westbaby
westbend
westbest
westboro
westbrom
westbroo
westbrook
westbury
westclox
westcoas
westcoast
westcoast4646
westcost
westcott
westeast
westend1
westerlu
westerly
western1
western5
western8
western9
westerns
westfall
westfiel
westfield
westflan
westfork
westgate
westham0
westham1
westham2
westham5
westham6
westham8
westham9
westhamf
westhamp
westhamu
westhill
westhills
westindi
westkost
westlake
westland
westlife
westmins
westminster
westmont
westmore
westover
westpalm
westpark
westpoin
westpoint
westport
westside
westside1
weststar
westsyde
westview
westward
westwest
westwind
westwing
westwood
westwood1
wetbeast
wetdream
weterweter
wetgirls
wetgoods
wethepeople
wetlands
wetnwild
wetone69
wetpanti
wetpanties
wetpants
wetpussy
wetpussy69
wetstuff
wetwetwe
wetwetwet
wetwilly
wetworks
wewewewe
wewillwi
wewillwin
wewizcom
weymouth
wf1988rb
wf3qwa13
wg8e3wjf
wghit2002
wgm7rwgm
wgqerlkzxc
wh1pping
wh1taker
whale123
whalebone
whalen12
whaler15
wharfrat
wharton1
what3v3r
what4you
whataday
whatafuck
whatasofty
whatelse
whatevah
whateve1
whatever
whatever!
whatever1
whatever18
whatever2
whatever5
whatever7
whatigot
whatisit
whatisth
whatisthat
whatisup
whatitdo
whatitis
whatluck
whatnext
whatnow1
whatsit4
whatsnext
whatssup
whatsup1
whatsup2
whatsupd
whatthe1
whatthef
whatthefuc
whatthefuck
whattheh
whattheheck
whatthehel
whatthehell
whatup12
whatwhat
wheaties
wheatley
wheatman
wheelcha
wheelchair
wheeler1
wheelers
wheelies
wheeling
wheelman
wheels12
wheels21
wheels69
whenever
whereami
wherehou
wherever
whetston
wheueres
whichone
whimsica
whimsical
whiplash
whippets
whipping
whirl2007
whirling
whirlpoo
whirlwin
whirlwind
whiskers
whiskers1
whiskey1
whiskey2
whiskey3
whiskey69
whiskey7
whiskeyc
whiskeys
whisky12
whisper1
whispers
whistler
whitaker
white111
white112
white123
white335
white75t
whiteangel
whiteass
whitebear
whiteboy
whiteboy1
whiteboy5
whitecap
whitecar
whitecat
whitechicks
whitecho
whitecloud
whitedev
whitedog
whitedove
whitedragon
whitedwa
whiteeag
whitefan
whitefir
whitefis
whitefox
whitegirl
whitegirls
whitegol
whitegold
whiteguy
whitehall
whitehar
whitehat
whitehawk
whitehea
whitehead
whitehil
whitehor
whitehorse
whitehos
whitehot
whitehou
whitehouse
whitejoint
whiteknight
whitekoma212
whitelan
whitelion
whiteman
whitemeat
whiteoak
whiteone
whiteout
whiteowl
whitepon
whitepower
whitepus
whiterab
whiterabbit
whiterat
whiteroo
whiteros
whiterose
whitesha
whiteshadow
whiteshark
whitesid
whitesky
whitesna
whitesnake
whitesox
whitesox1
whitesta
whitestar
whitestripes
whitetai
whitetail
whitetail1
whitetig
whitetiger
whitetra
whitetrash
whitewat
whitewater
whiteway
whitewidow
whitewitch
whitewol
whitewolf
whitfiel
whitfield
whitford
whitley1
whitlock
whitman1
whitman3
whitman6
whitmore
whitney1
whitney2
whitney3
whitney6
whitney8
whitneyh
whitneys
whitsell
whittake
whittier
whitting
whittney
whitton1
whitwort
whizbang
whizzkid
whl263fb
whoadude
whoareyo
whoareyou
whoawhoa
whocares
whocares1
whodaman
whodat45
whodatis
whodunnit
whogbosz
whoknows
wholehog
wholesale
whoobi01
whoolout
whoopass
whoopish
whopper1
whoppers
whorebag
whoredog
whorehey
whosnext
whosther
whosyour
whosyourdaddy
whoville
whs2agy2
whu1am007
whvi7swd
whyaskme
whydotha
whyme123
whymewhy
whymper74
whynot01
whynot12
whynot20
whynot99
whynotme
whyohwhy
whysoserious
whystore
whytesha
whywhywhy
wi9xt32e
wiadefui
wiashext
wiavideo
wibble12
wichser9
wicked10
wicked12
wicked123
wicked13
wicked20
wicked66
wicked68
wicked69
wicked81
wickedly
wickford
wickwick
widebody
wideglid
wideglide
wideopen
widescre
widescreen
widespre
widespread
widowmak
widowmaker
wieimmer
wifey123
wifey200
wifeykab
wifeyswo
wifeyvid
wiggbazz
wiggins1
wiggins7
wiggles1
wiggles123
wijnne15
wikinger
wikipedia
wikiwiki
wiklauri
wiktoria
wilber79
wilbur79
wilchil2
wilcox22
wild1234
wildarms
wildbill
wildbird
wildblue
wildboar
wildcard
wildcash
wildcat1
wildcat2
wildcat3
wildcat5
wildcat6
wildcat7
wildcat8
wildcat9
wildcat96
wildcats
wildcats1
wildcatt
wildcatz
wildcherry
wildchil
wildchild
wildduck
wildeman
wildeone
wilderne
wilderness
wildfire
wildflow
wildflower
wildfour
wildfuck
wildgirl
wildgoos
wildgoose
wildhors
wildhorses
wildkatz
wildland
wildlife
wildlove
wildmage
wildman1
wildman2
wildmann
wildone1
wildones
wildpass
wildride
wildroid
wildrose
wilds899
wildside
wildstar
wildthin
wildthing
wildtime
wildturkey
wildweas
wildwest
wildwild
wildwildwest
wildwill
wildwind
wildwolf
wildwood
wildwood1
wilfred1
wilfredo
wilfredo1
wilfried
wilhelm2
wilhelmina
wilkerson
wilkez1z
wilkins1
wilkinso
wilkinson
wilky123
will1066
will1234
will2000
will3978
will7399
will78qt
will9455
willard1
willard8
willards
willcall
willchum
willclar
willeken
willesden
willflip
willhelm
william0
william01
william07
william1
william10
william12
william123
william12345
william2
william3
william4
william5
william6
william69
william7
william77
william8
william9
williamb
williamc
williamd
williame
williamf
williamfuss
williamh
williamj
williamm
williamo
williamp
williamr
williams
williams1
williams123
williams2
williamson
williamt
williamx
willian22049
williard
willie01
willie10
willie11
willie12
willie13
willie14
willie19
willie20
willie21
willie22
willie23
willie24
willie44
willie68
willie69
willie84
willieb3
williedo
williejr
williemays
williewonka
willimax
willis20
willis33
willis69
willisto
williums
willkomme
willkommen
willmott
willocks
willoughby
willow01
willow10
willow11
willow12
willow23
willow24
willow29
willow65
willow69
willow77
willowlo
willowst
willowtree
willpass
willpower
willrock
willsmit
willsmith
willster
willwill
willy123
willy536
willy777
willybay
willyboy
willydog
willyvan
willywon
willywonka
wilmette
wilmingt
wilmington
wilmslow
wilshire
wilson01
wilson06
wilson10
wilson11
wilson12
wilson123
wilson22
wilson23
wilson31
wilson36
wilson3d
wilson41
wilson68
wilson69
wilson71
wilson73
wilson76
wilson84
wilson88
wiltshir
wilybark
wimbeldon
wimbledo
wimbledon
wimborne
wimmer86
win32srv
winbabywin
winchell
winchest
wincheste
winchester
winchester1
windblow
windcraz
winderme
windevan
windfall
windfire
windhoek
windjamm
windlass
windless
windmage
windmere
windmill
windows0
windows1
windows12
windows123
windows2
windows7
windows8
windows9
windows98
windowslive
windowsn
windowss
windowsvista
windowsx
windowsxp
windride
windrift
windriver
windrose
windrush
windsong
windsor1
windstar
windstor
windsurf
windsurfer
windsurfing
windswep
windswept
windtalk
windtree
windwaker
windwalk
windwalkerr
windward
windwind
wineglas
winehouse
winewine
winfield
winfieldsc
winfried
wingate1
wingback
wingchun
wingdale
wingding
wingfoot
wingman1
wingman2
wingnut1
wingnut2
wingnuts
wingroad
wings2013
wings715
wingspan
wingtsun
wingwing
wingzero
winifred
winkjoy12
winkle03
winkwink
winman2r
winner01
winner10
winner11
winner12
winner123
winner13
winner22
winner25
winner33
winner58
winner69
winner77
winner99
winnerma
winnetou
winnie00
winnie01
winnie12
winnie22
winniepoo
winniepooh
winniepuch
winniethepooh
winning1
winnipeg
winnipeg261
winona12
winresponse1
winslow2
winspool
winst0n1
winston0
winston1
winston10
winston12
winston123
winston1986
winston2
winston2010
winston3
winston4
winston5
winston6
winston67
winston7
winston8
winston84
winston9
winstonc
winstone
winstonone
winstons
winstonw
winstrol
wintcher
winter00
winter01
winter02
winter03
winter04
winter05
winter06
winter07
winter09
winter10
winter11
winter12
winter123
winter1234
winter13
winter14
winter15
winter18
winter1991
winter20
winter2011
winter21
winter22
winter24
winter25
winter26
winter33
winter3568
winter40
winter43
winter44
winter45
winter55
winter63
winter69
winter72
winter75
winter77
winter82
winter88
winter96
winter98
winter99
winterbo
winterburn
wintergr
winterha
winterla
wintermu
wintermute
winterpa
winters1
winterst
wintersu
wintersw
winterton
winterwi
winthrop
wintwins
winwinwi
winwinwin
winx2000
winxclub
winxwinx
wipro123
wira0304
wiredawg
wireless
wireman1
wirklich
wirlwind
wisawisa
wisconsi
wisconsin
wisdom12
wisdom18
wisdom99
wiseman3
wishbone
wishbone1
wishfull
wishlist
wishmaster
wishsong
wishwish
wissahic
wisteria
wit55555
witch666
witchbla
witchblade
witchcra
witchcraft
witchdeath
witchdoctor
witches1
witchunter
witenite
withcare
withdean
withlove
withnail
witness1
wittcala
wittgens
wittmann
wittsend
wittstoc
wiuym438
wixpix05
wizard00
wizard01
wizard08
wizard11
wizard12
wizard123
wizard13
wizard20
wizard21
wizard22
wizard24
wizard32
wizard33
wizard56
wizard66
wizard69
wizard77
wizard99
wizardof
wizardry
wizards1
wizzard1
wizzzard
wjewavmpc
wjk7hmgm
wjkmrtgk
wkcfl5926
wkiskey232
wkstamig
wladimir
wladimir1994
wladislaw
wlafeega
wlbsprov
wldpeace
wltfg4ta
wlygbyyc
wma2068g
wmdtjapg
wmeg1069
wmegrfux
wmiaprpl
wmipdskq
wmipicmp
wmipiprt
wmipjobj
wmiprvsd
wmipsess
wmiscmgr
wmitimep
wmiutils
wmlaunch
wmlpwvly
wmpfeature
wmplayer
wmpsone1
wmsi8227
wmwmwmwm
wn8126jc
wnanstns2108
wnmaz7sd
wnu28492
woaini12
woainini
woaipass
woaiwojia
wojciech
wojowojo
wokoladka
woldemar
woldred14
wolf1234
wolf1313
wolf1976
wolf1979
wolf1987
wolf1990
wolf2000
wolf2003
wolf2004
wolf2005
wolf2007
wolf5685
wolf6969
wolf7063
wolf9653
wolfbane
wolfbear
wolfears
wolfeman
wolfen69
wolfenst
wolfenstein
wolferman777
wolfeyes
wolffang
wolfgan1
wolfgang
wolfgang1
wolfgirl
wolfhoun
wolfhound
wolfhowl
wolfie69
wolfie99
wolflord
wolfman0
wolfman1
wolfman2
wolfman7
wolfman9
wolfmann
wolfmoon
wolfmother
wolfpac1
wolfpac2
wolfpack
wolfpack1
wolfpack5
wolfrain
wolfram9
wolfrider
wolfsba8
wolfsban
wolfsbur
wolfshei
wolfskin
wolfsong
wolfster
wolfwolf
wolfwood
wolk2010
wolken84
wolkodaw
wollerau
wolseley
wolswagen
wolverhampton
wolveri1
wolverin
wolverine
wolverine1
wolverine3
wolverine99
wolverines
wolves01
wolves05
wolves09
wolves11
wolves123
wolves13
wolves22
wolves82
wolves99
wolvesfc
womanize
womanizer
wombat00
wombat01
wombat10
wombat11
wombat12
wombat13
wombat66
wombat69
wombat76
wombat77
womble0012
women123
womendeai
womersle
wonder01
wonder12
wonder123
wonder20
wonder69
wonderba
wonderbo
wonderboy
wonderbr
wonderbra
wonderbread
wonderdog
wonderer
wonderfu
wonderful
wonderful1
wonderful2
wonderfull
wonderfullife
wondering
wonderla
wonderlan
wonderland
wonderland1
wonderma
wonderman
wonders1
wonderwa
wonderwal
wonderwall
wonderwo
wonderwoman
wongwong
wonkabar
wonkette
wontolla
wood2000
woodbine
woodbird
woodbook
woodbrid
woodburn
woodbury
woodcass
woodchai
woodchip
woodchuc
woodchuck
woodcock
woodcote
woodcouc
wooddesk
wooddoor
woodduck
woodeart
woodensh
woodento
woodfiel
woodfield
woodfine
woodfish
woodfloo
woodford
woodgate
woodgoat
woodguy1
woodhair
woodhall
woodhave
woodhaven
woodhead
woodhill
woodhors
woodhorse
woodhous
woodhouse
woodhull
woodie40
woodie888
woodkitt
woodkitten
woodlake
woodland
woodlands
woodlawn
woodman1
woodmere
woodmous
woodncat
woodny34
woodoo1b
woodpeck
woodpecker
woodpile
woodpony
woodroad
woodroof
woodrose
woodrow1
woodruff
woodrush
woods002
woodshed
woodsher
woodshop
woodside
woodsink
woodsman
woodson1
woodson2
woodster
woodstoc
woodstock
woodtree
woodview
woodvill
woodward
woodwind
woodwood
woodwork
woodworking
woodworm
woody007
woody123
woody1808
woody187
woody420
woodyard
woodycat
woodydog
woodywoo
woof1822
woof9663
woofwoof
wooglinb
woohah10
wookie11
wookiee1
wookiema
wookster
woolwich
woolwort
wooooooo
woopwoop
wooster1
wootwoot
woozie08
wopace12
wopompom
wor123h1
worceste
worcester
word2000
word6666
wordfish
wordlife
wordpas1
wordpass
wordpass1
wordplay
words123
wordsmit
wordswor
wordupyo
wordword
worf1701
worfworf
work2000
workaholic
workalot
workathome
workbook
workcent
workcentre
workgroup
workhard
workin31
working1
working2
working4
workingh
workings
workout1
workshop
workshop1
worksnow
workstat
worksuck
worksucks
worktech
workwork
world123
worldbank
worldcom
worldcup
worldcup1
worldfam
worldismine
worldnet
worldnews
worldoftanks
worldofwarcraft
worldpea
worldpeac
worldpeace
worldstar
worldtou
worldwar
worldwid
worldwide
wormfood
wormgear
wormhole
wormix16
wormix_war
worms220
wormsign
wormwood
wormworm
worr3619
worrior1
worrior6621
worship1
worthing
worthington
worthless
worthy42
wortman8
wos12345
woshiyazi
wouftchu
woutersm
wow12345
wow4ever
wowa1988
wowbagge
wowiwowi
wowlook1
wowwowwow
wowwwwww
wozzecka
wp2003wp
wp34mj23
wp34wp34
wpc5d6u1rh
wpcn856c
wpd21128gp
wpoolejr
wpwp5625382q
wq123456
wqa3pcwm
wqwqwqwq
wr9ngl3r
wra5gler
wrangle1
wrangler
wrangler1
wrappers
wrathchild
wreck501
wrecker9
wreckers
wren9014
wrenches
wresling
wrest666
wrestle1
wrestle2
wrestle5
wrestlemania
wrestler
wrestlin
wrestling
wrestling1
wretch420
wretched
wright22
wrighty1
wrigley1
wrinkle1
wrinkle5
wrinkles
writer03
writer12
writer19
writerspace
writing9
writings
written1
wroclaw1
wrongway
wrsbqxhk
wrw75rfu
wrwff212uu
wrwidget
ws123456
ws4zvm85vsuq
wsaddasw
wsadeq123
wsadwsad
wsbadmin
wsbadmin1
wscvk90s
wsecedit
wsgktyjr
wsh37xz819
wshhzqgaqr
wsnjgkfpvf
wso9rycamguchqpdwwvbad
wsosl312
wspanic1
wstcodec
wstdecod
wsufyjdf
wswswsws
wsx22wsx22
wsxasd1212
wsxcderfv
wsxedc12
wsxedcqaz
wsxedcrf
wsxqaz12
wsxrfvyhn
wsxwsx1234
wsxz3823922163845
wsxzaq12
wsydcig761
wtb220wtf220
wtfo1369
wtfwtfwtf
wtkrfgbplf
wtpmjgda
wtpmjgda.
wtsfjmi7
wtvj2100
wtvtynjdjp
wtynhfkmyfz
wu994216433
wuauboot
wuauclt1
wuauserv
wuii3344
wuk67yta
wuk9ng9c
wukwinwukwin
wulfgar1
wumpscut
wunderba
wunderbar
wunderland
wupaupwc
wuppertal
wurlitze
wurlitzer
wurzburg
wuseldusel
wuselwus
wushanfa
wutang12
wutang36
wutang69
wutangcl
wutangclan
wuyoukuaile756
wvandenn
ww123456
ww5230924
ww5tc4gj
wwe23015wwe
wwedivas
wweuniverse
wwewwewwe
wwf4life
wwfchamp
wwfrules
wwjdwwjd
wwojcp42
wwr8x9pu
www111www
www123123
www12345
www123456
www123456789
www123www
www135246
www222www
www89062803177
www9356527575195
wwwduoso
wwwest123
wwwfffsss
wwwooo1234
wwwteresa
wwww1111
wwwww55555
wwwwwsas
wwwwww123
wwwwwww1
wwwwwwww
wwwwwwwww
wwwwwwwwww
wwwwwwwwwwww
wx2123xx
wx42778q
wxcvbn123
wxyz2000
wy4xl2hf
wy54sufu
wy823int
wyandott
wyatt123
wybe4591
wychwood
wycliffe
wyedelta
wyldcard
wynnowen
wyoming1
wyoming2
wyotftffju
wypeside
wyrd0ath
wyse2645
wz438f48
wzagfq2u
wzm6pwny
wzr12dun6x
wzrc1766
x00000000
x002tp00
x031589x
x0oooo00
x123321x
x1234567
x12345678
x123456789
x123456x
x12psm17
x13puzfk
x1950pro
x1rca234
x1x1x1x1
x1x2x3x4
x1x9xf4j
x2636193
x26j12m88y
x2c3v4b5
x2llg4nn
x2mwtqfn
x2z0t9e5
x32mwmde
x3aipw29g
x3luym2mmj
x411info
x414xatorx
x4bjqw3ah
x4cc355b10wsy0urm1nd
x4prmbdhfxh
x4qtbr7i4
x4ww5qdr
x567met6
x5ddxpstm9
x5etmuwe90
x5o6qprb
x72jhhu3z
x72jhhu3za
x74u93d7
x777261718x
x811207i
x85q6sw44
xa6axa6a
xa7eav8r
xaa6974x
xaccess2
xachatryan
xachidze
xaco0838
xakep123
xakep1234
xalapa71
xamelion
xanatos1
xander12
xandrejsx
xanthian
xantippe
xaoc2010
xaswer123
xatlcv63
xaverian
xavier00
xavier01
xavier04
xavier11
xavier12
xavier123
xavier22
xavier23
xavier56
xavier70
xavier98
xavier99
xaxawelo
xaxaxaxa
xaxaxaxaxa
xaxbczczaax
xb9p03nox
xbcnzrjd
xbcnzrjdf
xbgblhjc
xbgbltqk
xbgctn47
xbgeibkf
xbggjkbyj
xbgjkbyj
xblhintb9w
xbncrest
xbnhjlhbdf
xbnth123
xbox2002
xbox360live
xbox4life
xboxhalo
xboxlive
xboxxbox
xbrbxbrb
xbrfnbkj
xc1986bb
xc27xd13
xc8k8bvz
xcabczxabcz
xcaliber
xcalibre
xcalibur
xcarmex2
xcat2000
xcat_xca
xckl6v4cdg
xclusive
xcountry
xcvfdswer
xcxcxcxc
xd241otma
xd4t7bke
xdkursym89tm
xdlig7e8wqz
xdpajbht
xdr56tfc
xdr56yhn
xdresser
xdxdxdhi
xdxdxdxd
xeby154h
xegfrfhf
xegfxegc
xehrf2011
xelaxela
xelbyjdf
xeljdbot
xeljdfhobr27
xena1995
xena2000
xenabean
xenaxena
xenaxxen
xenia999
xenocide
xenogear
xenogears
xenomorp
xenomorph
xenophon
xenosaga
xenosaga3
xerox123
xesrusches
xesxesxes
xeueyjdf
xevfxtyrj
xexeylhf
xexxfeez
xeyufxfyuf
xf3z54dlc
xf6cmqlrpeuhjuvv
xfactor1
xfcjdobr
xfeeling
xfhcegth
xfhjltqrf
xfiles01
xfiles20
xfiles27
xfilxfil
xfish411
xfj47yei
xflasher
xfqckbvjyjv
xfqdldjtv
xfqnp363
xfqrjdcrbq
xfryjhbc
xfwxsaoa
xgeneration
xgfriend
xghlx789
xhdwatny
xhxqrq89309
xiakai007
xiaofeng
xiaogang
xiaolong
xiaoshen
xiaoxiao
xiaoyua123
xicfrvn2
xingxing
xinikadze
xinmima09362
xiomara1
xircomms
xishchnik1
xixixixi
xj220amg
xjibjabx
xjovwwhkgy
xjxshss5
xkillerx
xkjziguh
xkncst8n
xkty1234567
xktyxkty
xkzwnuxkdn9a8kcykuitbkg1g
xla69dnay82
xlcarder
xldir6us9wk8
xmanxman
xmastime
xmastree
xmasxmas
xmen2099
xmenxmen
xmestrex
xn8cnj36
xnd7vubq
xnjltkfnm
xoeyvang
xohzi3g4
xoma536685
xoshjeev
xowright
xoxoxoxo
xpac196980
xpressio
xpressmusic
xprivate
xprivate1
xr4ti577
xra4qdxn
xrameahs
xranitel
xrated69
xray2000
xrayxray
xrenarip
xrizantema
xrtxh5z5
xrum1348
xs12340987
xsaravts
xsauwild
xsaxs0521
xsdixie1
xshooter
xshpyygn
xstamper
xsvnd4b2
xsw21qaz
xsw22333
xsw23edc
xsw2cde3
xsw2xsw2
xsw2zaq1
xtcnthabkl
xtcnyjcnm
xtcyjrjd
xtcyjrjdf
xterra01
xthdjytw
xthnjdobyf
xthntyjr
xthntyjr13
xthrfccs
xthrtccr
xthrtccr65
xthtgeirf
xthtgfirb
xthtgfirf
xthtgfyjd
xthtgfyjdf
xthtgjdtw
xthtlybxtyrj
xthtyrjd
xthx1138
xthyeirf
xthyfzfrekf
xthyfzgfynthf
xthyfzrjirf
xthyjckbd
xthyjdbr
xthyjtvjht
xthysijdf
xthytyrj
xtimetbl
xtiva456
xtkjdtrgfer
xtktynfyj
xtrax222
xtremehit
xtremehits
xtutdfhf
xtv3dc9f
xtvdk6ad
xtvgbjy1
xtvgbjyfn
xtx89xtx89
xty34467
xu71eab7
xufrgemw
xugaimima
xuh6jjay
xuliming
xuxaxuxa
xuxuzinho
xvjrbxvjrb
xvjxvjxvj
xwrt4raw
xwy5864297
xx123456
xx123cardoso
xx2108222
xx2449xx
xx310666
xx85.enk7a8m2
xxamxxam
xxchamp2
xxhead82
xxj31zmtzzkva
xxkk01234
xxkoguts
xxpa33bq.adna
xxq2fv9m
xxsnowxx
xxx007xxx
xxx03111994
xxx111xxx
xxx12345
xxx123456
xxx123xx
xxx123xxx
xxx124578123
xxx1999xxx
xxx48562xxx
xxx555xxx
xxx666xxx
xxx69xxx
xxx777xxx
xxx7847360
xxxboobs
xxxchugy
xxxersoy
xxxfiles
xxxgirls
xxxhacke
xxxhackers
xxxjay69
xxxkthf00ru
xxxmisterxxx
xxxp455w0rd5
xxxpassw
xxxpasswords
xxxrated
xxxtourx
xxxtreme
xxxx1111
xxxx1234
xxxx2000
xxxx3333
xxxx4444
xxxxoooo
xxxxxx12
xxxxxxed
xxxxxxx1
xxxxxxxx
xxxxxxxxx
xxxxxxxxxx
xxxxxxxxxxx
xxxxxxxxxxxx
xxxxzzzz
xxxyyyzzz
xxy43fh2jb
xxzz0000
xy234786
xyh28af4
xyivzlomaesh
xylakant
xylophon
xylophone
xymagehu
xyuxyuxyu
xyv22222
xyz00709
xyz12345
xyz123456
xyzxyzxyz
xyzzy123
xyzzyxyz
xz270792
xz99q6f4
xzaqwsx1
xzkxqd4137
xzsawq21
xzxzxzxz
xzxzzxzxzca
y0315451
y0s84jkxrztq
y1f2c3n4z5
y1pfn0rd
y1tmit1972
y1u2r3a4
y23456789
y53d4jys
y5ciqx4bh
y5hjkdg82490840
y5ixovzg
y5xi5236
y6t5r4e3
y6t5r4e3w2q1
y6vgme3s
y7cf3a9m
y7u8i9o0
y9wzelqh
ya123456
ya9541195
yaaaha30
yaalimadad
yaallah123
yabadaba
yabastante
yabbadab
yabucoa1
yachting
yack2107
yackie59
yad8yugg
yadayada
yaglasph
yahtzee1
yajirobe
yakiyaki
yakovenko
yakovleva
yakubovich
yakuza11
yalegenda
yalublusebya
yamaguch
yamaha01
yamaha02
yamaha10
yamaha100
yamaha11
yamaha12
yamaha123
yamaha135
yamaha19
yamaha20
yamaha22
yamaha23
yamaha25
yamaha250
yamaha31
yamaha35
yamaha350
yamaha40
yamaha42
yamaha60
yamaha69
yamaha79
yamaha82
yamaha88
yamaha99
yamaha_cdr
yamahaha
yamahar1
yamahar6
yamahayz
yamakasi
yamakasi123
yamamoto
yamanaka
yamanote
yamasaki
yamasheu
yamashit
yamato10
yamato12
yamayama
yamazaki
yamazaki1
yamileth
yamiyami
yan4ik87
yana12345
yana1986
yana1987
yana1988
yana1990
yana1991
yana1995
yana1996
yana1998
yana1999
yana2000
yana2001
yana2007
yana2010
yana4941
yanayana
yangster
yangtze2
yangyang
yank2525
yankee10
yankee11
yankee12
yankee13
yankee22
yankee23
yankee69
yankee77
yankeemp
yankees0
yankees02
yankees07
yankees1
yankees13
yankees15
yankees2
yankees21
yankees23
yankees3
yankees4
yankees5
yankees6
yankees7
yankees77
yankees8
yankees9
yankees99
yankeess
yanks001
yanks035
yanks200
yanksfan
yankswin
yanmar28
yannick1
yanochka
yanomer1
yanonali
yanovich
yanshi1982
yanshi1982a
yanushka
yapilolik155
yapr6s9hqh
yaq1xsw2
yarbroug
yardbird
yardwork
yargnits
yari1212
yarik1994
yarink100
yarmarka
yarmouth
yarn2her
yarnell1
yaroshenko
yaroslav
yaroslav2011
yaroslava
yaroslavl
yasacrac
yasawind
yasmin123
yasochka
yassin12
yasuhiro
yasuyuki
yatebyalublu
yatsenk01308
yawdjof117
yawhateva
yawlsere
yaxscdvfbg
yayang85
yayayaya
yb7yegme
ybbgfwwf
ybc6dwda
yblthkfyls
ybnhj212
ybrbajhjd
ybrbajhjdf
ybrbnbyf
ybrbneirf
ybrbnf123
ybrbnf15
ybrbnf1997
ybrbnf2000
ybrbnf2002
ybrbnf2003
ybrbnf2005
ybrbnf2010
ybrbnf2011
ybrbnf23
ybrbnf25
ybrbnf73
ybrbnf94
ybrbnf99
ybrbnf_25
ybrbnfybrbnf
ybrbnjcbr
ybrbnjxrf
ybrbntyrj
ybrekbyf
ybrf2008
ybrfhfuef
ybrfybrf
ybrjkfbx
ybrjkfif
ybrjkfirf
ybrjkfq1
ybrjkfqrjdlbvf
ybrjkftd
ybrjkftdbx
ybrjkftdf
ybrjkftdrf
ybrjkftdyf
ybrjkftyrj
ybrjkmcr
ybrjkmcrjt
ybrjktyrj
ybrjveytdthm
ybrjyjdf
ybrnjrhjvtyfc
ybuxel68
ybyekmrf
yc84ijgg
ycdtosa6
ycontrol
ycwvrxxh
yddadgib
ydnaydna
yeah1234
yeahbaby
yeahdawg
yeahdude
yeahrigh
yeahright
yeahyeah
yeahyeahyeah
year2000
year2001
year2002
year2005
year2008
year2010
year2012
yearbook
yearclip
yearfjoy
yearight
yearling
yearning
yearsurf
yearwood
yeatdabu
yegbpltw
yegjujlb
yeiceyir
yekateri
yel22low
yelena03
yell0w00
yellaboy
yellow01
yellow10
yellow11
yellow12
yellow13
yellow20
yellow21
yellow22
yellow25
yellow27
yellow33
yellow44
yellow457
yellow46
yellow55
yellow65
yellow69
yellow77
yellow79
yellow96
yellow98
yellow99
yellowbe
yellowbird
yellowca
yellowcard
yellowdo
yellowdog
yellowed
yellowfi
yellowja
yellowla
yellowma
yellowman
yellowpa
yellowst
yellowstone
yellowsu
yemayjjv1
yenactor
yerfrnfr1
yerkstow
yertyert
yes90125
yesandno
yeselplz
yesenia1
yeshua77
yesiknow
yesiltas
yesistar
yesitsme
yesnoyes
yesplease
yespleez
yessiree
yessongs
yesstory
yesterda
yesterday
yesterday1
yesungie
yeswecan
yesyesye
yesyesyes
yetagain
yetrich9
yettiman
yeuminhem
yevth428
yf57h9vf
yf9aqgsw
yfanbpby
yfceyfirjke
yfcheyfirjke
yfchfnm123
yfcktlbt
yfcn.irf
yfcnfcmz
yfcnhjtybt
yfcnjzobq
yfcntyfckfcntyf
yfcntymrf
yfcntymrf123
yfcntymrf5294
yfcntyrf
yfcntysi
yfcnz123
yfcnz1234
yfcnz12345
yfcnz159
yfcnz1982
yfcnz199
yfcnz1990
yfcnz1992
yfcnz1993
yfcnz1994
yfcnz1995
yfcnz1996
yfcnz1997
yfcnz1998
yfcnz1999
yfcnz2000
yfcnz2001
yfcnz2002
yfcnz2003
yfcnz2004
yfcnz2006
yfcnz2007
yfcnz2008
yfcnz2010
yfcnz2011
yfcnz2yfcnz
yfcnzlehf
yfcnzvjz
yfcnzyfcnz
yfcnzyfcnzyfcnz
yfczqybrf
yfdbufnjh
yfdbufwbz
yfdctulf
yfeg0mjc
yfeiybrb
yfenbkec
yfghbvth
yfgjktjy
yfhenj123
yfhenjepevfrb
yfhjlyfz
yfhrjn1992
yfhrjnbr
yfhrjnbrb
yfhrjvfy
yfifhfif
yfifvfif
yfkjujdfz
yflnjxbq
yfltymrf
yfltymrf123
yfltymrfxgjr0707
yflz13041976
yflz1986
yfnekmrf
yfnf12345
yfnfiekmrf
yfnfif10
yfnfif12
yfnfif123
yfnfif1962
yfnfif1972
yfnfif1975
yfnfif1976
yfnfif1978
yfnfif1983
yfnfif1984
yfnfif1985
yfnfif1986
yfnfif1988
yfnfif2010
yfnfif24
yfnfifyfnfif
yfnfitxrf
yfnfitymrf
yfnfkb2010
yfnfkjxrf
yfnfkmrf
yfnfkmz1
yfnfkmz1983
yfnfyfnf
yfpbaaaa
yfpfhjdf
yfpfhtyrj
yfpfhxbr
yfrehbkj0
yfthyflj
yfufcfrb
yfujhirtcbltkrjhjkm
yfujhysq
yfvtcnybr
yfxfkmybr
ygasn1fs
ygdrasil
ygfamily
ygfxbkgt
yggdrasi
yggdrasil
ygheknkx
yghiiop1
ygygygyg
yh65kl98
yhnujm98
yhnujmik
yhxwyxqt
yibbidah
ying81528
yingthao
yingyang
yingying
yinyang1
yiouryia1
yipeiwu1
yj83qng4
yjcjhju02
yjcnfkmubz
yjcnhflfvec
yjdbqgfhjkm
yjdbrjdf
yjdfzcnhfybwf
yjdjcnbf
yjdjctkjd
yjdjehfkmcr
yjdjkeybt
yjdjldbycr
yjdjnhjbwr
yjdjrepytwr
yjdjtgjrjktybt
yjdjvjcrjdcr
yjdsq123
yjdsq823819
yjdsqgfhjk
yjdsqgfhjkm
yjdsqgfhjkm1
yjdsqgfhjkm15
yjdsqltym
yjdsqujhjl
yjdsqujl
yjdsqujl2009
yjdsqujl2010
yjdsqujl2011
yjdsqujl2012
yjdsqujl2013
yjdujhjl
yjdujhjl52
yjgfcfhfy
yjhbkmcr
yjhdtubz
yjhvfkmyj
yjj6dznn
yjjcf833
yjnfhbec
yjplhtvjxrf0102
yjuufyjbuea
yjvenmrj
yjvth3632171
yjvv7rpc
yjwfw73j
yk66o2kzpz
ykitano1
ylgr569x
ylin8967
ylzzirg1
ym3cautj
ym96hxny
ymail433
ymihere2
ymisamigos
yngwiejm
ynottony
ynotynot
ynugedhv
yoadrian
yocunmic
yoda1234
yoda1701
yoda2000
yoda5281
yoda9999
yodajedi
yodapupp
yodayoda
yodoodhi
yofiin0k
yogayoga
yogendra
yogi1234
yogibear
yogiberra
yogiyogi
yogmarn2
yojimbo1
yokamato
yoko1226
yokohama
yokosuka
yokoyoko
yokygone
yolanda1
yolande0
yolande5
yolateng
yolatengo
yoloswag
yomama12
yomama123
yomama69
yomamma1
yoman123
yomomma1
yomoseau
yondaime
yonekura
yongdong
yonghwan
yop@1234
yor55a3d
york0916
yorkcity
yorkie01
yorkies2
yorkshir
yorkshire
yorkster
yorkstor
yorktown
yorkvill
yosarian
yosemite
yoshi415
yoshiaki
yoshiewb
yoshihir
yoshikatsu
yoshimit
yoshimitsu
yoshimur
yoshinori
yoshioka
yoshiyos
yossaria
yossarian
you32100
you95you
youandme
youareme
youaremine
youaremylove
youarethe1
youbetch
youbitch
youcando
youcantseeme
youcanwin
youdaman
youdontk
yougoboy
yougotit
youkai123
youknow1
youknowi
youknowit
youknowme
youknowwho
youloveme
youmeyou
youmustdie
youmylove
young123
young2000
young3st
youngandrestless
youngass
youngblo
youngblood
youngboy
youngbuc
youngdud
youngest
younggod
younggun
younghov
younglife
younglov
youngman
youngmin
youngmoney
youngone
youngpus
youngpussy
youngster
youngsto
youngstu
youngthi
yourdadd
yourdead
yourface
yourgay1
yourmama
yourmom!
yourmom.
yourmom0
yourmom1
yourmom123
yourmom23
yourmom4
yourmom6
yourmom7
yourmoma
yourmomm
yourmomma
yourmoms
yourmoth
yourmother
yourname
youroma30
yourpass
yourself
yoursony
yousmell
youssouf
youstink
yousuck1
yousuck2
yousuck3
youtube1
youtube11
youtube123
youwish1
youyouyou
yowsa123
yowza999
yoyo1234
yoyodude
yoyodyne
yoyomama
yoyomon34
yoyoyo12
yoyoyo123
yoyoyoyo
yoyoyoyo19
ypiterr77
ypq4xg5e
ypsilanti
yqkki8yutvdg
yqlgr667
yqmbevgk
yqpfrn9652
yqra61b6
yqrcf7i2
yr843666
yr8wdxcq
yra3262010
yraggary
yrambo20
yrayrayra
yrhvt0ng
yrnldcnt
yrpacket
yrrim777
yrvfn5g5
yrynyh55
ys77k4za
ysb5reyn
ysobelle
yssss19977
yt4hunv5
yt9g4bnu
ytajhvfk
ytantrfvcr
ytanzybr
ytbpdtcnysq
ytcnthjdf
ytcnthtyrj
ytdblbvrf
ytdcrfz2476
ytdfitltkj
ytdfkzirf
ytdhjkjubz
ytdpkjvfti
ytdpkjvftim
ytdpkjvftnt
ytdthvjh
ytdvbyztvsq
ytdxz2ca
ytekjdbvsq
ytelfxybr
ytepyftnt
yteuflfti
yteuflftim
ytgbpltnm
ytgfhjkm
ytghfdlf
ytghjcnj
ytghjcnjnfr
ytghjcnjq
ytghjqltn
ytgjctlf
ytgjdnjhbvfz
ytgjdnjhbvsq
ythj9387
ytinifni
ytjcgjhbvsq
ytjyfwbcn
ytkes9959evh
ytkjvfqnt
ytljgthtgbk
ytljnhjuf
ytncgfve
ytndjqyt
ytnegfhjkz
ytnevtyzgfhjkz
ytngfhjkz
ytngjhjkz
ytnhjufnm
ytnhjufq
ytpfdbcbvjcnm
ytpyfqrf
ytpyfqrf123
ytpyfqrf2
ytpyfrjvrf
ytr03051993
ytrewq11
ytrewq12
ytrewq123
ytrewq12345
ytrewq123456
ytrewq321
ytrewq99
ytrhfcjd
ytrhfcjdf
ytrhjvfy
ytrhjvfycth
ytrhjvfyn
ytrhjvfyn10
ytrhjyjvbrjy
ytsirhcm
ytty5656ty56
ytvbpblf
ytvfrc5130
ytvtpblf
ytyfdb;e
ytyfdbcnm
yucky205
yuckyuck
yudutuis
yue12345
yuenglin
yuengling
yufeelme
yuff85an
yugioh12
yui89213641706
yuiju876
yuio9876
yuiohjkl
yuioyuio
yuitre12
yujyd360
yukihiro
yukikaze
yukitommary
yukiyuki
yukmouth
yukongt1
yukonjoe
yuldashev
yulechka
yuletide
yulia1994
yulia1996
yulia2000
yulianna
yuliayulia
yulichka
yuliya12
yuliya1992
yuliya1995
yulya1998
yulya2010
yulyasal
yulyasha
yulyayulya
yummy123
yummypussy
yummyyum
yumyum11
yumyum36
yuna0420
yungyung
yunx12yunx
yur4ik88
yura11061996
yura1234
yura12345
yura1974
yura1990
yura1993
yura1994
yura1995
yura1999
yura2008
yurayura
yurchenko
yurichan
yuriyuri
yurkamaliy
yushimi2
yuskevich
yusupova
yutrhpi392
yuyuyuyu
yv207911
yvette69
yvgalpnd
yvjc8ncg
yvonne12
yvonnema
yvtlevex
yvtte545
ywftqwou
ywtkkkwf
yxkck878
yy02061991
yy5rbfsc
yy89r7r7
yyaahhoo
yyaassoo
yyapelmejko
yynnoott
yyqkhdm712
yyxthh8j9k
yyyyuuuu
yyyyyyy1
yyyyyyyy
yyyyyyyyy
yyyyyyyyyy
yyyyyyyyyyyy
yzallazy
yzerman1
yzerman19
yzfr1000
z00mz00m
z05091994
z0614533
z06vette
z0mfgwtfuxlol
z1234567
z12345678
z123456789
z1234567890
z123456789z
z1234567z
z123456z
z123x123
z123z123
z123z456z
z13estl4
z1478963
z1581550z
z19375481z
z1979lbyfhbr
z198228z
z1a2c3k4
z1g3r5a7
z1sn8h6m
z1x1c1v1
z1x2c3v4
z1x2c3v4b
z1x2c3v4b5
z1x2c3v4b5n6
z1x2c3v4b5n6m
z1x2c3v4b5n6m7
z1z1z1z1
z1z2z3z4
z1z2z3z4z5
z1z2z3z4z5z6
z22226270525
z26012002
z2684615z
z28camar
z28camaro
z2m5wagl
z2oqoynj
z30121998
z321654987
z3cn2erv
z3v09ch51w
z4540863
z46afzipb
z4x3c2v1
z513092572
z5251214
z530iigor
z586747z
z5927522
z5i2l2ma
z5mv9acu
z6dlry5ci
z72u4xbv9k
z7777777
z7895123
z7895123z
z81iysh55h
z8412967
z85134679
z852456z
z88307661
z91k4yz41
z9537063z
z95xst99
z9zwcafu
za0ncemh
za123456
za1986__
za25tm8j
zabbey22
zabimaru
zac123qwe
zacarias
zacate27
zacateca
zacatecas
zaccaria
zacefron
zach1234
zach4485
zachandz
zacharia
zachariah
zacharie
zachary0
zachary1
zachary11
zachary12
zachary2
zachary3
zachary5
zachary6
zachary7
zachary8
zachary9
zacharyc
zachemparol
zachosov
zackster
zackzack
zader123123
zadolbal
zadolbali
zadolbali1984
zadornov
zadrot98
zaebali123
zaebalivse
zaebalovse
zagadum13
zagazaga
zagorski
zaharova
zahrfn3orqa
zai4onok
zaibatsu
zaibuneng198710
zaichonok
zaidimas
zaika1996
zaikamoya
zajaczek
zajigalka
zakatala
zaken777
zakharova
zakirova
zakkwyld
zakkwylde
zaknafein
zakochana
zakopane
zakzorro
zalgiris
zalupa12
zalupa123
zalupa2005
zamacity
zamanova
zambales
zamboanga
zamboni1
zambrano
zamerzamer
zamorak1
zamorak123
zamorano
zampolit
zanahoria
zanarkan
zanazana
zander06
zander12
zanegrey
zanepops27
zangetsu
zannau13
zannuke123
zantezuken
zanzabar
zanzarah
zanzibar
zapadlo136
zapadlobla
zaparilo
zapatist
zapekanka
zapfrank
zaphod42
zaphod99
zapolskih
zappa100
zappa123
zappa666
zappa777
zappafan
zappafra
zappazappa
zaprosto10
zapruder
zaq!1qaz
zaq!2wsx
zaq!xsw2
zaq1!qaz
zaq11qaz
zaq121qaz
zaq123321
zaq12345
zaq123456
zaq123456789
zaq1234rfv
zaq123654
zaq123edc
zaq123edcxsw
zaq123wsx
zaq123xsw
zaq12qaz
zaq12wsx
zaq12wsx3edc
zaq12wsxc
zaq12wsxcde3
zaq12wsxcde34rfv
zaq1mko0
zaq1xsw2
zaq1xsw2cde3
zaq1xsw2cde3vfr4
zaq1zaq!
zaq1zaq1
zaq1zaq2
zaqatala
zaqwedcx
zaqwedcxs
zaqwedcxz
zaqwer123
zaqwer44
zaqwerfv
zaqwerty
zaqwerty2
zaqwexsd
zaqwsx11
zaqwsx12
zaqwsx123
zaqwsx6y
zaqwsxcd
zaqwsxcde
zaqwsxcde123
zaqwsxcde321
zaqwsxcderfv
zaqwsxcv
zaqwsxedc
zaqwsxzaqwsx
zaqwzaqw
zaqxsw123
zaqxsw21
zaqxswcd
zaqxswcde
zaqxswcde1
zaqxswcde123
zaqxswcdevfr
zaqzaqzaq
zaqzaqzaqz
zaqzaqzaqzaq
zara1947
zarabeth
zarafshan
zaragoza
zarathos
zarathus
zaratustra
zaraza123
zarazara
zarbazan
zard5411
zaripova
zarzard0
zasada11
zasada123
zasada666
zasada777
zasadazasada
zashibis
zasqdaxo
zasranec
zasranez
zasranka
zasszass
zasxcderfv
zasxcdfv
zasxzasx
zatmenie
zatoichi
zauberer
zauberma
zavialov1990
zaxarova
zaxscdvf
zaxscdvfbg
zaxxon72
zayden32
zazababa
zazazaza
zbi41n4s
zbigniew
zbnjkmrjz
zbxrb003
zcadqe13
zcar1122
zcbm1357
zcegthfynjif
zcfvfzcfvfz
zcfvfzcfvfzcfvfz
zcfvfzcxfcnkbdfz
zcfvfzkexifz
zcfvfzrhfcbdfz
zcfvsqkexibq
zcfvsqrhenjq
zcgihlke
zchhsm9z
zcjikfcevf
zcooking
zcxfcnkbd
zcxfcnkbdf
zcxfcnkbdfz
zcxvcbvn
zczrefrection
zdjhcmrbq
zdjhcrbq
zdktybt777
zdorovie
zdrjynfrnt
ze3751re
ze627292
zeal7878
zealot12
zealot4life
zealotas
zebadiah
zebra123
zebra666
zebrahea
zebrapad
zebrazebra
zecgtiyf
zeddicus
zedsdead
zedtenus
zedxcars
zeek1973
zeftyzef
zegikniet
zeilboot
zeitgeist
zekezeke
zekkez1996
zelda123
zelda722
zeldafan
zeldalin
zeldazel
zeleboba
zelenaya
zelenkov
zelenograd
zeliboba
zelieboy
zelinskiy
zemanova
zemeniite
zenanthr
zenanthrrt4
zeneter97
zenigata
zenislev
zenit123
zenit1983
zenit1984
zenit1990
zenit2007
zenit2008
zenit2010
zenit2011
zenitpiter
zenitram
zenitspb
zenk12000
zenmaste
zentauri
zentenos
zenyatta
zepellin
zepher23
zephyr12
zeppelin
zeppelin1
zepplin1
zepplins
zer0c00l
zer0cool
zerberus
zereack1
zergling
zerkofhell
zernograd
zero0000
zero1234
zerocool
zerohour
zerokewl
zerokool
zeron180
zeronada
zeroordie
zerozero
zerstoren
zertry13
zest5526433
zesyrmvu
zetabeta
zetazeta
zetnhjkm1
zeus1111
zeus2000
zeus7169
zeus7169-ladidadi
zeusman1
zeustazz
zeuszeus
zevfvslehjxrf
zexts364325
zezima123
zezima12345
zezimazezima
zezova29
zfvbh678
zg3tmt75rt
zghjcnjcegth
zghjcnjgfifujleyjd
zghtrhfcyf
zgj36246
zgjkyfzlehf
zgmf-x10a
zgmfx10a
zgxvgvzn
zh7mq1zigp
zhao9622109
zhaozhua
zhbr2010
zheccrbq
zheka123
zheka1997
zhendao11
zheng2568
zhenshen
zhenya123
zhenya1515
zhenya777
zhi2fge169
zhi71502
zhise9r99
zhitomir
zhjckfd2009
zhjckfd2010
zhjckfdf
zhjckfdkm
zhjckfdrf
zhjckfdyf
zhjckfdzhjckfd
zhjityrj
zhongguo
zhopazhopa
zhslezt2
zhuangzi
zhuravlik
zhyreh62
zi3fo2a7
zi6kpjuu
ziablw4u00bq
zidane05
zidane10
zielinski
ziemniak
ziga1488
ziganshin
zigazaga
zigazaga88
zigenare
zigeuner
ziggurat
ziggy001
ziggy123
ziggy8292
ziggydog
ziggyman
ziggyy65
ziggyzig
zigozago
zikyxinu
zildjian
ziliboba
zillion1
zillions
zilvinas
zima2008
zima2010
zima2011
zima2012
zimaleto
zimaletto
zimarules
zimazima
zimbabve
zimbabwe
zimmer483
zimmerma
zimmerman
zimmyzim
zimzum77
zina2011
zinal200
zinazina
zinedine
zinfande
zinger48
zingruss
zingzing
zinochka2
zinugar7
ziomek12
zioms111
ziontrain
zionzion
zipdrive
zipolite
zipper12
zippered
zipperhe
zipperma
zippo123
zipporah
zippy100
zippy123
zippy200
zips1234
zipsbucs
zipzip0916
zirconium
zispin30
zita1720
zitin8185
zitronus
ziveli23
zivykuvu
zizaziza
ziziphus
zizizizi
zizzybal
zjamzjam
zjhhjhkj
zjlyfnfrfz
zjses9evpa
zkenmitxtvns
zkf2s4n4
zkjkbot1
zks15712
zks157123
zksmzms1
zktcyn74ir
zktutylf
zl1motor
zlata123
zlata12345
zlata311
zlatazlata
zlatopiska
zlb123456
zlbvjy11
zldej102
zljdbnsq
zlodeivot88w3er
zlr96qld
zm656axa
zmdhtafy
zmey1986
zmichell
zmnation
zmoney22
zmpimeje
zms107sb41
zms7er6nzsr
zmxncbv123
zmxncbvv
zn87x54mxma
znakomstva
zndbv2z1
znex5626
znfrfzrfrfztcnm
znzpep97
zobrdjlrb1
zodiac12
zoe12345
zoetessa
zofingen
zogggggg
zoidberg
zoidomon
zolan1997
zolazola
zolituck
zolotareva
zolotaya
zoloto555
zoloto666
zolotova
zoltar29
zolter1992
zoltrix2
zolushka
zolushka1
zolushka11
zolushka122
zolushka13
zolushka15
zolushka18
zolushka2
zolushka31
zolushka4
zolushka5
zolushka6
zolushka66
zolushka7
zolushka71
zolushka8
zolushka95
zombie11
zombie12
zombie13
zombie19
zombie33
zombie66
zombie666
zombie69
zombyfarm
zona2000
zonazona
zondance
zone1234
zonezone
zonkzonk
zonneblo
zonnebloem
zonnetje
zoo45pyt
zoocrew1
zooey666
zookeepe
zooker33
zoolande
zoolander
zoolook1
zoolook137
zoom2000
zoom9999
zoomboom
zoomzoom
zoop1759
zoopsie2
zooropa1
zootecnia
zootropic
zootsuit
zooyork1
zopazopa
zorander
zorazora
zoreille
zorenia2
zorg12345
zorglub1
zorglub2
zorgo123
zorin796
zoroaster
zorozoro
zorprime
zorrillo
zorro001
zorro100
zorro123
zorro200
zorro555
zorro666
zorro777
zorrozor
zosozoso
zottegem
zozozozo
zp0xtffp
zpflhjn1
zpinhead
zplanebz
zpyf.gfhjkm
zq2tuojs
zqjphsyf6ctifgu
zqkbmn123
zqxctpqp
zqxwcevr
zqxwcevrbt
zrhenjqxedfr
zrhenjqxtk
zrhenjqxtk1
zrhfcbdfz
zrhfcfdbwf
zrhfcjnrf
zrjdktdf
zrjhjktdf
zrx1200r
zs3vs23zs3vs23
zs5d6eed
zscvgnjm
zse45rdx
zse45tgb
zse4rfvgy7
zse4xdr5
zsecyus56
zsedcftgb
zsexdrcft
zshjasas
zsqwax123
zsxd2222
zsxdcf12
zsxdcfvg
zsxdcfvgbh
zsxmr7sztmr
zszszszs
zt53eifk
ztn3tourney1
ztorture
zub8111993
zub97hen
zubaidah
zubareva
zubastik
zubikkaka
zucchero
zucchina
zucchini
zuckerbo
zuckerman
zuefh696
zuerich0
zufar1535
zufvbkfqn
zugzwang
zuka2268
zukinorita
zukkialo
zulfuqar
zulu1234
zulu2000
zuludawn
zuluking
zululand
zuluzulu
zulya1976
zuma2011
zumazuma
zunder11
zuniga11
zuokumor
zurbagan
zusammen
zutaosa8
zuurkool
zuz8ylj348
zuzanna1
zuzumymw
zv9wa2m8
zvbkkbjyth
zveroboy
zvetochek
zvezda0307
zvezda07
zvezda11
zvezda2010
zvezdochet
zvezdochka
zvezdohka
zvjkjltw
zvonarev
zvut6fja
zw3ijr9x
zwilling
zwt2sbzl
zx123123
zx123456
zx123456789
zx123456c
zx1254tanj
zx12as45
zx12cv34
zx12zx12
zx24101989
zx42635942
zx435430
zx454888ebay
zx6ninja
zx7r7488
zxasqw12
zxasqw123
zxasqw1986
zxaszxas
zxc123321
zxc12345
zxc123456
zxc123456789
zxc123asd
zxc123asd456
zxc123cxz
zxc123qwe
zxc123vbn
zxc123zxc
zxc123zxc123
zxc147852
zxcasd12
zxcasd123
zxcasd1234
zxcasdqw
zxcasdqwe
zxcasdqwe1
zxcasdqwe12
zxcasdqwe123
zxcasdzxc
zxccxz85265493
zxcdsa123
zxcdsaqwe
zxcdsaqwe321
zxcdsaqwerfv
zxcmnb1209
zxcqwe12
zxcqwe123
zxcqweasd
zxcv0987
zxcv1234
zxcv12345
zxcv123456
zxcv2000
zxcv2345
zxcv4321
zxcvaq11
zxcvasdf
zxcvasdfqwer
zxcvasqw
zxcvb09876
zxcvb123
zxcvb1234
zxcvb12345
zxcvb159
zxcvb2000
zxcvbasdfg
zxcvbbvcxz
zxcvbn01
zxcvbn09
zxcvbn11
zxcvbn12
zxcvbn123
zxcvbn1234
zxcvbn12345
zxcvbn123456
zxcvbn22
zxcvbn3215
zxcvbn42
zxcvbn67
zxcvbn96
zxcvbn99
zxcvbnasdfgh
zxcvbnm.
zxcvbnm0
zxcvbnm00
zxcvbnm01
zxcvbnm1
zxcvbnm10
zxcvbnm11
zxcvbnm12
zxcvbnm123
zxcvbnm1234
zxcvbnm12345
zxcvbnm123456
zxcvbnm1234567
zxcvbnm12345678
zxcvbnm123456789
zxcvbnm1234567890
zxcvbnm13
zxcvbnm2
zxcvbnm2010
zxcvbnm21
zxcvbnm29
zxcvbnm3
zxcvbnm4
zxcvbnm7
zxcvbnm777
zxcvbnm8
zxcvbnm9
zxcvbnma
zxcvbnmas
zxcvbnmasd
zxcvbnmasdf
zxcvbnmasdfghj
zxcvbnmasdfghjkl
zxcvbnml
zxcvbnmm
zxcvbnmmnbvcxz
zxcvbnmnbvcxz
zxcvbnmz
zxcvbnmzxcvbnm
zxcvbnzxcvbn
zxcvbqwert
zxcvbrewq
zxcvbzxcvb
zxcvfdsa
zxcvqwer
zxcvvcxz
zxcvzxcv
zxcvzxcvzxcv
zxczxc123
zxczxc21
zxczxc435
zxczxczxc
zxmn1209
zxq1315e
zxsder45
zxsw2345
zxtvgbjy
zxty86e3
zxv10w300
zxzxzxzx
zxzxzxzx1
zxzxzxzxzxzx
zydfhcrfz27
zydfhm20
zydfhm2011
zyerjdbx
zyfcegth
zygomatic
zyjwrprscnwv
zylstra13
zymaraki
zytfyutk
zyxel111
zyxel72k51
zyxelp600
zyxwvuts
zyzzx15i
zz010203
zz112233
zz11xx22
zz121312
zz123123
zz123321
zz123456
zz1253303
zz19911991
zz3345hp
zz5429215
zz77rap77zz
zz8807zpl
zz95zz07
zzaaqq11
zzaaxxss
zzar5058
zzdkayla13
zzgundam
zztmerig
zztops99
zzw30mr2
zzxxccvv
zzxxccvvbb
zzxxzzxx
zzz12345
zzz123zzz
zzz2qmpq
zzz333zzz
zzz666zzz
zzz777zzz
zzzaaaqqq
zzzaaazzzh
zzzm4rr666
zzzxxxccc
zzzxxxcccvvv
zzzz0000
zzzz1111
zzzz1234
zzzz4444
zzzzfitt
zzzzxxxx
zzzzz11111
zzzzz12345
zzzzz55555
zzzzzxxxxx
zzzzzz11
zzzzzz123
zzzzzzz1
zzzzzzzz
zzzzzzzzx
zzzzzzzzz
zzzzzzzzzz
zzzzzzzzzzz
zzzzzzzzzzzz
~censored~
